사고번호,사고일시,요일,시군구,사고내용,사망자수,중상자수,경상자수,부상신고자수,사고유형,법규위반,노면상태,기상상태,도로형태,가해운전자 차종,가해운전자 성별,가해운전자 연령,가해운전자 상해정도,피해운전자 차종,피해운전자 성별,피해운전자 연령,피해운전자 상해정도
2013012500100196,2013년 1월 25일 12시,금요일,전라북도 익산시 어양동,경상사고,0,0,1,0,차대차 - 측면직각충돌,안전운전불이행,건조,맑음,단일로 - 기타,승용,여,44세,상해없음,이륜,남,72세,경상
2013012500100216,2013년 1월 25일 13시,금요일,전라북도 전주시 덕진구 진북동,경상사고,0,0,2,0,차대차 - 추돌 - 주정차중,안전운전불이행,건조,맑음,단일로 - 기타,승합,남,51세,상해없음,승용,여,33세,경상
2013012500100217,2013년 1월 25일 13시,금요일,전라북도 남원시 사매면,중상사고,0,1,1,0,차대차 - 측면직각충돌,직진우회전진행방해,건조,맑음,교차로 - 교차로안,승용,남,61세,상해없음,화물,남,56세,경상
2013012500100218,2013년 1월 25일 13시,금요일,전라북도 부안군 부안읍,경상사고,0,0,4,0,차대차 - 측면직각충돌,불법유턴,건조,맑음,교차로 - 교차로부근,승용,남,57세,상해없음,승용,남,50세,경상
2013012500100219,2013년 1월 25일 13시,금요일,전라북도 완주군 삼례읍,중상사고,0,1,2,1,차대차 - 측면직각충돌,안전운전불이행,건조,맑음,단일로 - 기타,승용,여,60세,경상,화물,남,46세,부상신고
2013012500100261,2013년 1월 25일 15시,금요일,전라북도 전주시 완산구 서신동,경상사고,0,0,1,0,차대사람 - 기타,보행자보호의무위반,건조,맑음,단일로 - 기타,승용,남,42세,상해없음,보행자,남,10세,경상
2013012500100287,2013년 1월 25일 16시,금요일,전라북도 전주시 완산구 중화산동2가,경상사고,0,0,1,0,차대사람 - 기타,안전운전불이행,건조,맑음,단일로 - 기타,승용,여,25세,상해없음,보행자,여,55세,경상
2013012500100319,2013년 1월 25일 17시,금요일,전라북도 익산시 신동,경상사고,0,0,1,0,차대차 - 측면직각충돌,안전운전불이행,건조,맑음,단일로 - 기타,화물,남,35세,상해없음,이륜,남,40세,경상
2013012500100355,2013년 1월 25일 18시,금요일,전라북도 전주시 완산구 서신동,경상사고,0,0,1,0,차대차 - 정면충돌,중앙선침범,건조,맑음,교차로 - 교차로부근,승용,남,41세,상해없음,승용,남,70세,경상
2013012500100356,2013년 1월 25일 18시,금요일,전라북도 전주시 완산구 효자동1가,경상사고,0,0,1,0,차대사람 - 기타,안전운전불이행,건조,맑음,교차로 - 교차로안,기타불명,기타불명,기타불명,기타불명,보행자,여,80세,경상
2013012500100388,2013년 1월 25일 19시,금요일,전라북도 부안군 행안면,중상사고,0,1,0,0,차대사람 - 횡단중,안전운전불이행,건조,맑음,단일로 - 기타,화물,남,33세,상해없음,보행자,남,61세,중상
2013012500100419,2013년 1월 25일 20시,금요일,전라북도 군산시 나운동,경상사고,0,0,1,0,차대차 - 추돌 - 주정차중,안전운전불이행,건조,맑음,교차로 - 교차로부근,승용,남,27세,상해없음,승용,남,42세,경상
2013012500100420,2013년 1월 25일 20시,금요일,전라북도 군산시 수송동,경상사고,0,0,4,0,차대차 - 기타,중앙선침범,건조,맑음,단일로 - 기타,승용,여,35세,경상,화물,남,53세,경상
2013012500100421,2013년 1월 25일 20시,금요일,전라북도 정읍시 북면,중상사고,0,1,0,0,차대사람 - 기타,보행자보호의무위반,건조,흐림,단일로 - 기타,승용,여,41세,상해없음,보행자,남,67세,중상
2013012500100476,2013년 1월 25일 22시,금요일,전라북도 군산시 조촌동,경상사고,0,0,3,0,차대차 - 기타,신호위반,습기,기타,교차로 - 교차로안,승용,남,27세,경상,승용,여,22세,경상
2013012600100019,2013년 1월 26일 00시,토요일,전라북도 전주시 덕진구 호성동1가,경상사고,0,0,1,0,차대차 - 기타,안전운전불이행,건조,맑음,교차로 - 교차로안,승용,남,31세,상해없음,승용,남,43세,경상
2013012600100079,2013년 1월 26일 03시,토요일,전라북도 전주시 완산구 중화산동2가,중상사고,0,1,0,0,차대차 - 기타,교차로운행방법위반,건조,맑음,교차로 - 교차로안,승용,남,50세,상해없음,원동기,남,31세,중상
2013012600100091,2013년 1월 26일 04시,토요일,전라북도 전주시 완산구 중화산동2가,경상사고,0,0,3,0,차대차 - 기타,안전거리미확보,건조,맑음,단일로 - 기타,승용,남,21세,상해없음,승용,남,23세,경상
2013012600100127,2013년 1월 26일 08시,토요일,전라북도 전주시 덕진구 여의동,경상사고,0,0,2,0,차대차 - 추돌 - 진행중,안전운전불이행,건조,맑음,교차로 - 교차로부근,승용,남,65세,상해없음,승용,남,61세,경상
2013012600100152,2013년 1월 26일 09시,토요일,전라북도 전주시 완산구 태평동,중상사고,0,1,0,0,차대사람 - 횡단중,과속,건조,맑음,단일로 - 횡단보도부근,승용,남,47세,상해없음,보행자,여,65세,중상
2013012600100153,2013년 1월 26일 09시,토요일,전라북도 익산시 영등동,경상사고,0,0,2,0,차대차 - 정면충돌,신호위반,건조,맑음,교차로 - 교차로안,승용,남,49세,상해없음,화물,남,47세,경상
2013012600100258,2013년 1월 26일 14시,토요일,전라북도 전주시 완산구 고사동,경상사고,0,0,2,0,차대차 - 추돌 - 주정차중,안전거리미확보,건조,맑음,단일로 - 기타,승용,기타불명,기타불명,기타불명,승용,남,68세,상해없음
2013012600100259,2013년 1월 26일 14시,토요일,전라북도 전주시 덕진구 진북동,경상사고,0,0,2,0,차대차 - 측면직각충돌,신호위반,건조,맑음,교차로 - 교차로안,승용,남,42세,상해없음,화물,남,60세,경상
2013012600100285,2013년 1월 26일 15시,토요일,전라북도 부안군 변산면,경상사고,0,0,1,0,차대차 - 측면직각충돌,교차로운행방법위반,건조,맑음,교차로 - 교차로안,승합,여,53세,상해없음,승용,남,46세,경상
2013012600100329,2013년 1월 26일 17시,토요일,전라북도 군산시 소룡동,경상사고,0,0,1,0,차대차 - 측면직각충돌,중앙선침범,건조,맑음,단일로 - 기타,승용,남,68세,상해없음,화물,남,22세,경상
2013012600100330,2013년 1월 26일 17시,토요일,전라북도 익산시 함열읍,경상사고,0,0,1,0,차대차 - 측면직각충돌,신호위반,건조,맑음,교차로 - 교차로안,건설기계,남,55세,상해없음,승용,남,39세,경상
2013012600100359,2013년 1월 26일 18시,토요일,전라북도 전주시 덕진구 반월동,경상사고,0,0,1,0,차대차 - 추돌 - 주정차중,안전운전불이행,건조,맑음,단일로 - 기타,화물,남,68세,상해없음,승용,여,55세,경상
2013012600100360,2013년 1월 26일 18시,토요일,전라북도 군산시 경장동,경상사고,0,0,1,0,차대차 - 기타,안전거리미확보,건조,맑음,단일로 - 기타,승용,남,71세,상해없음,승용,남,79세,경상
2013012600100361,2013년 1월 26일 18시,토요일,전라북도 군산시 수송동,경상사고,0,0,1,0,차대차 - 기타,신호위반,건조,맑음,교차로 - 교차로안,승용,남,32세,상해없음,승용,남,48세,경상
2013012600100388,2013년 1월 26일 19시,토요일,전라북도 전주시 완산구 효자동1가,경상사고,0,0,2,0,차대차 - 기타,안전운전불이행,건조,맑음,단일로 - 기타,승용,남,39세,상해없음,승용,남,40세,경상
2013012600100389,2013년 1월 26일 19시,토요일,전라북도 전주시 덕진구 금암동,경상사고,0,0,1,0,차대차 - 측면직각충돌,중앙선침범,건조,맑음,교차로 - 교차로부근,승용,여,49세,상해없음,승용,남,22세,경상
2013012600100390,2013년 1월 26일 19시,토요일,전라북도 정읍시 정우면,경상사고,0,0,1,0,차대차 - 정면충돌,중앙선침범,건조,맑음,교차로 - 교차로안,승용,여,40세,상해없음,승용,여,56세,경상
2013012600100437,2013년 1월 26일 21시,토요일,전라북도 전주시 완산구 중화산동1가,경상사고,0,0,1,0,차대차 - 추돌 - 주정차중,안전운전불이행,건조,맑음,교차로 - 교차로부근,승용,남,43세,상해없음,승용,남,28세,경상
2013012600100438,2013년 1월 26일 21시,토요일,전라북도 전주시 덕진구 덕진동1가,중상사고,0,1,1,0,차대차 - 측면직각충돌,신호위반,건조,맑음,교차로 - 교차로안,승합,남,55세,상해없음,승용,여,30세,경상
2013012700100027,2013년 1월 27일 01시,일요일,전라북도 정읍시 상동,경상사고,0,0,1,0,차대차 - 측면직각충돌,중앙선침범,건조,맑음,교차로 - 교차로부근,승용,남,21세,경상,승용,남,24세,상해없음
2013012700100127,2013년 1월 27일 09시,일요일,전라북도 고창군 심원면,중상사고,0,2,0,0,차대차 - 정면충돌,중앙선침범,적설,눈,단일로 - 기타,승용,남,63세,중상,화물,남,55세,상해없음
2013012700100139,2013년 1월 27일 10시,일요일,전라북도 김제시 황산면,경상사고,0,0,2,0,차대차 - 측면직각충돌,신호위반,습기,맑음,교차로 - 교차로안,승용,여,46세,상해없음,승용,남,52세,경상
2013012700100178,2013년 1월 27일 12시,일요일,전라북도 부안군 변산면,중상사고,0,2,0,0,차대차 - 측면직각충돌,중앙선침범,습기,눈,교차로 - 교차로안,승용,남,62세,상해없음,승용,남,26세,중상
2013012700100214,2013년 1월 27일 14시,일요일,전라북도 군산시 경암동,중상사고,0,1,0,0,차대사람 - 횡단중,안전운전불이행,건조,맑음,교차로 - 교차로안,승합,남,45세,상해없음,보행자,남,55세,중상
2013012700100215,2013년 1월 27일 14시,일요일,전라북도 익산시 부송동,경상사고,0,0,2,0,차대차 - 측면직각충돌,신호위반,건조,맑음,교차로 - 교차로안,승용,남,38세,상해없음,승용,남,29세,경상
2013012700100216,2013년 1월 27일 14시,일요일,전라북도 김제시 검산동,경상사고,0,0,1,0,차대사람 - 횡단중,보행자보호의무위반,건조,맑음,단일로 - 횡단보도상,화물,남,49세,상해없음,보행자,남,44세,경상
2013012700100217,2013년 1월 27일 14시,일요일,전라북도 남원시 동충동,경상사고,0,0,3,0,차대차 - 측면직각충돌,직진우회전진행방해,건조,맑음,교차로 - 교차로안,승용,남,44세,상해없음,화물,남,76세,경상
2013012700100255,2013년 1월 27일 16시,일요일,전라북도 전주시 완산구 중화산동2가,경상사고,0,0,1,0,차대차 - 측면직각충돌,안전거리미확보,건조,맑음,단일로 - 기타,승용,여,34세,상해없음,승용,남,57세,경상
2013012700100256,2013년 1월 27일 16시,일요일,전라북도 전주시 덕진구 덕진동1가,경상사고,0,0,1,0,차대차 - 기타,기타,건조,맑음,단일로 - 기타,승합,남,67세,상해없음,자전거,남,82세,경상
2013012700100257,2013년 1월 27일 16시,일요일,전라북도 익산시 모현동1가,경상사고,0,0,3,0,차대차 - 추돌 - 진행중,안전운전불이행,건조,맑음,교차로 - 교차로안,승용,남,55세,상해없음,승용,남,39세,경상
2013012700100258,2013년 1월 27일 16시,일요일,전라북도 익산시 망성면,경상사고,0,0,1,1,차대차 - 측면직각충돌,안전운전불이행,건조,맑음,단일로 - 기타,화물,남,63세,상해없음,승용,여,46세,경상
2013012700100279,2013년 1월 27일 17시,일요일,전라북도 군산시 미장동,경상사고,0,0,2,0,차대차 - 추돌 - 진행중,안전거리미확보,건조,맑음,교차로 - 교차로부근,승용,남,46세,상해없음,승용,여,37세,경상
2013012700100321,2013년 1월 27일 19시,일요일,전라북도 익산시 웅포면,중상사고,0,1,0,0,차대사람 - 차도통행중,안전운전불이행,건조,맑음,단일로 - 기타,승합,여,58세,상해없음,보행자,남,75세,중상
2013012700100363,2013년 1월 27일 21시,일요일,전라북도 익산시 신동,중상사고,0,2,0,0,차대차 - 측면직각충돌,신호위반,건조,맑음,교차로 - 교차로안,승용,남,51세,상해없음,화물,남,45세,상해없음
2013012700100377,2013년 1월 27일 22시,일요일,전라북도 군산시 산북동,경상사고,0,0,1,0,차대차 - 정면충돌,중앙선침범,건조,맑음,교차로 - 교차로부근,승용,남,49세,상해없음,원동기,남,17세,경상
2013012800100021,2013년 1월 28일 01시,월요일,전라북도 군산시 지곡동,경상사고,0,0,3,0,차대차 - 추돌 - 주정차중,안전운전불이행,건조,맑음,교차로 - 교차로부근,승용,남,43세,상해없음,승용,남,21세,경상
2013012800100047,2013년 1월 28일 06시,월요일,전라북도 전주시 덕진구 덕진동1가,사망사고,1,0,0,0,차대사람 - 차도통행중,안전운전불이행,건조,맑음,단일로 - 기타,화물,남,50세,상해없음,보행자,남,71세,사망
2013012800100065,2013년 1월 28일 07시,월요일,전라북도 전주시 덕진구 인후동1가,경상사고,0,0,1,0,차대사람 - 횡단중,안전운전불이행,건조,맑음,교차로 - 교차로부근,승용,여,49세,상해없음,보행자,여,74세,경상
2013012800100066,2013년 1월 28일 07시,월요일,전라북도 군산시 경암동,경상사고,0,0,1,0,차대차 - 측면직각충돌,신호위반,건조,맑음,교차로 - 교차로안,원동기,남,77세,경상,승용,여,45세,상해없음
2013012800100099,2013년 1월 28일 08시,월요일,전라북도 전주시 완산구 중노송동,경상사고,0,0,1,0,차대사람 - 기타,안전운전불이행,건조,맑음,단일로 - 기타,승용,남,43세,상해없음,보행자,남,51세,경상
2013012800100116,2013년 1월 28일 09시,월요일,전라북도 익산시 부송동,경상사고,0,0,2,0,차대차 - 측면직각충돌,신호위반,건조,맑음,교차로 - 교차로부근,승용,남,53세,상해없음,승용,남,19세,경상
2013012800100117,2013년 1월 28일 09시,월요일,전라북도 무주군 설천면,경상사고,0,0,2,0,차대차 - 측면직각충돌,신호위반,건조,맑음,교차로 - 교차로안,승합,남,22세,상해없음,승용,남,38세,경상
2013012800100146,2013년 1월 28일 10시,월요일,전라북도 익산시 부송동,경상사고,0,0,1,0,차대차 - 측면직각충돌,안전운전불이행,건조,맑음,교차로 - 교차로안,승용,남,53세,상해없음,승용,여,51세,경상
2013012800100147,2013년 1월 28일 10시,월요일,전라북도 익산시 신동,경상사고,0,0,1,0,차대차 - 측면직각충돌,안전거리미확보,건조,맑음,단일로 - 기타,화물,남,31세,상해없음,승용,남,50세,상해없음
2013012800100230,2013년 1월 28일 14시,월요일,전라북도 완주군 봉동읍,중상사고,0,1,0,0,차대사람 - 횡단중,안전운전불이행,건조,맑음,교차로 - 교차로부근,승용,여,33세,상해없음,보행자,남,13세,중상
2013012800100255,2013년 1월 28일 15시,월요일,전라북도 군산시 나운동,경상사고,0,0,2,0,차대차 - 추돌 - 주정차중,안전운전불이행,건조,맑음,교차로 - 교차로부근,승용,남,52세,상해없음,승용,여,38세,경상
2013012800100256,2013년 1월 28일 15시,월요일,전라북도 남원시 아영면,중상사고,0,1,0,0,차대차 - 기타,중앙선침범,건조,맑음,단일로 - 기타,승용,남,81세,상해없음,승용,남,28세,상해없음
2013012800100305,2013년 1월 28일 17시,월요일,전라북도 김제시 검산동,사망사고,1,0,0,0,차대차 - 측면직각충돌,직진우회전진행방해,건조,맑음,교차로 - 교차로안,원동기,남,70세,사망,승합,남,50세,상해없음
2013012800100339,2013년 1월 28일 18시,월요일,전라북도 정읍시 시기동,경상사고,0,0,1,0,차량단독 - 기타,안전운전불이행,건조,맑음,단일로 - 기타,자전거,남,68세,경상,,,,
2013012800100375,2013년 1월 28일 19시,월요일,전라북도 김제시 난봉동,경상사고,0,0,2,0,차대차 - 추돌 - 주정차중,안전운전불이행,건조,맑음,단일로 - 기타,승용,남,35세,상해없음,승용,남,58세,경상
2013012800100400,2013년 1월 28일 20시,월요일,전라북도 정읍시 신태인읍,경상사고,0,0,1,0,차대차 - 측면직각충돌,불법유턴,건조,맑음,단일로 - 기타,화물,남,18세,상해없음,승합,남,29세,경상
2013012800100428,2013년 1월 28일 21시,월요일,전라북도 전주시 덕진구 송천동1가,경상사고,0,0,1,0,차대차 - 측면직각충돌,안전운전불이행,건조,맑음,교차로 - 교차로부근,승용,남,42세,상해없음,자전거,남,14세,경상
2013012800100450,2013년 1월 28일 22시,월요일,전라북도 익산시 모현동1가,중상사고,0,1,0,0,차대사람 - 횡단중,보행자보호의무위반,건조,맑음,교차로 - 교차로안,승용,남,53세,상해없음,보행자,남,48세,중상
2013012800100470,2013년 1월 28일 23시,월요일,전라북도 군산시 수송동,경상사고,0,0,1,0,차대차 - 기타,안전운전불이행,건조,맑음,교차로 - 교차로부근,승용,남,37세,상해없음,승용,남,29세,기타불명
2013012900100030,2013년 1월 29일 01시,화요일,전라북도 전주시 완산구 서신동,중상사고,0,1,2,0,차량단독 - 기타,안전운전불이행,건조,맑음,교차로 - 교차로부근,승용,남,25세,상해없음,,,,
2013012900100079,2013년 1월 29일 06시,화요일,전라북도 전주시 완산구 서완산동1가,중상사고,0,4,3,0,차대차 - 정면충돌,중앙선침범,건조,맑음,단일로 - 기타,승용,남,23세,중상,승용,남,71세,경상
2013012900100080,2013년 1월 29일 06시,화요일,전라북도 군산시 소룡동,중상사고,0,1,0,0,차대사람 - 횡단중,안전운전불이행,건조,맑음,교차로 - 교차로부근,승용,남,52세,상해없음,보행자,남,58세,중상
2013012900100081,2013년 1월 29일 06시,화요일,전라북도 정읍시 시기동,중상사고,0,1,0,0,차대사람 - 횡단중,안전운전불이행,건조,맑음,교차로 - 교차로안,승용,여,41세,상해없음,보행자,남,60세,중상
2013012900100102,2013년 1월 29일 07시,화요일,전라북도 군산시 성산면,경상사고,0,0,7,0,차량단독 - 전도전복,안전운전불이행,건조,맑음,교차로 - 교차로부근,승합,남,56세,상해없음,,,,
2013012900100103,2013년 1월 29일 07시,화요일,전라북도 익산시 영등동,경상사고,0,0,4,0,차대차 - 기타,안전운전불이행,건조,맑음,단일로 - 기타,이륜,남,66세,상해없음,화물,남,58세,상해없음
2013012900100140,2013년 1월 29일 09시,화요일,전라북도 완주군 이서면,중상사고,0,1,0,0,차대차 - 측면직각충돌,신호위반,건조,맑음,교차로 - 교차로안,승용,남,63세,상해없음,승용,남,50세,중상
2013012900100156,2013년 1월 29일 10시,화요일,전라북도 군산시 내초동,경상사고,0,0,1,0,차대차 - 추돌 - 진행중,안전거리미확보,건조,맑음,단일로 - 기타,승용,남,51세,상해없음,화물,남,51세,경상
2013012900100157,2013년 1월 29일 10시,화요일,전라북도 정읍시 연지동,사망사고,1,0,0,0,차량단독 - 기타,안전운전불이행,건조,맑음,교차로 - 교차로부근,원동기,남,75세,사망,,,,
2013012900100158,2013년 1월 29일 10시,화요일,전라북도 김제시 성덕면,경상사고,0,0,2,0,차대차 - 측면직각충돌,안전운전불이행,건조,맑음,교차로 - 교차로안,승용,남,47세,상해없음,화물,여,50세,경상
2013012900100195,2013년 1월 29일 12시,화요일,전라북도 군산시 대야면,경상사고,0,0,1,0,차대차 - 기타,기타,건조,맑음,교차로 - 교차로안,기타불명,기타불명,기타불명,기타불명,이륜,남,41세,경상
2013012900100196,2013년 1월 29일 12시,화요일,전라북도 익산시 금강동,경상사고,0,0,1,0,차대차 - 측면직각충돌,신호위반,건조,맑음,교차로 - 교차로안,승용,여,30세,상해없음,화물,남,52세,경상
2013012900100247,2013년 1월 29일 14시,화요일,전라북도 전주시 덕진구 금암동,경상사고,0,0,1,0,차대차 - 추돌 - 진행중,안전거리미확보,건조,맑음,단일로 - 기타,승용,남,70세,상해없음,화물,남,28세,경상
2013012900100287,2013년 1월 29일 16시,화요일,전라북도 전주시 덕진구 진북동,경상사고,0,0,2,0,차대차 - 측면직각충돌,신호위반,건조,맑음,교차로 - 교차로안,이륜,남,24세,상해없음,승용,여,50세,경상
2013012900100288,2013년 1월 29일 16시,화요일,전라북도 군산시 조촌동,중상사고,0,1,0,0,차대사람 - 횡단중,안전운전불이행,건조,맑음,단일로 - 기타,승용,여,52세,상해없음,보행자,여,79세,중상
2013012900100310,2013년 1월 29일 17시,화요일,전라북도 김제시 금산면,경상사고,0,0,1,0,차대차 - 측면직각충돌,직진우회전진행방해,건조,맑음,교차로 - 교차로안,화물,남,55세,상해없음,원동기,남,73세,경상
2013012900100342,2013년 1월 29일 18시,화요일,전라북도 전주시 완산구 효자동3가,경상사고,0,0,1,0,차대차 - 정면충돌,신호위반,건조,맑음,교차로 - 교차로안,승용,남,59세,상해없음,원동기,남,54세,경상
2013012900100343,2013년 1월 29일 18시,화요일,전라북도 군산시 나운동,경상사고,0,0,2,0,차대차 - 측면직각충돌,신호위반,건조,맑음,교차로 - 교차로안,승용,남,59세,상해없음,승용,남,51세,경상
2013012900100344,2013년 1월 29일 18시,화요일,전라북도 익산시 금마면,경상사고,0,0,2,0,차대차 - 측면직각충돌,직진우회전진행방해,건조,맑음,교차로 - 교차로부근,승용,남,31세,상해없음,승용,남,55세,경상
2013012900100374,2013년 1월 29일 19시,화요일,전라북도 전주시 덕진구 송천동2가,경상사고,0,0,2,0,차대차 - 추돌 - 진행중,안전운전불이행,건조,맑음,단일로 - 기타,승용,남,51세,상해없음,승용,남,36세,경상
2013012900100375,2013년 1월 29일 19시,화요일,전라북도 익산시 어양동,중상사고,0,1,0,0,차대차 - 측면직각충돌,신호위반,건조,맑음,교차로 - 교차로안,승용,남,38세,상해없음,승용,남,43세,중상
2013012900100396,2013년 1월 29일 20시,화요일,전라북도 군산시 미룡동,경상사고,0,0,2,0,차대차 - 추돌 - 주정차중,안전거리미확보,건조,맑음,교차로 - 교차로부근,승용,남,48세,상해없음,승용,남,40세,경상
2013012900100451,2013년 1월 29일 22시,화요일,전라북도 전주시 완산구 평화동1가,경상사고,0,0,1,0,차대사람 - 횡단중,안전운전불이행,건조,맑음,단일로 - 횡단보도상,승용,남,62세,상해없음,보행자,남,33세,경상
2013013000100016,2013년 1월 30일 00시,수요일,전라북도 전주시 완산구 서신동,경상사고,0,0,1,0,차대차 - 기타,안전운전불이행,건조,맑음,단일로 - 기타,화물,남,48세,상해없음,원동기,남,18세,경상
2013013000100017,2013년 1월 30일 00시,수요일,전라북도 전주시 완산구 중화산동2가,경상사고,0,0,5,0,차대차 - 추돌 - 주정차중,안전운전불이행,건조,맑음,교차로 - 교차로부근,승용,남,32세,상해없음,승용,여,30세,경상
2013013000100018,2013년 1월 30일 00시,수요일,전라북도 남원시 아영면,사망사고,1,0,0,0,차량단독 - 도로외이탈 - 추락,안전운전불이행,결빙,맑음,단일로 - 기타,화물,남,28세,사망,,,,
2013013000100045,2013년 1월 30일 02시,수요일,전라북도 군산시 수송동,경상사고,0,0,2,0,차량단독 - 공작물충돌,안전운전불이행,건조,맑음,교차로 - 교차로안,승용,여,40세,상해없음,,,,
2013013000100114,2013년 1월 30일 07시,수요일,전라북도 전주시 완산구 삼천동1가,중상사고,0,1,0,0,차대사람 - 기타,보행자보호의무위반,건조,맑음,교차로 - 교차로안,승용,여,44세,상해없음,보행자,여,53세,중상
2013013000100115,2013년 1월 30일 07시,수요일,전라북도 전주시 덕진구 덕진동1가,경상사고,0,0,1,0,차대사람 - 횡단중,보행자보호의무위반,건조,맑음,교차로 - 교차로부근,승용,남,51세,상해없음,보행자,남,59세,경상
2013013000100146,2013년 1월 30일 08시,수요일,전라북도 전주시 덕진구 호성동1가,중상사고,0,2,1,0,차대차 - 측면직각충돌,안전운전불이행,결빙,맑음,단일로 - 기타,화물,남,40세,경상,화물,남,42세,중상
2013013000100190,2013년 1월 30일 10시,수요일,전라북도 전주시 완산구 태평동,경상사고,0,0,1,0,차대차 - 기타,중앙선침범,건조,맑음,단일로 - 기타,승용,여,45세,상해없음,이륜,남,70세,경상
2013013000100237,2013년 1월 30일 12시,수요일,전라북도 정읍시 상동,경상사고,0,0,1,0,차대차 - 기타,기타,건조,맑음,교차로 - 교차로안,이륜,남,42세,경상,승용,남,62세,상해없음
2013013000100238,2013년 1월 30일 12시,수요일,전라북도 김제시 요촌동,중상사고,0,1,0,0,차대차 - 측면직각충돌,직진우회전진행방해,건조,맑음,교차로 - 교차로안,승용,여,63세,상해없음,이륜,남,64세,중상
2013013000100239,2013년 1월 30일 12시,수요일,전라북도 고창군 고창읍,중상사고,0,1,0,0,차대차 - 추돌 - 진행중,안전운전불이행,건조,맑음,단일로 - 기타,화물,남,71세,상해없음,원동기,남,72세,중상
2013013000100305,2013년 1월 30일 15시,수요일,전라북도 군산시 나운동,경상사고,0,0,1,0,차대사람 - 기타,안전운전불이행,건조,흐림,단일로 - 기타,승용,기타불명,기타불명,기타불명,보행자,여,65세,경상
2013013000100306,2013년 1월 30일 15시,수요일,전라북도 익산시 금마면,중상사고,0,1,0,0,차대차 - 측면직각충돌,안전운전불이행,건조,맑음,교차로 - 교차로안,화물,남,57세,상해없음,자전거,남,67세,중상
2013013000100354,2013년 1월 30일 17시,수요일,전라북도 전주시 완산구 효자동3가,경상사고,0,0,1,0,차대차 - 기타,안전운전불이행,건조,맑음,교차로 - 교차로안,승용,여,35세,상해없음,승용,남,66세,경상
2013013000100355,2013년 1월 30일 17시,수요일,전라북도 전주시 완산구 효자동2가,경상사고,0,0,2,0,차대차 - 기타,안전운전불이행,건조,맑음,단일로 - 기타,승용,여,20세,상해없음,승용,남,38세,경상
2013013000100356,2013년 1월 30일 17시,수요일,전라북도 전주시 덕진구 덕진동1가,경상사고,0,0,1,0,차대사람 - 차도통행중,안전운전불이행,건조,맑음,단일로 - 기타,이륜,남,23세,상해없음,보행자,여,38세,경상
2013013000100396,2013년 1월 30일 18시,수요일,전라북도 장수군 천천면,중상사고,0,1,0,0,차대사람 - 횡단중,안전운전불이행,건조,맑음,기타 - 기타,화물,남,54세,상해없음,보행자,여,70세,중상
2013013000100432,2013년 1월 30일 19시,수요일,전라북도 전주시 덕진구 호성동3가,경상사고,0,0,1,0,차대사람 - 차도통행중,안전운전불이행,건조,맑음,단일로 - 기타,승용,남,50세,상해없음,보행자,남,55세,경상
2013013000100433,2013년 1월 30일 19시,수요일,전라북도 익산시 황등면,중상사고,0,1,0,0,차대사람 - 기타,중앙선침범,건조,맑음,단일로 - 기타,원동기,남,17세,상해없음,보행자,남,53세,중상
2013013000100434,2013년 1월 30일 19시,수요일,전라북도 순창군 복흥면,중상사고,0,1,2,0,차대차 - 추돌 - 진행중,안전운전불이행,건조,맑음,단일로 - 기타,화물,남,51세,경상,농기계,남,68세,경상
2013013100100037,2013년 1월 31일 02시,목요일,전라북도 전주시 완산구 효자동3가,경상사고,0,0,2,0,차대차 - 기타,교차로운행방법위반,건조,맑음,교차로 - 교차로안,승용,여,39세,상해없음,승용,남,46세,경상
2013013100100048,2013년 1월 31일 03시,목요일,전라북도 전주시 덕진구 금암동,경상사고,0,0,2,0,차대차 - 추돌 - 주정차중,안전운전불이행,건조,맑음,단일로 - 기타,승용,남,59세,경상,승용,남,24세,경상
2013013100100055,2013년 1월 31일 04시,목요일,전라북도 군산시 내초동,경상사고,0,0,1,0,차량단독 - 공작물충돌,안전운전불이행,건조,맑음,교차로 - 교차로부근,승용,남,29세,상해없음,,,,
2013013100100073,2013년 1월 31일 06시,목요일,전라북도 군산시 오식도동,중상사고,0,1,1,0,차대차 - 측면직각충돌,불법유턴,건조,맑음,교차로 - 교차로안,화물,남,47세,경상,화물,남,53세,중상
2013013100100074,2013년 1월 31일 06시,목요일,전라북도 익산시 마동,경상사고,0,0,2,0,차대차 - 측면직각충돌,중앙선침범,건조,맑음,단일로 - 기타,승합,남,53세,상해없음,승용,남,37세,경상
2013013100100145,2013년 1월 31일 08시,목요일,전라북도 군산시 명산동,경상사고,0,0,1,0,차대사람 - 횡단중,안전운전불이행,건조,맑음,교차로 - 교차로안,승용,여,50세,상해없음,보행자,남,46세,경상
2013013100100177,2013년 1월 31일 09시,목요일,전라북도 장수군 번암면,중상사고,0,1,0,0,차대차 - 측면직각충돌,기타,건조,맑음,교차로 - 교차로안,승합,남,61세,상해없음,승용,남,49세,중상
2013013100100218,2013년 1월 31일 11시,목요일,전라북도 군산시 지곡동,경상사고,0,0,2,0,차대차 - 측면직각충돌,안전운전불이행,건조,맑음,단일로 - 기타,승용,여,51세,상해없음,원동기,남,71세,경상
2013013100100219,2013년 1월 31일 11시,목요일,전라북도 익산시 인화동1가,중상사고,0,1,1,0,차대차 - 측면직각충돌,신호위반,건조,맑음,교차로 - 교차로안,승용,남,76세,상해없음,승용,남,49세,중상