사고번호,사고일시,요일,시군구,사고내용,사망자수,중상자수,경상자수,부상신고자수,사고유형,법규위반,노면상태,기상상태,도로형태,가해운전자 차종,가해운전자 성별,가해운전자 연령,가해운전자 상해정도,피해운전자 차종,피해운전자 성별,피해운전자 연령,피해운전자 상해정도
2013020600100233,2013년 2월 6일 11시,수요일,전라북도 군산시 나운동,경상사고,0,0,1,0,차대사람 - 기타,보행자보호의무위반,건조,맑음,단일로 - 횡단보도상,승용,여,40세,상해없음,보행자,여,13세,경상
2013020600100234,2013년 2월 6일 11시,수요일,전라북도 김제시 검산동,중상사고,0,1,0,0,차대사람 - 차도통행중,안전운전불이행,건조,흐림,교차로 - 교차로안,화물,남,38세,상해없음,보행자,여,80세,중상
2013020600100258,2013년 2월 6일 12시,수요일,전라북도 전주시 덕진구 금암동,중상사고,0,2,0,0,차대차 - 측면직각충돌,안전거리미확보,건조,맑음,단일로 - 기타,승용,남,42세,상해없음,원동기,남,52세,중상
2013020600100281,2013년 2월 6일 13시,수요일,전라북도 순창군 동계면,경상사고,0,0,1,0,차량단독 - 도로외이탈 - 추락,안전운전불이행,습기,흐림,단일로 - 기타,승용,남,67세,경상,,,,
2013020600100335,2013년 2월 6일 15시,수요일,전라북도 부안군 상서면,중상사고,0,1,0,0,차대사람 - 횡단중,안전운전불이행,습기,비,교차로 - 교차로안,승용,남,67세,상해없음,보행자,여,71세,중상
2013020600100359,2013년 2월 6일 16시,수요일,전라북도 군산시 대명동,경상사고,0,0,1,0,차대사람 - 기타,불법유턴,건조,맑음,단일로 - 기타,화물,남,58세,상해없음,보행자,여,73세,경상
2013020600100360,2013년 2월 6일 16시,수요일,전라북도 군산시 나운동,중상사고,0,1,3,0,차대차 - 측면직각충돌,신호위반,건조,맑음,교차로 - 교차로안,승용,여,61세,경상,승용,남,39세,경상
2013020600100361,2013년 2월 6일 16시,수요일,전라북도 익산시 영등동,경상사고,0,0,4,0,차대차 - 측면직각충돌,직진우회전진행방해,건조,맑음,교차로 - 교차로안,승용,남,69세,상해없음,승합,남,63세,경상
2013020600100440,2013년 2월 6일 19시,수요일,전라북도 전주시 덕진구 반월동,중상사고,0,1,0,0,차대사람 - 횡단중,안전운전불이행,건조,맑음,단일로 - 횡단보도상,승용,여,45세,상해없음,보행자,남,55세,중상
2013020600100441,2013년 2월 6일 19시,수요일,전라북도 군산시 서수면,중상사고,0,1,0,0,차대사람 - 길가장자리구역통행중,안전운전불이행,건조,맑음,단일로 - 기타,승용,여,39세,상해없음,보행자,여,70세,중상
2013020600100476,2013년 2월 6일 20시,수요일,전라북도 전주시 완산구 서신동,중상사고,0,1,0,0,차대사람 - 보도통행중,보행자보호의무위반,건조,맑음,단일로 - 기타,원동기,남,17세,상해없음,보행자,여,73세,중상
2013020600100501,2013년 2월 6일 21시,수요일,전라북도 김제시 공덕면,중상사고,0,1,0,0,차대차 - 정면충돌,중앙선침범,건조,맑음,단일로 - 기타,승합,남,49세,상해없음,승용,남,43세,중상
2013020600100502,2013년 2월 6일 21시,수요일,전라북도 진안군 진안읍,중상사고,0,1,0,0,차량단독 - 공작물충돌,안전운전불이행,습기,맑음,교차로 - 교차로부근,승용,여,42세,상해없음,,,,
2013020600100555,2013년 2월 6일 23시,수요일,전라북도 전주시 완산구 효자동1가,경상사고,0,0,2,0,차대차 - 기타,신호위반,건조,맑음,교차로 - 교차로안,승용,남,65세,상해없음,자전거,남,14세,경상
2013020600100556,2013년 2월 6일 23시,수요일,전라북도 전주시 덕진구 우아동2가,경상사고,0,0,1,0,차대차 - 추돌 - 주정차중,안전운전불이행,건조,맑음,교차로 - 교차로부근,승용,남,50세,상해없음,승용,남,37세,경상
2013020600100557,2013년 2월 6일 23시,수요일,전라북도 김제시 순동,중상사고,0,1,1,0,차대차 - 측면직각충돌,안전운전불이행,건조,맑음,교차로 - 교차로안,승용,남,25세,상해없음,승용,남,45세,경상
2013020700100070,2013년 2월 7일 04시,목요일,전라북도 군산시 나운동,중상사고,0,1,0,0,차대차 - 측면직각충돌,신호위반,건조,맑음,교차로 - 교차로안,승용,남,23세,상해없음,승용,여,47세,중상
2013020700100094,2013년 2월 7일 07시,목요일,전라북도 군산시 월명동,중상사고,0,1,0,0,차대사람 - 횡단중,신호위반,적설,눈,단일로 - 횡단보도상,승용,남,61세,상해없음,보행자,여,16세,중상
2013020700100116,2013년 2월 7일 08시,목요일,전라북도 정읍시 상동,경상사고,0,0,2,0,차대차 - 측면직각충돌,중앙선침범,결빙,흐림,단일로 - 기타,승용,남,43세,상해없음,원동기,남,16세,경상
2013020700100117,2013년 2월 7일 08시,목요일,전라북도 정읍시 농소동,경상사고,0,0,3,0,차대차 - 측면직각충돌,안전거리미확보,결빙,흐림,단일로 - 기타,승용,남,60세,상해없음,화물,남,28세,경상
2013020700100158,2013년 2월 7일 10시,목요일,전라북도 전주시 덕진구 송천동1가,경상사고,0,0,1,0,차대차 - 측면직각충돌,신호위반,건조,맑음,교차로 - 교차로안,승용,여,61세,상해없음,승용,여,45세,경상
2013020700100159,2013년 2월 7일 10시,목요일,전라북도 익산시 영등동,중상사고,0,1,0,0,차대차 - 측면직각충돌,직진우회전진행방해,건조,맑음,교차로 - 교차로안,승용,남,62세,상해없음,승용,남,59세,중상
2013020700100181,2013년 2월 7일 11시,목요일,전라북도 전주시 덕진구 호성동1가,경상사고,0,0,1,0,차대사람 - 차도통행중,안전운전불이행,건조,맑음,단일로 - 기타,승용,여,47세,상해없음,보행자,여,47세,경상
2013020700100224,2013년 2월 7일 13시,목요일,전라북도 군산시 중앙로2가,경상사고,0,0,1,0,차대사람 - 차도통행중,안전운전불이행,건조,맑음,단일로 - 기타,승용,여,38세,기타불명,보행자,여,12세,경상
2013020700100249,2013년 2월 7일 14시,목요일,전라북도 전주시 완산구 서노송동,경상사고,0,0,1,0,차대사람 - 기타,기타,건조,맑음,기타 - 기타,기타불명,기타불명,기타불명,기타불명,보행자,남,70세,경상
2013020700100250,2013년 2월 7일 14시,목요일,전라북도 익산시 인화동1가,경상사고,0,0,2,0,차대차 - 측면직각충돌,안전운전불이행,건조,맑음,교차로 - 교차로안,승용,남,42세,기타불명,화물,남,30세,경상
2013020700100281,2013년 2월 7일 15시,목요일,전라북도 장수군 산서면,중상사고,0,1,0,0,차대차 - 측면직각충돌,안전운전불이행,건조,맑음,교차로 - 교차로부근,화물,남,50세,상해없음,이륜,여,70세,중상
2013020700100303,2013년 2월 7일 16시,목요일,전라북도 전주시 덕진구 인후동1가,중상사고,0,1,0,0,차대사람 - 횡단중,신호위반,건조,맑음,단일로 - 기타,승용,여,37세,상해없음,보행자,남,11세,중상
2013020700100337,2013년 2월 7일 17시,목요일,전라북도 익산시 여산면,경상사고,0,0,1,0,차대사람 - 길가장자리구역통행중,안전운전불이행,건조,맑음,교차로 - 교차로안,승용,남,30세,상해없음,보행자,여,83세,경상
2013020700100366,2013년 2월 7일 18시,목요일,전라북도 전주시 덕진구 송천동1가,중상사고,0,1,0,0,차대차 - 측면직각충돌,교차로운행방법위반,건조,맑음,교차로 - 교차로안,승용,여,35세,상해없음,기타불명,남,76세,중상
2013020700100367,2013년 2월 7일 18시,목요일,전라북도 정읍시 북면,경상사고,0,0,1,0,차대차 - 정면충돌,교차로운행방법위반,건조,맑음,교차로 - 교차로안,승용,남,58세,상해없음,승용,남,51세,경상
2013020700100406,2013년 2월 7일 19시,목요일,전라북도 전주시 덕진구 진북동,중상사고,0,1,1,0,차대차 - 정면충돌,중앙선침범,건조,맑음,단일로 - 기타,승용,남,57세,상해없음,승용,남,35세,중상
2013020700100515,2013년 2월 7일 22시,목요일,전라북도 전주시 덕진구 인후동2가,중상사고,0,1,0,0,차대사람 - 횡단중,보행자보호의무위반,건조,맑음,교차로 - 교차로안,승용,남,46세,상해없음,보행자,남,32세,중상
2013020700100516,2013년 2월 7일 22시,목요일,전라북도 익산시 모현동1가,경상사고,0,0,1,0,차대차 - 측면직각충돌,중앙선침범,건조,맑음,단일로 - 기타,화물,남,32세,기타불명,승용,남,41세,경상
2013020700100548,2013년 2월 7일 23시,목요일,전라북도 익산시 금강동,경상사고,0,0,2,0,차대차 - 추돌 - 진행중,신호위반,건조,맑음,교차로 - 교차로안,승용,남,51세,상해없음,승용,남,43세,경상
2013020800100033,2013년 2월 8일 01시,금요일,전라북도 전주시 덕진구 인후동1가,경상사고,0,0,4,0,차대차 - 정면충돌,중앙선침범,건조,맑음,단일로 - 기타,승용,남,54세,상해없음,승용,남,29세,경상
2013020800100041,2013년 2월 8일 02시,금요일,전라북도 익산시 마동,경상사고,0,0,1,0,차대차 - 추돌 - 진행중,안전운전불이행,건조,맑음,교차로 - 교차로안,승용,남,44세,상해없음,승용,남,52세,경상
2013020800100062,2013년 2월 8일 04시,금요일,전라북도 군산시 조촌동,경상사고,0,0,2,0,차대차 - 측면직각충돌,신호위반,건조,맑음,교차로 - 교차로안,화물,남,47세,경상,승용,남,41세,경상
2013020800100094,2013년 2월 8일 07시,금요일,전라북도 전주시 완산구 효자동3가,경상사고,0,0,1,0,차대차 - 측면직각충돌,신호위반,건조,맑음,교차로 - 교차로안,승용,남,60세,상해없음,승용,여,50세,경상
2013020800100120,2013년 2월 8일 08시,금요일,전라북도 부안군 부안읍,경상사고,0,0,1,0,차대사람 - 횡단중,보행자보호의무위반,건조,맑음,교차로 - 교차로부근,승용,남,59세,상해없음,보행자,여,41세,경상
2013020800100161,2013년 2월 8일 10시,금요일,전라북도 군산시 미원동,중상사고,0,1,0,0,차대사람 - 기타,안전운전불이행,건조,맑음,교차로 - 교차로부근,승용,남,50세,상해없음,보행자,여,64세,중상
2013020800100211,2013년 2월 8일 12시,금요일,전라북도 군산시 중앙로1가,경상사고,0,0,1,0,차대차 - 기타,안전운전불이행,건조,맑음,단일로 - 기타,화물,남,27세,상해없음,자전거,남,68세,경상
2013020800100243,2013년 2월 8일 13시,금요일,전라북도 김제시 금산면,중상사고,0,1,0,0,차대차 - 추돌 - 주정차중,안전운전불이행,건조,맑음,단일로 - 기타,승용,남,52세,상해없음,화물,남,54세,중상
2013020800100273,2013년 2월 8일 14시,금요일,전라북도 전주시 덕진구 인후동1가,경상사고,0,0,1,0,차대사람 - 보도통행중,기타,건조,맑음,단일로 - 기타,승용,남,58세,상해없음,보행자,여,62세,경상
2013020800100274,2013년 2월 8일 14시,금요일,전라북도 군산시 서흥남동,경상사고,0,0,1,0,차대사람 - 횡단중,보행자보호의무위반,건조,맑음,교차로 - 교차로안,승용,여,48세,상해없음,보행자,남,8세,경상
2013020800100275,2013년 2월 8일 14시,금요일,전라북도 익산시 팔봉동,경상사고,0,0,1,0,차대차 - 측면직각충돌,직진우회전진행방해,건조,맑음,교차로 - 교차로안,승용,남,33세,상해없음,화물,남,52세,경상
2013020800100276,2013년 2월 8일 14시,금요일,전라북도 정읍시 수성동,중상사고,0,1,0,0,차대사람 - 횡단중,신호위반,건조,맑음,교차로 - 교차로안,승용,여,58세,상해없음,보행자,여,19세,중상
2013020800100309,2013년 2월 8일 15시,금요일,전라북도 군산시 소룡동,경상사고,0,0,2,0,차대차 - 측면직각충돌,직진우회전진행방해,건조,맑음,교차로 - 교차로안,승용,남,31세,경상,화물,남,32세,경상
2013020800100310,2013년 2월 8일 15시,금요일,전라북도 익산시 부송동,경상사고,0,0,1,0,차대차 - 추돌 - 주정차중,안전운전불이행,건조,맑음,단일로 - 기타,승합,남,39세,상해없음,승용,여,39세,경상
2013020800100328,2013년 2월 8일 16시,금요일,전라북도 익산시 목천동,경상사고,0,0,1,0,차대차 - 기타,안전운전불이행,건조,맑음,교차로 - 교차로부근,화물,남,45세,기타불명,승용,남,47세,경상
2013020800100329,2013년 2월 8일 16시,금요일,전라북도 익산시 부송동,경상사고,0,0,1,0,차대사람 - 횡단중,안전운전불이행,건조,맑음,단일로 - 기타,승용,남,31세,상해없음,보행자,남,7세,경상
2013020800100330,2013년 2월 8일 16시,금요일,전라북도 정읍시 송산동,경상사고,0,0,1,0,차대차 - 측면직각충돌,직진우회전진행방해,건조,맑음,교차로 - 교차로안,이륜,남,58세,상해없음,승용,남,45세,경상
2013020800100331,2013년 2월 8일 16시,금요일,전라북도 정읍시 신월동,경상사고,0,0,1,0,차대차 - 기타,안전운전불이행,건조,맑음,단일로 - 기타,승합,남,56세,상해없음,승용,남,64세,기타불명
2013020800100366,2013년 2월 8일 17시,금요일,전라북도 김제시 요촌동,경상사고,0,0,2,0,차대차 - 기타,안전운전불이행,건조,맑음,단일로 - 기타,승용,남,69세,상해없음,승용,남,48세,상해없음
2013020800100405,2013년 2월 8일 18시,금요일,전라북도 익산시 낭산면,사망사고,1,1,0,0,차량단독 - 전도전복,안전운전불이행,건조,맑음,단일로 - 기타,승용,여,27세,중상,,,,
2013020800100493,2013년 2월 8일 20시,금요일,전라북도 익산시 영등동,부상신고사고,0,0,0,1,차대차 - 추돌 - 진행중,안전운전불이행,건조,맑음,단일로 - 기타,승용,남,56세,상해없음,승용,남,55세,부상신고
2013020800100494,2013년 2월 8일 20시,금요일,전라북도 완주군 삼례읍,사망사고,1,0,0,0,차대사람 - 횡단중,신호위반,건조,맑음,교차로 - 교차로안,승용,여,31세,상해없음,보행자,여,21세,사망
2013020800100536,2013년 2월 8일 21시,금요일,전라북도 전주시 완산구 평화동1가,경상사고,0,0,1,0,차량단독 - 기타,안전운전불이행,건조,맑음,단일로 - 기타,승합,남,54세,상해없음,,,,
2013020800100572,2013년 2월 8일 22시,금요일,전라북도 군산시 명산동,경상사고,0,0,4,0,차대차 - 측면직각충돌,안전운전불이행,건조,맑음,교차로 - 교차로안,승용,남,26세,상해없음,승용,남,67세,경상
2013020800100573,2013년 2월 8일 22시,금요일,전라북도 정읍시 수성동,경상사고,0,0,1,0,차대차 - 측면직각충돌,안전거리미확보,건조,맑음,교차로 - 교차로부근,승용,남,64세,상해없음,이륜,남,53세,경상
2013020800100574,2013년 2월 8일 22시,금요일,전라북도 정읍시 수성동,경상사고,0,0,1,0,차대차 - 측면직각충돌,불법유턴,건조,맑음,단일로 - 기타,승용,남,51세,상해없음,이륜,남,17세,경상
2013020800100575,2013년 2월 8일 22시,금요일,전라북도 김제시 신풍동,중상사고,0,1,0,0,차대차 - 측면직각충돌,직진우회전진행방해,건조,맑음,교차로 - 교차로안,승용,남,32세,상해없음,이륜,남,19세,중상
2013020800100594,2013년 2월 8일 23시,금요일,전라북도 군산시 미원동,경상사고,0,0,3,0,차대차 - 추돌 - 진행중,안전거리미확보,건조,맑음,단일로 - 기타,승용,여,27세,상해없음,승용,남,29세,경상
2013020800100595,2013년 2월 8일 23시,금요일,전라북도 김제시 순동,경상사고,0,0,5,0,차대차 - 측면직각충돌,직진우회전진행방해,건조,맑음,교차로 - 교차로안,승용,남,39세,상해없음,승용,남,52세,경상
2013020800100596,2013년 2월 8일 23시,금요일,전라북도 고창군 고창읍,중상사고,0,2,0,1,차대차 - 추돌 - 진행중,안전운전불이행,건조,맑음,단일로 - 기타,승용,남,37세,부상신고,승용,여,42세,중상
2013020900100009,2013년 2월 9일 00시,토요일,전라북도 군산시 미장동,경상사고,0,0,2,0,차대차 - 측면직각충돌,교차로운행방법위반,건조,맑음,교차로 - 교차로안,승용,여,26세,상해없음,승용,남,39세,경상
2013020900100010,2013년 2월 9일 00시,토요일,전라북도 완주군 삼례읍,경상사고,0,0,1,0,차량단독 - 공작물충돌,안전운전불이행,건조,흐림,교차로 - 교차로안,승용,남,34세,상해없음,,,,
2013020900100040,2013년 2월 9일 01시,토요일,전라북도 전주시 완산구 서신동,경상사고,0,0,2,0,차대차 - 추돌 - 주정차중,안전거리미확보,건조,맑음,단일로 - 기타,승용,남,28세,상해없음,승용,여,54세,경상
2013020900100041,2013년 2월 9일 01시,토요일,전라북도 완주군 삼례읍,중상사고,0,1,0,0,차대차 - 추돌 - 진행중,안전운전불이행,건조,맑음,단일로 - 기타,승용,남,30세,상해없음,승용,남,43세,중상
2013020900100063,2013년 2월 9일 02시,토요일,전라북도 전주시 완산구 삼천동1가,경상사고,0,0,1,0,차대사람 - 기타,안전운전불이행,건조,맑음,교차로 - 교차로안,화물,남,30세,상해없음,보행자,남,24세,경상
2013020900100099,2013년 2월 9일 05시,토요일,전라북도 전주시 완산구 중노송동,경상사고,0,0,3,0,차대차 - 기타,안전운전불이행,건조,맑음,단일로 - 기타,승용,남,23세,기타불명,승용,남,29세,경상
2013020900100112,2013년 2월 9일 06시,토요일,전라북도 임실군 오수면,경상사고,0,0,1,0,차대차 - 기타,안전거리미확보,건조,맑음,단일로 - 기타,승용,남,52세,상해없음,승용,여,46세,상해없음
2013020900100209,2013년 2월 9일 13시,토요일,전라북도 군산시 조촌동,경상사고,0,0,1,0,차대차 - 기타,안전운전불이행,건조,맑음,교차로 - 교차로안,승용,여,46세,상해없음,원동기,남,67세,경상
2013020900100228,2013년 2월 9일 14시,토요일,전라북도 익산시 신용동,경상사고,0,0,1,0,차대차 - 측면직각충돌,안전운전불이행,건조,맑음,단일로 - 기타,승용,남,54세,상해없음,이륜,남,35세,경상
2013020900100229,2013년 2월 9일 14시,토요일,전라북도 남원시 대강면,중상사고,0,2,0,0,차량단독 - 공작물충돌,안전운전불이행,건조,맑음,단일로 - 기타,화물,남,61세,상해없음,,,,
2013020900100240,2013년 2월 9일 15시,토요일,전라북도 익산시 용제동,경상사고,0,0,5,0,차대차 - 측면직각충돌,안전운전불이행,건조,맑음,교차로 - 교차로부근,승용,남,57세,상해없음,승용,남,41세,경상
2013020900100241,2013년 2월 9일 15시,토요일,전라북도 남원시 쌍교동,경상사고,0,0,5,0,차대차 - 추돌 - 주정차중,안전운전불이행,건조,맑음,교차로 - 교차로부근,승용,남,62세,상해없음,승용,남,59세,경상
2013020900100265,2013년 2월 9일 16시,토요일,전라북도 군산시 문화동,중상사고,0,1,0,0,차대차 - 기타,중앙선침범,건조,맑음,교차로 - 교차로안,자전거,남,63세,중상,승용,여,53세,상해없음
2013020900100319,2013년 2월 9일 19시,토요일,전라북도 군산시 나운동,경상사고,0,0,2,0,차대차 - 추돌 - 진행중,안전운전불이행,건조,맑음,교차로 - 교차로부근,화물,남,51세,상해없음,승용,남,40세,경상
2013020900100320,2013년 2월 9일 19시,토요일,전라북도 익산시 영등동,경상사고,0,0,3,0,차대차 - 추돌 - 주정차중,안전운전불이행,건조,맑음,교차로 - 교차로부근,승용,남,51세,상해없음,승용,남,44세,경상
2013020900100321,2013년 2월 9일 19시,토요일,전라북도 김제시 금산면,경상사고,0,0,1,0,차대차 - 추돌 - 주정차중,안전운전불이행,건조,맑음,단일로 - 기타,승용,남,47세,상해없음,승합,남,51세,경상
2013020900100357,2013년 2월 9일 21시,토요일,전라북도 군산시 서흥남동,경상사고,0,0,2,0,차대차 - 추돌 - 진행중,안전운전불이행,건조,맑음,교차로 - 교차로부근,승용,남,34세,상해없음,승용,남,25세,경상
2013020900100358,2013년 2월 9일 21시,토요일,전라북도 익산시 신동,경상사고,0,0,1,0,차대사람 - 횡단중,안전운전불이행,건조,맑음,교차로 - 교차로안,승용,남,25세,상해없음,보행자,남,38세,경상
2013020900100395,2013년 2월 9일 23시,토요일,전라북도 전주시 완산구 태평동,경상사고,0,0,2,0,차대차 - 측면직각충돌,교차로운행방법위반,건조,맑음,교차로 - 교차로안,승용,여,44세,상해없음,승용,남,26세,경상
2013020900100396,2013년 2월 9일 23시,토요일,전라북도 전주시 완산구 효자동1가,중상사고,0,1,0,0,차대사람 - 횡단중,안전거리미확보,건조,맑음,단일로 - 횡단보도상,승용,남,22세,상해없음,보행자,여,36세,중상
2013021000100024,2013년 2월 10일 02시,일요일,전라북도 전주시 완산구 평화동2가,경상사고,0,0,2,0,차대차 - 측면직각충돌,안전운전불이행,건조,맑음,교차로 - 교차로부근,승용,여,38세,상해없음,승용,남,29세,경상
2013021000100105,2013년 2월 10일 09시,일요일,전라북도 장수군 장수읍,경상사고,0,0,3,0,차대차 - 측면직각충돌,직진우회전진행방해,건조,맑음,교차로 - 교차로안,승용,남,42세,상해없음,승용,남,41세,경상
2013021000100132,2013년 2월 10일 11시,일요일,전라북도 전주시 덕진구 호성동1가,경상사고,0,0,6,0,차대차 - 추돌 - 주정차중,안전거리미확보,건조,맑음,단일로 - 기타,화물,남,65세,경상,승용,여,43세,상해없음
2013021000100186,2013년 2월 10일 14시,일요일,전라북도 전주시 덕진구 송천동1가,경상사고,0,0,1,0,차대차 - 측면직각충돌,신호위반,건조,맑음,교차로 - 교차로안,승용,남,23세,상해없음,승용,남,50세,상해없음
2013021000100187,2013년 2월 10일 14시,일요일,전라북도 정읍시 시기동,경상사고,0,0,1,2,차대차 - 측면직각충돌,신호위반,건조,맑음,교차로 - 교차로안,승용,남,54세,상해없음,승용,여,49세,부상신고
2013021000100188,2013년 2월 10일 14시,일요일,전라북도 부안군 보안면,중상사고,0,2,4,0,차대차 - 측면직각충돌,안전운전불이행,건조,맑음,교차로 - 교차로안,화물,남,58세,중상,승용,남,45세,경상
2013021000100214,2013년 2월 10일 15시,일요일,전라북도 전주시 덕진구 덕진동1가,경상사고,0,0,2,0,차대차 - 측면직각충돌,안전운전불이행,건조,맑음,교차로 - 교차로부근,승용,남,23세,상해없음,승용,남,29세,경상
2013021000100215,2013년 2월 10일 15시,일요일,전라북도 익산시 신동,경상사고,0,0,3,0,차대차 - 측면직각충돌,안전거리미확보,건조,맑음,단일로 - 기타,승용,남,36세,상해없음,승용,남,32세,경상
2013021000100248,2013년 2월 10일 17시,일요일,전라북도 익산시 목천동,경상사고,0,0,1,0,차대차 - 추돌 - 진행중,안전거리미확보,건조,맑음,단일로 - 기타,승용,남,69세,상해없음,승용,남,27세,경상
2013021000100289,2013년 2월 10일 19시,일요일,전라북도 남원시 노암동,중상사고,0,1,3,0,차대차 - 측면직각충돌,신호위반,건조,맑음,교차로 - 교차로안,승용,남,39세,상해없음,승용,남,65세,경상
2013021000100324,2013년 2월 10일 21시,일요일,전라북도 전주시 덕진구 인후동1가,경상사고,0,0,3,0,차대차 - 정면충돌,안전운전불이행,건조,맑음,교차로 - 교차로안,승용,남,23세,상해없음,승용,남,52세,경상
2013021000100325,2013년 2월 10일 21시,일요일,전라북도 전주시 덕진구 금암동,경상사고,0,0,3,0,차대차 - 추돌 - 진행중,안전거리미확보,건조,맑음,단일로 - 기타,승용,남,50세,상해없음,승용,남,33세,경상
2013021000100347,2013년 2월 10일 22시,일요일,전라북도 군산시 금암동,경상사고,0,0,1,0,차대사람 - 기타,안전운전불이행,건조,맑음,교차로 - 교차로안,승용,남,31세,상해없음,보행자,남,50세,경상
2013021000100367,2013년 2월 10일 23시,일요일,전라북도 익산시 중앙동1가,경상사고,0,0,1,0,차대차 - 측면직각충돌,교차로운행방법위반,건조,맑음,교차로 - 교차로부근,승용,남,70세,상해없음,승용,남,30세,경상
2013021000100368,2013년 2월 10일 23시,일요일,전라북도 완주군 삼례읍,중상사고,0,2,5,0,차대차 - 기타,안전거리미확보,건조,맑음,단일로 - 기타,승용,남,46세,상해없음,승용,남,33세,중상
2013021100100056,2013년 2월 11일 06시,월요일,전라북도 정읍시 시기동,경상사고,0,0,1,0,차대차 - 측면직각충돌,불법유턴,건조,맑음,교차로 - 교차로부근,승용,남,23세,상해없음,승용,남,55세,경상
2013021100100067,2013년 2월 11일 07시,월요일,전라북도 익산시 용동면,경상사고,0,0,1,0,차대차 - 측면직각충돌,신호위반,건조,맑음,교차로 - 교차로안,승용,남,41세,상해없음,승용,남,31세,경상
2013021100100096,2013년 2월 11일 11시,월요일,전라북도 익산시 석왕동,경상사고,0,0,3,0,차대차 - 추돌 - 진행중,안전운전불이행,건조,맑음,단일로 - 기타,승용,남,43세,상해없음,승용,남,40세,경상
2013021100100097,2013년 2월 11일 11시,월요일,전라북도 군산시 성산면,경상사고,0,0,3,0,차대차 - 추돌 - 진행중,안전거리미확보,건조,맑음,단일로 - 기타,승합,남,48세,경상,승용,여,39세,경상
2013021100100108,2013년 2월 11일 12시,월요일,전라북도 전주시 완산구 중화산동1가,경상사고,0,0,2,0,차대차 - 추돌 - 진행중,안전운전불이행,건조,맑음,단일로 - 기타,승용,남,63세,상해없음,승용,남,50세,경상
2013021100100109,2013년 2월 11일 12시,월요일,전라북도 전주시 덕진구 인후동2가,경상사고,0,0,2,0,차대차 - 추돌 - 진행중,안전운전불이행,건조,맑음,교차로 - 교차로안,승용,남,48세,상해없음,승용,남,28세,경상
2013021100100122,2013년 2월 11일 13시,월요일,전라북도 군산시 대명동,경상사고,0,0,1,0,차대차 - 측면직각충돌,안전운전불이행,건조,맑음,교차로 - 교차로안,승용,남,52세,상해없음,자전거,남,62세,경상
2013021100100136,2013년 2월 11일 14시,월요일,전라북도 무주군 무풍면,경상사고,0,0,4,0,차대차 - 정면충돌,중앙선침범,건조,맑음,단일로 - 기타,승용,남,58세,상해없음,승용,남,56세,경상
2013021100100137,2013년 2월 11일 14시,월요일,전라북도 완주군 삼례읍,경상사고,0,0,5,0,차대차 - 기타,안전운전불이행,건조,맑음,단일로 - 기타,승용,남,49세,상해없음,승용,남,21세,경상
2013021100100151,2013년 2월 11일 15시,월요일,전라북도 익산시 신동,경상사고,0,0,4,0,차대차 - 측면직각충돌,직진우회전진행방해,건조,맑음,교차로 - 교차로안,승용,남,41세,상해없음,승용,남,51세,경상
2013021100100167,2013년 2월 11일 16시,월요일,전라북도 김제시 교동,경상사고,0,0,1,0,차대차 - 기타,직진우회전진행방해,건조,맑음,교차로 - 교차로안,기타불명,기타불명,기타불명,기타불명,자전거,남,14세,경상
2013021100100185,2013년 2월 11일 17시,월요일,전라북도 익산시 신용동,경상사고,0,0,1,0,차대차 - 추돌 - 주정차중,중앙선침범,건조,맑음,단일로 - 기타,화물,남,51세,상해없음,승용,남,31세,경상
2013021100100186,2013년 2월 11일 17시,월요일,전라북도 부안군 부안읍,중상사고,0,1,4,0,차대차 - 추돌 - 진행중,안전거리미확보,건조,맑음,단일로 - 기타,승용,남,50세,상해없음,승용,남,50세,경상
2013021100100226,2013년 2월 11일 19시,월요일,전라북도 정읍시 옹동면,경상사고,0,0,1,0,차대차 - 측면직각충돌,중앙선침범,건조,맑음,단일로 - 기타,화물,남,64세,상해없음,승용,남,47세,경상
2013021100100245,2013년 2월 11일 20시,월요일,전라북도 전주시 완산구 효자동1가,경상사고,0,0,3,0,차대차 - 기타,안전운전불이행,건조,맑음,단일로 - 기타,승용,남,54세,상해없음,승용,남,29세,경상
2013021100100246,2013년 2월 11일 20시,월요일,전라북도 익산시 목천동,경상사고,0,0,1,0,차대차 - 추돌 - 진행중,안전거리미확보,건조,흐림,교차로 - 교차로안,승용,남,57세,상해없음,화물,남,35세,경상
2013021100100260,2013년 2월 11일 21시,월요일,전라북도 전주시 완산구 다가동3가,경상사고,0,0,1,0,차대차 - 기타,교차로운행방법위반,건조,맑음,교차로 - 교차로안,승용,남,57세,상해없음,자전거,남,48세,경상
2013021100100276,2013년 2월 11일 22시,월요일,전라북도 군산시 개정동,중상사고,0,2,2,0,차대차 - 추돌 - 주정차중,안전운전불이행,건조,맑음,교차로 - 교차로부근,승용,여,47세,경상,승용,남,35세,경상
2013021100100277,2013년 2월 11일 22시,월요일,전라북도 김제시 옥산동,경상사고,0,0,1,0,차대차 - 측면직각충돌,직진우회전진행방해,건조,맑음,교차로 - 교차로안,승용,남,45세,상해없음,원동기,남,17세,경상
2013021100100289,2013년 2월 11일 23시,월요일,전라북도 전주시 덕진구 덕진동1가,경상사고,0,0,1,0,차대차 - 기타,안전운전불이행,건조,맑음,단일로 - 기타,승용,남,27세,상해없음,승용,남,50세,경상
2013021200100007,2013년 2월 12일 00시,화요일,전라북도 부안군 변산면,경상사고,0,0,1,0,차대차 - 추돌 - 진행중,안전운전불이행,건조,맑음,교차로 - 교차로부근,화물,남,63세,상해없음,승용,남,54세,경상
2013021200100033,2013년 2월 12일 02시,화요일,전라북도 전주시 덕진구 덕진동2가,경상사고,0,0,1,0,차대차 - 측면직각충돌,신호위반,건조,맑음,교차로 - 교차로안,승용,남,29세,상해없음,승용,남,58세,경상