사고번호,사고일시,요일,시군구,사고내용,사망자수,중상자수,경상자수,부상신고자수,사고유형,법규위반,노면상태,기상상태,도로형태,가해운전자 차종,가해운전자 성별,가해운전자 연령,가해운전자 상해정도,피해운전자 차종,피해운전자 성별,피해운전자 연령,피해운전자 상해정도
2013021200100064,2013년 2월 12일 06시,화요일,전라북도 익산시 신동,중상사고,0,1,1,0,차대차 - 측면직각충돌,신호위반,건조,맑음,교차로 - 교차로안,승용,남,54세,상해없음,승용,여,56세,중상
2013021200100102,2013년 2월 12일 09시,화요일,전라북도 전주시 완산구 효자동1가,중상사고,0,1,0,0,차대사람 - 기타,안전운전불이행,건조,흐림,단일로 - 기타,승용,여,48세,상해없음,보행자,여,80세,중상
2013021200100113,2013년 2월 12일 10시,화요일,전라북도 남원시 인월면,경상사고,0,0,4,0,차대차 - 정면충돌,중앙선침범,결빙,눈,단일로 - 기타,화물,남,36세,상해없음,승용,남,50세,경상
2013021200100131,2013년 2월 12일 11시,화요일,전라북도 전주시 덕진구 송천동1가,중상사고,0,1,0,0,차대사람 - 보도통행중,신호위반,습기,흐림,단일로 - 기타,화물,남,44세,상해없음,보행자,여,71세,중상
2013021200100132,2013년 2월 12일 11시,화요일,전라북도 순창군 팔덕면,경상사고,0,0,4,1,차대차 - 추돌 - 주정차중,안전운전불이행,결빙,눈,교차로 - 교차로부근,화물,남,64세,상해없음,승합,남,32세,상해없음
2013021200100133,2013년 2월 12일 11시,화요일,전라북도 임실군 관촌면,경상사고,0,0,2,0,차대차 - 기타,안전운전불이행,결빙,눈,단일로 - 교량,승용,남,41세,상해없음,승용,여,35세,경상
2013021200100153,2013년 2월 12일 12시,화요일,전라북도 남원시 동충동,경상사고,0,0,1,0,차대사람 - 횡단중,안전운전불이행,적설,눈,단일로 - 기타,승용,여,51세,상해없음,보행자,여,54세,경상
2013021200100154,2013년 2월 12일 12시,화요일,전라북도 남원시 산곡동,중상사고,0,2,2,0,차량단독 - 기타,안전운전불이행,적설,눈,단일로 - 기타,승합,남,61세,상해없음,,,,
2013021200100183,2013년 2월 12일 13시,화요일,전라북도 무주군 설천면,중상사고,0,1,0,0,차대차 - 추돌 - 주정차중,안전운전불이행,적설,눈,단일로 - 기타,승용,남,35세,상해없음,승용,남,53세,상해없음
2013021200100219,2013년 2월 12일 14시,화요일,전라북도 김제시 청하면,경상사고,0,0,1,0,차대사람 - 길가장자리구역통행중,안전운전불이행,건조,맑음,단일로 - 기타,화물,남,75세,상해없음,보행자,여,65세,경상
2013021200100220,2013년 2월 12일 14시,화요일,전라북도 진안군 용담면,중상사고,0,2,1,0,차량단독 - 공작물충돌,안전운전불이행,적설,흐림,단일로 - 기타,화물,남,56세,상해없음,,,,
2013021200100243,2013년 2월 12일 15시,화요일,전라북도 정읍시 구룡동,경상사고,0,0,1,0,차량단독 - 공작물충돌,안전운전불이행,건조,흐림,교차로 - 교차로부근,승용,남,60세,상해없음,,,,
2013021200100302,2013년 2월 12일 17시,화요일,전라북도 군산시 수송동,경상사고,0,0,1,0,차대사람 - 보도통행중,보행자보호의무위반,건조,맑음,단일로 - 횡단보도상,승용,여,50세,상해없음,보행자,남,7세,경상
2013021200100303,2013년 2월 12일 17시,화요일,전라북도 정읍시 수성동,경상사고,0,0,2,0,차대차 - 측면직각충돌,직진우회전진행방해,건조,흐림,교차로 - 교차로안,승용,남,47세,상해없음,승합,남,64세,상해없음
2013021200100331,2013년 2월 12일 18시,화요일,전라북도 전주시 완산구 평화동1가,경상사고,0,0,1,0,차대차 - 측면직각충돌,안전운전불이행,건조,맑음,단일로 - 기타,승용,남,29세,기타불명,자전거,남,14세,경상
2013021200100332,2013년 2월 12일 18시,화요일,전라북도 전주시 덕진구 호성동1가,경상사고,0,0,1,0,차대차 - 추돌 - 진행중,안전운전불이행,습기,흐림,단일로 - 기타,승용,남,52세,상해없음,승용,남,30세,경상
2013021200100333,2013년 2월 12일 18시,화요일,전라북도 익산시 남중동,중상사고,0,1,0,0,차대사람 - 횡단중,안전운전불이행,건조,맑음,교차로 - 교차로안,승용,남,66세,상해없음,보행자,남,60세,중상
2013021200100363,2013년 2월 12일 19시,화요일,전라북도 전주시 완산구 삼천동1가,경상사고,0,0,1,0,차대사람 - 기타,안전운전불이행,건조,맑음,단일로 - 기타,승용,남,60세,상해없음,보행자,남,51세,경상
2013021200100421,2013년 2월 12일 21시,화요일,전라북도 전주시 완산구 효자동3가,경상사고,0,0,1,0,차대차 - 정면충돌,안전운전불이행,건조,맑음,단일로 - 기타,승합,남,21세,상해없음,승용,남,27세,경상
2013021200100422,2013년 2월 12일 21시,화요일,전라북도 전주시 덕진구 인후동1가,중상사고,0,1,0,0,차대차 - 측면직각충돌,중앙선침범,습기,흐림,단일로 - 기타,승용,남,63세,상해없음,이륜,남,47세,중상
2013021200100423,2013년 2월 12일 21시,화요일,전라북도 전주시 덕진구 인후동1가,경상사고,0,0,1,0,차대사람 - 차도통행중,안전운전불이행,습기,흐림,단일로 - 기타,승용,여,44세,상해없음,보행자,남,50세,경상
2013021200100424,2013년 2월 12일 21시,화요일,전라북도 군산시 미룡동,경상사고,0,0,1,0,차대차 - 정면충돌,중앙선침범,건조,맑음,단일로 - 기타,승용,남,33세,상해없음,원동기,여,53세,경상
2013021200100446,2013년 2월 12일 22시,화요일,전라북도 전주시 완산구 효자동2가,경상사고,0,0,1,0,차대차 - 측면직각충돌,안전운전불이행,건조,맑음,단일로 - 기타,승합,남,48세,상해없음,승용,남,56세,경상
2013021200100447,2013년 2월 12일 22시,화요일,전라북도 부안군 부안읍,경상사고,0,0,1,0,차대차 - 측면직각충돌,신호위반,건조,맑음,교차로 - 교차로안,승용,남,28세,상해없음,승용,남,30세,경상
2013021300100027,2013년 2월 13일 01시,수요일,전라북도 전주시 덕진구 금암동,사망사고,1,0,0,0,차대사람 - 보도통행중,보행자보호의무위반,습기,흐림,단일로 - 기타,승용,남,57세,상해없음,보행자,남,47세,사망
2013021300100028,2013년 2월 13일 01시,수요일,전라북도 익산시 영등동,중상사고,0,1,0,0,차대사람 - 횡단중,안전운전불이행,건조,맑음,교차로 - 교차로안,승용,남,49세,상해없음,보행자,여,50세,중상
2013021300100035,2013년 2월 13일 02시,수요일,전라북도 익산시 영등동,중상사고,0,1,1,0,차대차 - 측면직각충돌,신호위반,건조,맑음,교차로 - 교차로안,승용,남,35세,상해없음,승용,남,77세,경상
2013021300100043,2013년 2월 13일 03시,수요일,전라북도 전주시 덕진구 덕진동1가,경상사고,0,0,1,0,차대사람 - 횡단중,안전운전불이행,습기,흐림,단일로 - 기타,화물,남,62세,상해없음,보행자,남,42세,경상
2013021300100091,2013년 2월 13일 07시,수요일,전라북도 전주시 완산구 중화산동2가,중상사고,0,1,0,0,차대사람 - 기타,안전운전불이행,건조,맑음,단일로 - 기타,승용,남,42세,상해없음,보행자,남,40세,중상
2013021300100092,2013년 2월 13일 07시,수요일,전라북도 전주시 덕진구 인후동1가,경상사고,0,0,1,0,차대차 - 기타,안전운전불이행,건조,맑음,교차로 - 교차로부근,승용,남,58세,상해없음,승용,남,55세,상해없음
2013021300100093,2013년 2월 13일 07시,수요일,전라북도 전주시 덕진구 산정동,경상사고,0,0,4,0,차대차 - 추돌 - 주정차중,안전운전불이행,건조,맑음,교차로 - 교차로부근,승용,남,30세,상해없음,승용,남,23세,경상
2013021300100115,2013년 2월 13일 08시,수요일,전라북도 군산시 경암동,중상사고,0,1,0,0,차대사람 - 횡단중,보행자보호의무위반,건조,맑음,교차로 - 교차로안,승합,남,36세,상해없음,보행자,여,61세,중상
2013021300100116,2013년 2월 13일 08시,수요일,전라북도 익산시 삼기면,중상사고,0,1,0,0,차대차 - 측면직각충돌,신호위반,건조,맑음,교차로 - 교차로안,승용,여,28세,상해없음,승용,여,31세,중상
2013021300100117,2013년 2월 13일 08시,수요일,전라북도 정읍시 상동,중상사고,0,1,1,0,차대차 - 추돌 - 주정차중,안전운전불이행,건조,맑음,단일로 - 기타,승용,여,59세,경상,화물,남,65세,기타불명
2013021300100206,2013년 2월 13일 12시,수요일,전라북도 남원시 도통동,경상사고,0,0,1,0,차대사람 - 횡단중,보행자보호의무위반,건조,맑음,교차로 - 교차로부근,승용,여,42세,상해없음,보행자,여,7세,경상
2013021300100226,2013년 2월 13일 13시,수요일,전라북도 전주시 완산구 효자동1가,경상사고,0,0,1,0,차대차 - 기타,안전운전불이행,건조,맑음,교차로 - 교차로부근,승용,남,63세,상해없음,승용,남,52세,경상
2013021300100227,2013년 2월 13일 13시,수요일,전라북도 군산시 경암동,중상사고,0,1,0,0,차대차 - 기타,안전운전불이행,건조,맑음,교차로 - 교차로부근,승용,남,47세,상해없음,자전거,여,62세,중상
2013021300100228,2013년 2월 13일 13시,수요일,전라북도 익산시 영등동,경상사고,0,0,1,0,차대차 - 측면직각충돌,안전운전불이행,건조,맑음,교차로 - 교차로안,승용,여,31세,상해없음,원동기,남,18세,경상
2013021300100255,2013년 2월 13일 14시,수요일,전라북도 전주시 완산구 효자동2가,중상사고,0,1,2,0,차대차 - 측면직각충돌,신호위반,건조,맑음,교차로 - 교차로안,승용,남,60세,상해없음,승용,남,57세,경상
2013021300100284,2013년 2월 13일 15시,수요일,전라북도 군산시 나운동,중상사고,0,1,0,0,차대차 - 기타,중앙선침범,건조,맑음,단일로 - 기타,승용,여,47세,상해없음,이륜,남,19세,중상
2013021300100335,2013년 2월 13일 17시,수요일,전라북도 군산시 나운동,경상사고,0,0,2,0,차대차 - 기타,안전운전불이행,건조,맑음,단일로 - 기타,승용,남,38세,상해없음,승용,여,39세,경상
2013021300100409,2013년 2월 13일 19시,수요일,전라북도 김제시 부량면,중상사고,0,1,3,0,차대차 - 측면직각충돌,안전운전불이행,건조,맑음,단일로 - 기타,화물,남,72세,상해없음,승용,남,30세,경상
2013021300100465,2013년 2월 13일 21시,수요일,전라북도 남원시 도통동,경상사고,0,0,1,0,차대차 - 추돌 - 진행중,안전운전불이행,건조,맑음,교차로 - 교차로부근,승용,여,23세,상해없음,승용,남,47세,상해없음
2013021400100100,2013년 2월 14일 08시,목요일,전라북도 정읍시 농소동,경상사고,0,0,1,0,차대차 - 측면직각충돌,중앙선침범,건조,맑음,단일로 - 기타,승용,남,34세,상해없음,승용,남,47세,경상
2013021400100121,2013년 2월 14일 09시,목요일,전라북도 전주시 완산구 서신동,경상사고,0,0,1,0,차대차 - 측면직각충돌,교차로운행방법위반,건조,맑음,교차로 - 교차로안,승용,남,21세,상해없음,이륜,남,32세,경상
2013021400100180,2013년 2월 14일 12시,목요일,전라북도 익산시 왕궁면,사망사고,2,1,0,0,차량단독 - 공작물충돌,안전운전불이행,건조,맑음,단일로 - 기타,승용,남,57세,상해없음,,,,
2013021400100211,2013년 2월 14일 13시,목요일,전라북도 익산시 신용동,경상사고,0,0,3,0,차대차 - 측면직각충돌,신호위반,건조,맑음,교차로 - 교차로안,이륜,남,42세,상해없음,승용,남,48세,경상
2013021400100232,2013년 2월 14일 14시,목요일,전라북도 전주시 덕진구 인후동1가,중상사고,0,1,0,0,차대차 - 기타,안전운전불이행,건조,맑음,단일로 - 기타,승용,남,46세,상해없음,자전거,여,52세,중상
2013021400100233,2013년 2월 14일 14시,목요일,전라북도 익산시 모현동1가,경상사고,0,0,2,0,차대차 - 추돌 - 진행중,안전거리미확보,건조,맑음,단일로 - 기타,승용,여,48세,상해없음,화물,남,47세,상해없음
2013021400100234,2013년 2월 14일 14시,목요일,전라북도 정읍시 북면,경상사고,0,0,1,0,차대차 - 추돌 - 진행중,안전운전불이행,건조,맑음,단일로 - 기타,승용,남,42세,상해없음,승용,여,44세,경상
2013021400100262,2013년 2월 14일 15시,목요일,전라북도 군산시 조촌동,사망사고,1,0,0,0,차대차 - 기타,신호위반,건조,맑음,교차로 - 교차로안,이륜,남,74세,사망,승용,여,47세,상해없음
2013021400100263,2013년 2월 14일 15시,목요일,전라북도 고창군 고창읍,경상사고,0,0,1,0,차대차 - 기타,교차로운행방법위반,건조,맑음,교차로 - 교차로안,화물,남,40세,상해없음,이륜,남,49세,경상
2013021400100286,2013년 2월 14일 16시,목요일,전라북도 김제시 황산면,중상사고,0,2,10,0,차대차 - 추돌 - 진행중,안전거리미확보,건조,맑음,단일로 - 기타,승합,남,49세,상해없음,승합,남,55세,상해없음
2013021400100333,2013년 2월 14일 18시,목요일,전라북도 전주시 덕진구 진북동,사망사고,1,0,2,0,차대차 - 측면직각충돌,신호위반,건조,맑음,교차로 - 교차로안,이륜,남,70세,사망,승용,남,42세,상해없음
2013021400100334,2013년 2월 14일 18시,목요일,전라북도 군산시 문화동,경상사고,0,0,2,0,차대차 - 측면직각충돌,안전운전불이행,건조,맑음,단일로 - 횡단보도상,화물,남,43세,상해없음,자전거,여,9세,경상
2013021400100370,2013년 2월 14일 19시,목요일,전라북도 정읍시 수성동,경상사고,0,0,1,0,차대사람 - 횡단중,보행자보호의무위반,건조,맑음,단일로 - 횡단보도상,승용,남,40세,상해없음,보행자,여,68세,경상
2013021400100425,2013년 2월 14일 21시,목요일,전라북도 전주시 완산구 삼천동1가,경상사고,0,0,1,0,차대사람 - 기타,안전운전불이행,건조,맑음,교차로 - 교차로안,승용,여,29세,상해없음,보행자,여,12세,경상
2013021400100426,2013년 2월 14일 21시,목요일,전라북도 군산시 미룡동,경상사고,0,0,1,0,차대사람 - 차도통행중,안전운전불이행,건조,맑음,교차로 - 교차로안,승용,남,21세,상해없음,보행자,여,20세,경상
2013021400100461,2013년 2월 14일 22시,목요일,전라북도 전주시 완산구 중화산동1가,경상사고,0,0,1,0,차대사람 - 기타,안전운전불이행,건조,맑음,교차로 - 교차로부근,승용,남,30세,상해없음,보행자,남,51세,경상
2013021400100487,2013년 2월 14일 23시,목요일,전라북도 고창군 고창읍,경상사고,0,0,2,0,차대차 - 기타,안전거리미확보,건조,맑음,단일로 - 기타,승용,남,34세,경상,화물,남,45세,상해없음
2013021500100069,2013년 2월 15일 04시,금요일,전라북도 전주시 완산구 삼천동1가,경상사고,0,0,1,0,차대차 - 추돌 - 진행중,안전운전불이행,건조,맑음,교차로 - 교차로부근,승용,남,29세,상해없음,이륜,남,47세,경상
2013021500100100,2013년 2월 15일 07시,금요일,전라북도 익산시 현영동,중상사고,0,1,0,0,차량단독 - 기타,과속,건조,맑음,단일로 - 기타,승용,남,18세,상해없음,,,,
2013021500100101,2013년 2월 15일 07시,금요일,전라북도 진안군 주천면,경상사고,0,0,1,0,차대사람 - 기타,안전운전불이행,건조,맑음,기타 - 기타,건설기계,남,56세,상해없음,보행자,남,56세,경상
2013021500100161,2013년 2월 15일 09시,금요일,전라북도 익산시 남중동,중상사고,0,1,0,0,차대사람 - 보도통행중,보행자보호의무위반,건조,맑음,단일로 - 횡단보도상,승용,남,57세,상해없음,보행자,남,7세,중상
2013021500100184,2013년 2월 15일 10시,금요일,전라북도 전주시 완산구 삼천동1가,경상사고,0,0,1,0,차대사람 - 기타,보행자보호의무위반,건조,맑음,단일로 - 횡단보도부근,승용,여,38세,상해없음,보행자,남,7세,경상
2013021500100185,2013년 2월 15일 10시,금요일,전라북도 익산시 부송동,중상사고,0,1,0,0,차대차 - 측면직각충돌,신호위반,건조,맑음,교차로 - 교차로안,승용,여,48세,상해없음,이륜,남,40세,중상
2013021500100186,2013년 2월 15일 10시,금요일,전라북도 부안군 행안면,경상사고,0,0,2,1,차대차 - 측면직각충돌,교차로운행방법위반,건조,맑음,교차로 - 교차로안,승용,남,75세,부상신고,승용,남,27세,경상
2013021500100187,2013년 2월 15일 10시,금요일,전라북도 완주군 상관면,경상사고,0,0,2,0,차대차 - 추돌 - 주정차중,안전거리미확보,건조,맑음,단일로 - 기타,화물,남,31세,상해없음,승용,남,61세,경상
2013021500100204,2013년 2월 15일 11시,금요일,전라북도 전주시 완산구 서서학동,중상사고,0,1,0,0,차대차 - 측면직각충돌,신호위반,건조,맑음,교차로 - 교차로안,승용,여,44세,상해없음,승용,여,47세,중상
2013021500100246,2013년 2월 15일 13시,금요일,전라북도 익산시 웅포면,중상사고,0,1,3,0,차대차 - 추돌 - 진행중,안전운전불이행,건조,맑음,단일로 - 기타,승용,남,26세,중상,승합,남,46세,경상
2013021500100303,2013년 2월 15일 15시,금요일,전라북도 군산시 대명동,경상사고,0,0,1,0,차대사람 - 차도통행중,안전운전불이행,건조,맑음,단일로 - 기타,원동기,여,63세,상해없음,보행자,여,61세,경상
2013021500100304,2013년 2월 15일 15시,금요일,전라북도 익산시 신동,경상사고,0,0,3,0,차대차 - 추돌 - 진행중,안전운전불이행,건조,맑음,단일로 - 기타,승용,남,56세,상해없음,승용,여,34세,경상
2013021500100329,2013년 2월 15일 16시,금요일,전라북도 익산시 영등동,중상사고,0,1,0,0,차대차 - 측면직각충돌,직진우회전진행방해,건조,맑음,교차로 - 교차로안,승용,남,61세,상해없음,이륜,남,56세,중상
2013021500100356,2013년 2월 15일 17시,금요일,전라북도 전주시 덕진구 진북동,경상사고,0,0,1,0,차대사람 - 횡단중,보행자보호의무위반,기타,맑음,단일로 - 횡단보도상,승용,남,51세,상해없음,보행자,여,56세,경상
2013021500100357,2013년 2월 15일 17시,금요일,전라북도 임실군 운암면,경상사고,0,0,1,0,차대차 - 기타,중앙선침범,건조,맑음,단일로 - 기타,화물,여,64세,상해없음,화물,여,49세,경상
2013021500100391,2013년 2월 15일 18시,금요일,전라북도 정읍시 상동,중상사고,0,1,0,0,차대사람 - 기타,안전운전불이행,건조,맑음,기타 - 기타,승용,남,47세,상해없음,보행자,여,75세,중상
2013021500100410,2013년 2월 15일 19시,금요일,전라북도 전주시 덕진구 송천동1가,부상신고사고,0,0,0,1,차대차 - 정면충돌,직진우회전진행방해,건조,맑음,교차로 - 교차로안,승용,여,34세,상해없음,이륜,남,17세,부상신고
2013021500100435,2013년 2월 15일 20시,금요일,전라북도 김제시 부량면,중상사고,0,1,0,0,차대사람 - 길가장자리구역통행중,안전운전불이행,건조,맑음,단일로 - 기타,화물,남,49세,상해없음,보행자,남,41세,중상
2013021500100524,2013년 2월 15일 23시,금요일,전라북도 김제시 요촌동,경상사고,0,0,1,0,차대사람 - 횡단중,안전운전불이행,건조,맑음,교차로 - 교차로안,승용,남,46세,상해없음,보행자,남,33세,경상
2013021600100017,2013년 2월 16일 00시,토요일,전라북도 군산시 서흥남동,중상사고,0,1,0,0,차대사람 - 기타,안전운전불이행,건조,맑음,단일로 - 기타,승용,남,39세,상해없음,보행자,남,50세,중상
2013021600100018,2013년 2월 16일 00시,토요일,전라북도 정읍시 북면,중상사고,0,1,0,0,차대차 - 추돌 - 진행중,안전운전불이행,건조,맑음,단일로 - 기타,승용,남,36세,상해없음,자전거,남,29세,중상
2013021600100040,2013년 2월 16일 01시,토요일,전라북도 군산시 나운동,경상사고,0,0,4,0,차대차 - 추돌 - 주정차중,안전운전불이행,건조,맑음,교차로 - 교차로부근,승용,남,36세,상해없음,승용,남,39세,경상
2013021600100107,2013년 2월 16일 06시,토요일,전라북도 정읍시 연지동,경상사고,0,0,1,0,차대차 - 측면직각충돌,안전운전불이행,건조,맑음,단일로 - 기타,승용,남,31세,경상,승용,남,30세,상해없음
2013021600100128,2013년 2월 16일 07시,토요일,전라북도 완주군 봉동읍,경상사고,0,0,1,0,차대차 - 기타,교차로운행방법위반,건조,맑음,교차로 - 교차로안,승용,남,61세,상해없음,이륜,남,40세,경상
2013021600100149,2013년 2월 16일 08시,토요일,전라북도 군산시 경암동,경상사고,0,0,1,0,차대차 - 추돌 - 진행중,안전운전불이행,건조,맑음,교차로 - 교차로부근,승용,남,33세,상해없음,승용,남,49세,경상
2013021600100170,2013년 2월 16일 09시,토요일,전라북도 전주시 완산구 서신동,중상사고,0,1,1,0,차대차 - 추돌 - 주정차중,안전거리미확보,건조,맑음,단일로 - 기타,화물,남,46세,기타불명,승용,여,39세,경상
2013021600100189,2013년 2월 16일 10시,토요일,전라북도 전주시 완산구 효자동2가,경상사고,0,0,1,0,차대차 - 측면직각충돌,안전운전불이행,건조,맑음,교차로 - 교차로부근,승용,남,62세,상해없음,승용,여,37세,경상
2013021600100190,2013년 2월 16일 10시,토요일,전라북도 군산시 개정동,중상사고,0,1,0,0,차대차 - 기타,안전운전불이행,건조,맑음,단일로 - 기타,승합,남,59세,상해없음,자전거,남,75세,중상
2013021600100191,2013년 2월 16일 10시,토요일,전라북도 남원시 주천면,중상사고,0,1,0,0,차량단독 - 전도전복,안전운전불이행,건조,맑음,교차로 - 교차로부근,승용,남,48세,중상,,,,
2013021600100192,2013년 2월 16일 10시,토요일,전라북도 고창군 고창읍,부상신고사고,0,0,0,1,차대차 - 측면직각충돌,교차로운행방법위반,건조,맑음,교차로 - 교차로안,원동기,남,80세,부상신고,승용,남,28세,상해없음
2013021600100211,2013년 2월 16일 11시,토요일,전라북도 익산시 삼기면,경상사고,0,0,1,0,차대사람 - 길가장자리구역통행중,안전운전불이행,건조,맑음,단일로 - 기타,승용,여,37세,상해없음,보행자,남,50세,경상
2013021600100238,2013년 2월 16일 12시,토요일,전라북도 김제시 신풍동,중상사고,0,1,0,0,차대차 - 측면직각충돌,차로위반,건조,맑음,교차로 - 교차로부근,승용,남,71세,상해없음,원동기,남,71세,중상
2013021600100284,2013년 2월 16일 14시,토요일,전라북도 전주시 덕진구 팔복동2가,경상사고,0,0,1,0,차대차 - 측면직각충돌,안전운전불이행,건조,맑음,교차로 - 교차로부근,화물,남,46세,상해없음,자전거,남,58세,경상
2013021600100285,2013년 2월 16일 14시,토요일,전라북도 군산시 명산동,경상사고,0,0,1,0,차대차 - 측면직각충돌,신호위반,건조,맑음,교차로 - 교차로안,승용,남,27세,상해없음,승용,남,68세,경상
2013021600100305,2013년 2월 16일 15시,토요일,전라북도 익산시 신동,경상사고,0,0,2,0,차대차 - 측면직각충돌,신호위반,건조,맑음,교차로 - 교차로안,승용,남,63세,상해없음,승용,여,51세,경상
2013021600100401,2013년 2월 16일 19시,토요일,전라북도 전주시 덕진구 진북동,중상사고,0,1,0,0,차대사람 - 보도통행중,안전운전불이행,건조,맑음,단일로 - 횡단보도상,승용,여,58세,상해없음,보행자,남,72세,중상
2013021600100486,2013년 2월 16일 23시,토요일,전라북도 전주시 덕진구 우아동3가,경상사고,0,0,1,0,차대차 - 측면직각충돌,차로위반,건조,맑음,단일로 - 기타,승용,남,56세,상해없음,이륜,남,17세,경상
2013021600100487,2013년 2월 16일 23시,토요일,전라북도 김제시 광활면,경상사고,0,0,1,0,차대차 - 추돌 - 진행중,안전운전불이행,건조,맑음,단일로 - 기타,승용,남,61세,상해없음,자전거,남,56세,경상
2013021700100072,2013년 2월 17일 06시,일요일,전라북도 익산시 황등면,중상사고,0,1,0,0,차대차 - 기타,안전운전불이행,결빙,맑음,단일로 - 기타,화물,남,41세,상해없음,이륜,남,58세,중상
2013021700100100,2013년 2월 17일 09시,일요일,전라북도 군산시 해망동,중상사고,0,2,0,0,차대차 - 측면직각충돌,신호위반,건조,맑음,교차로 - 교차로안,화물,남,47세,상해없음,승용,남,60세,중상
2013021700100127,2013년 2월 17일 11시,일요일,전라북도 전주시 덕진구 팔복동4가,경상사고,0,0,1,0,차대차 - 측면직각충돌,안전운전불이행,건조,맑음,단일로 - 기타,승용,남,35세,상해없음,승용,남,71세,경상
2013021700100153,2013년 2월 17일 13시,일요일,전라북도 군산시 나운동,경상사고,0,0,1,0,차대차 - 추돌 - 진행중,안전운전불이행,건조,맑음,단일로 - 기타,승용,남,54세,상해없음,승용,남,31세,경상
2013021700100154,2013년 2월 17일 13시,일요일,전라북도 익산시 남중동,중상사고,0,1,0,0,차대차 - 측면직각충돌,신호위반,건조,맑음,교차로 - 교차로안,이륜,남,71세,중상,승용,남,52세,상해없음
2013021700100155,2013년 2월 17일 13시,일요일,전라북도 김제시 교동,사망사고,1,0,0,0,차량단독 - 기타,안전운전불이행,건조,흐림,단일로 - 기타,원동기,남,66세,사망,,,,
2013021700100181,2013년 2월 17일 14시,일요일,전라북도 익산시 신동,중상사고,0,1,0,0,차대차 - 측면직각충돌,안전운전불이행,건조,맑음,교차로 - 교차로안,승합,남,66세,상해없음,이륜,남,39세,중상
2013021700100182,2013년 2월 17일 14시,일요일,전라북도 정읍시 삼산동,경상사고,0,0,1,0,차대차 - 측면직각충돌,중앙선침범,습기,비,단일로 - 기타,승용,남,49세,상해없음,화물,남,48세,경상
2013021700100183,2013년 2월 17일 14시,일요일,전라북도 완주군 삼례읍,중상사고,0,1,0,0,차대차 - 기타,안전거리미확보,건조,맑음,단일로 - 기타,승용,여,43세,기타불명,이륜,남,20세,중상
2013021700100229,2013년 2월 17일 16시,일요일,전라북도 전주시 덕진구 금암동,경상사고,0,0,1,0,차대차 - 측면직각충돌,직진우회전진행방해,건조,맑음,교차로 - 교차로안,원동기,남,57세,상해없음,승용,남,42세,경상
2013021700100244,2013년 2월 17일 17시,일요일,전라북도 전주시 완산구 평화동1가,경상사고,0,0,2,0,차대차 - 기타,교차로운행방법위반,습기,비,교차로 - 교차로안,승용,남,59세,상해없음,승용,여,41세,경상
2013021700100245,2013년 2월 17일 17시,일요일,전라북도 군산시 서흥남동,경상사고,0,0,4,0,차대차 - 측면직각충돌,직진우회전진행방해,건조,맑음,교차로 - 교차로안,승용,남,48세,상해없음,승합,여,43세,경상
2013021700100259,2013년 2월 17일 18시,일요일,전라북도 전주시 완산구 동서학동,경상사고,0,0,1,0,차대사람 - 기타,신호위반,습기,흐림,교차로 - 교차로부근,승용,남,28세,상해없음,보행자,남,9세,경상
2013021700100260,2013년 2월 17일 18시,일요일,전라북도 군산시 미룡동,경상사고,0,0,1,0,차대차 - 측면직각충돌,안전거리미확보,습기,비,단일로 - 기타,승용,남,59세,상해없음,원동기,남,31세,경상
2013021700100261,2013년 2월 17일 18시,일요일,전라북도 익산시 팔봉동,경상사고,0,0,3,0,차대차 - 추돌 - 주정차중,안전거리미확보,습기,비,단일로 - 기타,승용,남,54세,기타불명,승용,남,35세,경상
2013021700100303,2013년 2월 17일 20시,일요일,전라북도 남원시 도통동,경상사고,0,0,1,0,차대차 - 측면직각충돌,불법유턴,습기,비,단일로 - 기타,승용,남,45세,상해없음,원동기,남,21세,경상
2013021700100329,2013년 2월 17일 21시,일요일,전라북도 정읍시 연지동,경상사고,0,0,2,0,차대차 - 추돌 - 주정차중,안전운전불이행,습기,비,교차로 - 교차로부근,화물,남,43세,상해없음,승용,남,51세,경상
2013021700100330,2013년 2월 17일 21시,일요일,전라북도 고창군 고창읍,경상사고,0,0,1,0,차대차 - 추돌 - 진행중,안전운전불이행,습기,비,단일로 - 기타,승용,남,40세,상해없음,승용,남,30세,경상
2013021700100350,2013년 2월 17일 22시,일요일,전라북도 전주시 완산구 효자동2가,경상사고,0,0,1,0,차대차 - 측면직각충돌,교차로운행방법위반,건조,맑음,교차로 - 교차로안,승용,남,30세,상해없음,승용,여,51세,경상
2013021800100018,2013년 2월 18일 01시,월요일,전라북도 전주시 덕진구 동산동,경상사고,0,0,1,0,차대차 - 측면직각충돌,안전운전불이행,건조,맑음,단일로 - 기타,승합,남,38세,상해없음,승용,남,50세,경상
2013021800100058,2013년 2월 18일 06시,월요일,전라북도 진안군 안천면,중상사고,0,1,1,0,차량단독 - 공작물충돌,안전운전불이행,습기,맑음,단일로 - 기타,화물,남,47세,중상,,,,
2013021800100087,2013년 2월 18일 08시,월요일,전라북도 진안군 안천면,경상사고,0,0,1,0,차대차 - 측면직각충돌,안전운전불이행,결빙,맑음,단일로 - 기타,승용,남,49세,기타불명,승합,남,39세,기타불명
2013021800100169,2013년 2월 18일 11시,월요일,전라북도 전주시 덕진구 팔복동1가,경상사고,0,0,1,0,차대차 - 측면직각충돌,안전운전불이행,건조,맑음,교차로 - 교차로부근,승용,남,32세,상해없음,승용,남,24세,상해없음