사고번호,사고일시,요일,시군구,사고내용,사망자수,중상자수,경상자수,부상신고자수,사고유형,법규위반,노면상태,기상상태,도로형태,가해운전자 차종,가해운전자 성별,가해운전자 연령,가해운전자 상해정도,피해운전자 차종,피해운전자 성별,피해운전자 연령,피해운전자 상해정도
2013022400100306,2013년 2월 24일 16시,일요일,전라북도 전주시 덕진구 진북동,중상사고,0,1,0,0,차대차 - 측면직각충돌,신호위반,건조,맑음,교차로 - 교차로안,승용,남,60세,상해없음,승용,남,64세,중상
2013022400100307,2013년 2월 24일 16시,일요일,전라북도 익산시 어양동,경상사고,0,0,1,0,차대사람 - 기타,안전운전불이행,건조,맑음,기타 - 기타,승용,남,36세,상해없음,보행자,남,45세,경상
2013022400100336,2013년 2월 24일 17시,일요일,전라북도 고창군 고창읍,중상사고,0,3,0,0,차대차 - 측면직각충돌,안전운전불이행,건조,맑음,교차로 - 교차로안,승용,남,43세,중상,승용,남,55세,중상
2013022400100403,2013년 2월 24일 19시,일요일,전라북도 군산시 문화동,경상사고,0,0,1,0,차대사람 - 보도통행중,신호위반,건조,맑음,교차로 - 교차로안,이륜,남,17세,상해없음,보행자,여,16세,경상
2013022400100404,2013년 2월 24일 19시,일요일,전라북도 정읍시 장명동,부상신고사고,0,0,0,1,차대차 - 측면직각충돌,직진우회전진행방해,건조,맑음,교차로 - 교차로안,자전거,남,44세,부상신고,승용,남,57세,상해없음
2013022400100405,2013년 2월 24일 19시,일요일,전라북도 부안군 줄포면,경상사고,0,0,2,0,차대차 - 측면직각충돌,직진우회전진행방해,건조,맑음,교차로 - 교차로안,승용,남,53세,경상,승용,여,49세,경상
2013022400100406,2013년 2월 24일 19시,일요일,전라북도 완주군 봉동읍,경상사고,0,0,5,0,차대차 - 추돌 - 주정차중,안전운전불이행,건조,맑음,교차로 - 교차로안,화물,남,59세,상해없음,승용,남,27세,상해없음
2013022400100463,2013년 2월 24일 21시,일요일,전라북도 전주시 완산구 삼천동1가,경상사고,0,0,1,0,차대차 - 추돌 - 주정차중,안전운전불이행,건조,맑음,교차로 - 교차로부근,승용,여,54세,상해없음,승용,여,37세,경상
2013022400100491,2013년 2월 24일 22시,일요일,전라북도 군산시 산북동,경상사고,0,0,1,0,차대차 - 기타,직진우회전진행방해,건조,기타,교차로 - 교차로안,승용,여,31세,상해없음,승용,남,65세,경상
2013022400100505,2013년 2월 24일 23시,일요일,전라북도 전주시 완산구 중화산동2가,중상사고,0,1,0,0,차대차 - 측면직각충돌,교차로운행방법위반,건조,맑음,교차로 - 교차로안,승용,남,48세,상해없음,원동기,남,28세,중상
2013022500100003,2013년 2월 25일 00시,월요일,전라북도 전주시 완산구 서신동,중상사고,0,1,4,0,차대차 - 측면직각충돌,교차로운행방법위반,건조,맑음,교차로 - 교차로안,승용,남,29세,상해없음,승용,남,66세,경상
2013022500100020,2013년 2월 25일 04시,월요일,전라북도 군산시 성산면,중상사고,0,1,0,0,차량단독 - 전도전복,안전운전불이행,건조,기타,단일로 - 기타,승용,여,16세,중상,,,,
2013022500100025,2013년 2월 25일 05시,월요일,전라북도 전주시 완산구 서서학동,경상사고,0,0,1,0,차대차 - 기타,신호위반,건조,맑음,교차로 - 교차로안,기타불명,기타불명,기타불명,기타불명,승용,남,49세,상해없음
2013022500100045,2013년 2월 25일 07시,월요일,전라북도 군산시 내초동,중상사고,0,1,4,0,차대차 - 기타,안전거리미확보,건조,맑음,단일로 - 기타,승용,여,25세,상해없음,승용,남,29세,경상
2013022500100065,2013년 2월 25일 08시,월요일,전라북도 익산시 삼기면,경상사고,0,0,2,0,차대차 - 측면직각충돌,안전운전불이행,건조,맑음,교차로 - 교차로안,승용,남,32세,경상,승용,남,45세,경상
2013022500100105,2013년 2월 25일 10시,월요일,전라북도 전주시 완산구 효자동3가,중상사고,0,1,1,0,차대차 - 기타,신호위반,건조,맑음,교차로 - 교차로안,승용,남,56세,상해없음,승용,남,52세,경상
2013022500100106,2013년 2월 25일 10시,월요일,전라북도 고창군 성송면,중상사고,0,1,0,0,차대차 - 측면직각충돌,중앙선침범,건조,맑음,교차로 - 교차로부근,건설기계,남,38세,상해없음,화물,남,51세,중상
2013022500100126,2013년 2월 25일 11시,월요일,전라북도 군산시 임피면,경상사고,0,0,1,0,차대차 - 측면직각충돌,안전운전불이행,건조,맑음,교차로 - 교차로안,승용,남,30세,상해없음,화물,남,40세,상해없음
2013022500100139,2013년 2월 25일 12시,월요일,전라북도 익산시 신동,경상사고,0,0,4,0,차대차 - 측면직각충돌,안전운전불이행,건조,맑음,단일로 - 기타,화물,여,33세,경상,승용,남,33세,경상
2013022500100183,2013년 2월 25일 14시,월요일,전라북도 군산시 지곡동,중상사고,0,1,0,0,차대차 - 측면직각충돌,신호위반,건조,맑음,교차로 - 교차로안,승용,남,19세,상해없음,이륜,남,54세,중상
2013022500100184,2013년 2월 25일 14시,월요일,전라북도 익산시 남중동,경상사고,0,0,1,0,차대사람 - 길가장자리구역통행중,안전운전불이행,건조,맑음,단일로 - 기타,승용,여,45세,상해없음,보행자,남,77세,경상
2013022500100207,2013년 2월 25일 15시,월요일,전라북도 전주시 완산구 중화산동1가,경상사고,0,0,3,0,차대차 - 측면직각충돌,신호위반,건조,맑음,교차로 - 교차로안,화물,남,56세,상해없음,승합,남,43세,경상
2013022500100295,2013년 2월 25일 18시,월요일,전라북도 전주시 완산구 평화동1가,경상사고,0,0,1,0,차대사람 - 기타,안전운전불이행,건조,맑음,단일로 - 기타,화물,남,39세,상해없음,보행자,남,62세,경상
2013022500100377,2013년 2월 25일 21시,월요일,전라북도 전주시 완산구 서신동,중상사고,0,1,0,0,차대사람 - 기타,안전운전불이행,건조,맑음,단일로 - 기타,승용,남,35세,상해없음,보행자,남,51세,중상
2013022500100378,2013년 2월 25일 21시,월요일,전라북도 부안군 부안읍,중상사고,0,1,0,1,차대차 - 추돌 - 주정차중,안전운전불이행,건조,맑음,단일로 - 기타,승용,남,42세,부상신고,승용,기타불명,23세,기타불명
2013022500100412,2013년 2월 25일 22시,월요일,전라북도 익산시 부송동,경상사고,0,0,1,0,차대차 - 측면직각충돌,중앙선침범,건조,맑음,단일로 - 기타,화물,남,49세,상해없음,승용,남,58세,경상
2013022500100434,2013년 2월 25일 23시,월요일,전라북도 전주시 덕진구 덕진동2가,경상사고,0,0,4,0,차대차 - 정면충돌,중앙선침범,건조,맑음,단일로 - 기타,승용,남,25세,상해없음,승용,남,52세,경상
2013022600100015,2013년 2월 26일 00시,화요일,전라북도 전주시 완산구 다가동3가,중상사고,0,1,0,0,차대차 - 기타,교차로운행방법위반,건조,맑음,교차로 - 교차로안,화물,남,58세,상해없음,승용,남,31세,중상
2013022600100016,2013년 2월 26일 00시,화요일,전라북도 전주시 완산구 중화산동2가,경상사고,0,0,2,0,차대차 - 기타,신호위반,건조,맑음,교차로 - 교차로안,승용,남,26세,상해없음,승용,남,27세,경상
2013022600100017,2013년 2월 26일 00시,화요일,전라북도 정읍시 부전동,중상사고,0,1,0,0,차량단독 - 공작물충돌,안전운전불이행,건조,맑음,단일로 - 기타,승용,남,39세,중상,,,,
2013022600100122,2013년 2월 26일 08시,화요일,전라북도 남원시 송동면,경상사고,0,0,2,0,차대차 - 측면직각충돌,직진우회전진행방해,건조,맑음,교차로 - 교차로안,승용,남,45세,상해없음,승용,여,32세,경상
2013022600100185,2013년 2월 26일 11시,화요일,전라북도 남원시 천거동,중상사고,0,1,0,0,차대차 - 측면직각충돌,신호위반,건조,맑음,교차로 - 교차로안,원동기,남,62세,중상,화물,남,65세,상해없음
2013022600100224,2013년 2월 26일 13시,화요일,전라북도 익산시 모현동1가,경상사고,0,0,1,0,차대차 - 기타,안전운전불이행,건조,맑음,교차로 - 교차로안,승용,남,58세,상해없음,승용,여,28세,경상
2013022600100225,2013년 2월 26일 13시,화요일,전라북도 정읍시 시기동,경상사고,0,0,2,0,차대차 - 측면직각충돌,신호위반,건조,맑음,교차로 - 교차로안,승용,남,75세,상해없음,승합,남,58세,상해없음
2013022600100226,2013년 2월 26일 13시,화요일,전라북도 정읍시 신태인읍,중상사고,0,1,0,0,차대차 - 기타,안전운전불이행,건조,맑음,교차로 - 교차로부근,기타불명,기타불명,기타불명,기타불명,자전거,남,11세,중상
2013022600100265,2013년 2월 26일 15시,화요일,전라북도 순창군 순창읍,경상사고,0,0,1,0,차대차 - 측면직각충돌,중앙선침범,건조,맑음,단일로 - 기타,승용,남,55세,상해없음,화물,남,36세,경상
2013022600100279,2013년 2월 26일 16시,화요일,전라북도 군산시 임피면,중상사고,0,1,0,0,차대차 - 측면직각충돌,중앙선침범,건조,맑음,단일로 - 기타,화물,남,39세,상해없음,이륜,남,73세,중상
2013022600100329,2013년 2월 26일 18시,화요일,전라북도 전주시 완산구 서신동,경상사고,0,0,1,0,차대사람 - 기타,안전운전불이행,건조,맑음,단일로 - 기타,승용,남,63세,상해없음,보행자,여,15세,경상
2013022600100330,2013년 2월 26일 18시,화요일,전라북도 전주시 완산구 평화동1가,경상사고,0,0,1,0,차대차 - 기타,안전운전불이행,건조,맑음,교차로 - 교차로안,승용,여,43세,상해없음,이륜,남,66세,상해없음
2013022600100331,2013년 2월 26일 18시,화요일,전라북도 전주시 덕진구 금암동,중상사고,0,1,0,0,차대차 - 측면직각충돌,안전운전불이행,건조,맑음,교차로 - 교차로부근,승합,남,72세,상해없음,승용,여,31세,중상
2013022600100362,2013년 2월 26일 19시,화요일,전라북도 전주시 덕진구 우아동3가,경상사고,0,0,2,0,차대사람 - 횡단중,중앙선침범,건조,맑음,단일로 - 기타,승용,남,51세,상해없음,보행자,여,21세,경상
2013022600100363,2013년 2월 26일 19시,화요일,전라북도 전주시 덕진구 우아동3가,경상사고,0,0,1,0,차대사람 - 차도통행중,안전운전불이행,건조,맑음,교차로 - 교차로안,화물,남,67세,상해없음,보행자,남,16세,경상
2013022600100364,2013년 2월 26일 19시,화요일,전라북도 임실군 오수면,경상사고,0,0,1,0,차대차 - 측면직각충돌,교차로운행방법위반,건조,맑음,교차로 - 교차로안,승용,남,69세,상해없음,이륜,남,52세,경상
2013022600100365,2013년 2월 26일 19시,화요일,전라북도 익산시 왕궁면,중상사고,0,4,14,0,차량단독 - 기타,기타,건조,맑음,단일로 - 기타,승합,남,40세,상해없음,,,,
2013022600100452,2013년 2월 26일 22시,화요일,전라북도 전주시 완산구 다가동2가,경상사고,0,0,2,0,차대차 - 기타,안전운전불이행,건조,맑음,교차로 - 교차로부근,승용,남,22세,상해없음,승용,남,47세,경상
2013022600100480,2013년 2월 26일 23시,화요일,전라북도 전주시 완산구 중화산동1가,경상사고,0,0,2,0,차대차 - 기타,안전운전불이행,건조,맑음,교차로 - 교차로안,승용,남,48세,상해없음,승용,남,30세,경상
2013022600100481,2013년 2월 26일 23시,화요일,전라북도 익산시 신동,경상사고,0,0,1,0,차대차 - 기타,안전운전불이행,건조,맑음,교차로 - 교차로안,승용,남,21세,상해없음,승용,남,31세,기타불명
2013022700100049,2013년 2월 27일 02시,수요일,전라북도 전주시 덕진구 인후동1가,경상사고,0,0,1,0,차대차 - 측면직각충돌,신호위반,건조,흐림,교차로 - 교차로안,승용,여,27세,상해없음,승용,여,50세,경상
2013022700100093,2013년 2월 27일 06시,수요일,전라북도 부안군 부안읍,경상사고,0,0,3,0,차대차 - 측면직각충돌,과속,건조,맑음,교차로 - 교차로안,화물,남,51세,경상,승용,남,53세,상해없음
2013022700100131,2013년 2월 27일 08시,수요일,전라북도 군산시 대야면,경상사고,0,0,1,0,차대차 - 기타,중앙선침범,건조,맑음,교차로 - 교차로부근,화물,남,29세,상해없음,승용,여,30세,경상
2013022700100132,2013년 2월 27일 08시,수요일,전라북도 익산시 어양동,경상사고,0,0,3,0,차대차 - 측면직각충돌,안전거리미확보,건조,맑음,단일로 - 기타,건설기계,남,55세,상해없음,승용,남,53세,경상
2013022700100214,2013년 2월 27일 11시,수요일,전라북도 전주시 완산구 평화동1가,경상사고,0,0,1,0,차대사람 - 기타,안전운전불이행,건조,맑음,교차로 - 교차로안,화물,남,49세,상해없음,보행자,남,69세,경상
2013022700100240,2013년 2월 27일 12시,수요일,전라북도 익산시 금마면,중상사고,0,1,0,0,차대차 - 측면직각충돌,안전운전불이행,건조,맑음,단일로 - 횡단보도상,화물,남,62세,상해없음,자전거,남,83세,중상
2013022700100271,2013년 2월 27일 13시,수요일,전라북도 부안군 부안읍,중상사고,0,1,0,0,차대사람 - 횡단중,안전운전불이행,건조,맑음,교차로 - 교차로부근,화물,남,25세,상해없음,보행자,남,83세,중상
2013022700100292,2013년 2월 27일 14시,수요일,전라북도 익산시 함열읍,경상사고,0,0,1,0,차대차 - 추돌 - 진행중,안전운전불이행,건조,맑음,단일로 - 기타,승용,남,71세,상해없음,승용,남,53세,경상
2013022700100293,2013년 2월 27일 14시,수요일,전라북도 순창군 복흥면,경상사고,0,0,3,0,차대차 - 측면직각충돌,직진우회전진행방해,건조,맑음,교차로 - 교차로안,승용,남,56세,기타불명,승용,남,45세,경상
2013022700100321,2013년 2월 27일 15시,수요일,전라북도 익산시 금마면,중상사고,0,1,0,0,차대차 - 추돌 - 진행중,안전운전불이행,건조,맑음,단일로 - 기타,원동기,남,74세,중상,승용,남,49세,상해없음
2013022700100353,2013년 2월 27일 16시,수요일,전라북도 익산시 영등동,중상사고,0,1,0,0,차대사람 - 횡단중,안전운전불이행,건조,맑음,단일로 - 기타,승용,남,42세,상해없음,보행자,남,4세,중상
2013022700100387,2013년 2월 27일 17시,수요일,전라북도 전주시 완산구 서신동,경상사고,0,0,2,0,차대차 - 추돌 - 주정차중,안전운전불이행,건조,맑음,교차로 - 교차로안,승용,여,42세,상해없음,승용,남,33세,경상
2013022700100411,2013년 2월 27일 18시,수요일,전라북도 익산시 팔봉동,중상사고,0,1,0,0,차량단독 - 전도전복,안전운전불이행,건조,맑음,단일로 - 기타,원동기,남,71세,중상,,,,
2013022700100412,2013년 2월 27일 18시,수요일,전라북도 정읍시 시기동,경상사고,0,0,1,0,차대차 - 기타,안전운전불이행,건조,맑음,기타 - 기타,승용,여,24세,상해없음,이륜,남,53세,경상
2013022700100442,2013년 2월 27일 19시,수요일,전라북도 군산시 사정동,경상사고,0,0,1,0,차대차 - 측면직각충돌,안전운전불이행,건조,맑음,기타 - 기타,승용,여,31세,상해없음,자전거,남,23세,경상
2013022700100443,2013년 2월 27일 19시,수요일,전라북도 남원시 천거동,중상사고,0,1,0,0,차대차 - 측면직각충돌,안전운전불이행,건조,맑음,교차로 - 교차로안,승용,남,46세,상해없음,원동기,여,66세,중상
2013022700100444,2013년 2월 27일 19시,수요일,전라북도 고창군 흥덕면,중상사고,0,4,1,0,차대차 - 측면직각충돌,안전운전불이행,건조,맑음,교차로 - 교차로안,화물,남,66세,경상,승용,남,53세,중상
2013022700100503,2013년 2월 27일 21시,수요일,전라북도 전주시 덕진구 덕진동1가,경상사고,0,0,1,0,차대차 - 측면직각충돌,안전운전불이행,건조,맑음,단일로 - 횡단보도부근,이륜,남,18세,상해없음,자전거,남,54세,경상
2013022700100504,2013년 2월 27일 21시,수요일,전라북도 군산시 소룡동,경상사고,0,0,1,0,차대차 - 정면충돌,안전운전불이행,건조,맑음,교차로 - 교차로부근,승용,남,33세,상해없음,승용,여,30세,경상
2013022700100558,2013년 2월 27일 23시,수요일,전라북도 전주시 덕진구 우아동2가,경상사고,0,0,1,0,차대차 - 측면직각충돌,교차로운행방법위반,건조,맑음,교차로 - 교차로안,승용,남,47세,경상,승용,남,41세,상해없음
2013022800100102,2013년 2월 28일 07시,목요일,전라북도 군산시 옥산면,경상사고,0,0,1,0,차대차 - 측면직각충돌,안전거리미확보,기타,안개,단일로 - 기타,승용,남,28세,상해없음,승용,남,55세,경상
2013022800100103,2013년 2월 28일 07시,목요일,전라북도 군산시 서수면,경상사고,0,0,1,0,차량단독 - 공작물충돌,안전운전불이행,건조,맑음,단일로 - 기타,승용,남,19세,경상,,,,
2013022800100131,2013년 2월 28일 08시,목요일,전라북도 김제시 검산동,경상사고,0,0,2,0,차대차 - 추돌 - 주정차중,안전운전불이행,건조,맑음,교차로 - 교차로부근,승용,여,64세,상해없음,승합,여,41세,경상
2013022800100132,2013년 2월 28일 08시,목요일,전라북도 부안군 계화면,경상사고,0,0,2,0,차대차 - 기타,안전운전불이행,습기,안개,단일로 - 기타,화물,남,67세,경상,승용,여,52세,경상
2013022800100213,2013년 2월 28일 11시,목요일,전라북도 군산시 서흥남동,경상사고,0,0,1,0,차대사람 - 차도통행중,안전운전불이행,건조,맑음,단일로 - 기타,승용,여,50세,상해없음,보행자,남,9세,경상
2013022800100214,2013년 2월 28일 11시,목요일,전라북도 정읍시 상동,사망사고,1,0,0,0,차대차 - 정면충돌,안전운전불이행,건조,맑음,교차로 - 교차로부근,승용,여,57세,사망,화물,남,52세,상해없음
2013022800100241,2013년 2월 28일 12시,목요일,전라북도 익산시 마동,경상사고,0,0,1,0,차대차 - 추돌 - 진행중,안전운전불이행,건조,맑음,교차로 - 교차로안,승용,남,57세,상해없음,승용,남,36세,경상
2013022800100242,2013년 2월 28일 12시,목요일,전라북도 진안군 부귀면,중상사고,0,1,0,0,차대차 - 측면직각충돌,안전거리미확보,건조,맑음,단일로 - 기타,특수,남,64세,상해없음,승용,여,29세,중상
2013022800100294,2013년 2월 28일 14시,목요일,전라북도 익산시 팔봉동,경상사고,0,0,2,0,차대차 - 추돌 - 주정차중,안전운전불이행,건조,맑음,단일로 - 기타,승용,남,69세,상해없음,승용,남,35세,경상
2013022800100295,2013년 2월 28일 14시,목요일,전라북도 정읍시 태인면,사망사고,1,0,0,0,차대차 - 기타,과속,건조,맑음,단일로 - 기타,화물,남,36세,상해없음,자전거,여,57세,사망
2013022800100320,2013년 2월 28일 15시,목요일,전라북도 전주시 완산구 남노송동,경상사고,0,0,3,1,차대차 - 측면직각충돌,교차로운행방법위반,건조,맑음,교차로 - 교차로안,승용,여,44세,상해없음,화물,남,66세,경상
2013022800100321,2013년 2월 28일 15시,목요일,전라북도 군산시 소룡동,중상사고,0,1,0,0,차대사람 - 횡단중,안전운전불이행,건조,맑음,단일로 - 기타,승합,남,63세,상해없음,보행자,남,15세,중상
2013022800100350,2013년 2월 28일 16시,목요일,전라북도 익산시 금마면,경상사고,0,0,1,0,차대차 - 측면직각충돌,안전운전불이행,건조,맑음,단일로 - 기타,화물,기타불명,기타불명,기타불명,승용,여,38세,경상
2013022800100351,2013년 2월 28일 16시,목요일,전라북도 정읍시 태인면,중상사고,0,1,1,0,차대차 - 추돌 - 진행중,안전운전불이행,건조,맑음,단일로 - 교량,화물,남,28세,상해없음,화물,남,66세,중상
2013022800100369,2013년 2월 28일 17시,목요일,전라북도 전주시 완산구 효자동1가,경상사고,0,0,2,0,차량단독 - 기타,안전운전불이행,건조,맑음,단일로 - 기타,승용,남,52세,상해없음,,,,
2013022800100370,2013년 2월 28일 17시,목요일,전라북도 익산시 남중동,중상사고,0,1,0,0,차대차 - 정면충돌,직진우회전진행방해,건조,맑음,교차로 - 교차로안,승용,여,33세,상해없음,원동기,남,19세,중상
2013022800100404,2013년 2월 28일 18시,목요일,전라북도 군산시 개복동,경상사고,0,0,1,0,차대차 - 측면직각충돌,중앙선침범,건조,맑음,단일로 - 기타,승용,여,21세,상해없음,승용,여,38세,경상
2013022800100448,2013년 2월 28일 19시,목요일,전라북도 군산시 수송동,중상사고,0,1,1,0,차대차 - 측면직각충돌,교차로운행방법위반,건조,맑음,교차로 - 교차로안,승용,여,27세,상해없음,승용,남,57세,경상
2013022800100449,2013년 2월 28일 19시,목요일,전라북도 김제시 금구면,경상사고,0,0,5,0,차대차 - 추돌 - 진행중,안전거리미확보,건조,맑음,단일로 - 기타,승합,남,57세,상해없음,화물,남,40세,경상
2013022800100475,2013년 2월 28일 20시,목요일,전라북도 군산시 나운동,경상사고,0,0,1,0,차대차 - 측면직각충돌,교차로운행방법위반,건조,맑음,교차로 - 교차로안,승용,남,57세,상해없음,이륜,남,17세,경상
2013022800100476,2013년 2월 28일 20시,목요일,전라북도 군산시 서수면,중상사고,0,2,0,0,차량단독 - 기타,안전운전불이행,건조,맑음,단일로 - 기타,승용,여,51세,상해없음,,,,
2013022800100477,2013년 2월 28일 20시,목요일,전라북도 남원시 월락동,경상사고,0,0,1,0,차대사람 - 기타,안전운전불이행,건조,맑음,교차로 - 교차로부근,승용,남,28세,상해없음,보행자,여,52세,경상
2013022800100580,2013년 2월 28일 23시,목요일,전라북도 군산시 금암동,경상사고,0,0,3,0,차대차 - 추돌 - 진행중,안전운전불이행,건조,맑음,교차로 - 교차로부근,승용,남,27세,상해없음,승용,여,22세,경상
2013030100100083,2013년 3월 1일 02시,금요일,전라북도 전주시 완산구 중화산동2가,중상사고,0,2,2,0,차대차 - 기타,안전운전불이행,습기,비,교차로 - 교차로부근,승용,여,26세,상해없음,승용,남,58세,경상
2013030100100084,2013년 3월 1일 02시,금요일,전라북도 전주시 덕진구 금암동,경상사고,0,0,2,0,차대차 - 추돌 - 진행중,신호위반,건조,맑음,교차로 - 교차로안,승용,남,36세,상해없음,승용,남,33세,경상
2013030100100169,2013년 3월 1일 06시,금요일,전라북도 군산시 대명동,중상사고,0,1,0,0,차대사람 - 횡단중,보행자보호의무위반,습기,안개,교차로 - 교차로안,승용,남,65세,상해없음,보행자,여,66세,중상
2013030100100170,2013년 3월 1일 06시,금요일,전라북도 김제시 연정동,중상사고,0,1,0,0,차대사람 - 횡단중,안전운전불이행,습기,비,단일로 - 기타,화물,남,41세,상해없음,보행자,여,71세,중상
2013030100100185,2013년 3월 1일 07시,금요일,전라북도 완주군 용진면,경상사고,0,0,1,0,차대차 - 추돌 - 주정차중,안전운전불이행,습기,비,교차로 - 교차로부근,승용,남,41세,상해없음,승용,남,57세,경상
2013030100100204,2013년 3월 1일 08시,금요일,전라북도 전주시 덕진구 금암동,중상사고,0,1,0,0,차대사람 - 차도통행중,안전운전불이행,습기,비,교차로 - 교차로안,승용,남,56세,상해없음,보행자,여,87세,중상
2013030100100218,2013년 3월 1일 09시,금요일,전라북도 전주시 덕진구 금암동,경상사고,0,0,3,0,차대차 - 추돌 - 진행중,안전거리미확보,건조,흐림,교차로 - 교차로안,승용,남,59세,상해없음,승용,남,64세,경상
2013030100100251,2013년 3월 1일 11시,금요일,전라북도 익산시 마동,경상사고,0,0,1,0,차대차 - 추돌 - 주정차중,안전운전불이행,건조,맑음,교차로 - 교차로부근,승용,여,41세,상해없음,승용,남,55세,경상
2013030100100252,2013년 3월 1일 11시,금요일,전라북도 장수군 장계면,경상사고,0,0,1,0,차대사람 - 보도통행중,안전운전불이행,건조,맑음,기타 - 기타,화물,남,18세,상해없음,보행자,남,65세,경상
2013030100100312,2013년 3월 1일 14시,금요일,전라북도 전주시 덕진구 팔복동3가,중상사고,0,1,0,0,차대차 - 기타,안전운전불이행,건조,맑음,교차로 - 교차로안,승용,여,41세,상해없음,자전거,남,75세,중상
2013030100100313,2013년 3월 1일 14시,금요일,전라북도 정읍시 수성동,경상사고,0,0,1,0,차대차 - 추돌 - 진행중,안전운전불이행,건조,흐림,교차로 - 교차로부근,화물,남,51세,상해없음,승용,남,46세,경상
2013030100100393,2013년 3월 1일 17시,금요일,전라북도 전주시 완산구 경원동1가,중상사고,0,1,0,0,차대사람 - 기타,안전운전불이행,건조,맑음,단일로 - 기타,승용,남,66세,상해없음,보행자,여,26세,중상
2013030100100394,2013년 3월 1일 17시,금요일,전라북도 진안군 백운면,중상사고,0,1,0,0,차량단독 - 기타,안전운전불이행,건조,맑음,단일로 - 기타,승합,남,71세,중상,,,,
2013030100100417,2013년 3월 1일 18시,금요일,전라북도 익산시 영등동,중상사고,0,1,0,0,차대사람 - 횡단중,보행자보호의무위반,건조,맑음,교차로 - 교차로안,승합,남,33세,상해없음,보행자,여,47세,중상
2013030100100418,2013년 3월 1일 18시,금요일,전라북도 남원시 용정동,중상사고,0,1,0,0,차대차 - 정면충돌,중앙선침범,건조,맑음,단일로 - 기타,승용,남,44세,상해없음,화물,남,49세,중상
2013030100100450,2013년 3월 1일 19시,금요일,전라북도 군산시 미원동,경상사고,0,0,1,0,차대차 - 측면직각충돌,안전운전불이행,건조,맑음,교차로 - 교차로안,기타불명,기타불명,기타불명,기타불명,자전거,남,61세,경상
2013030100100473,2013년 3월 1일 20시,금요일,전라북도 전주시 완산구 원당동,경상사고,0,0,1,0,차대사람 - 기타,안전운전불이행,건조,흐림,교차로 - 교차로부근,기타불명,기타불명,기타불명,기타불명,보행자,남,49세,경상
2013030100100474,2013년 3월 1일 20시,금요일,전라북도 군산시 나운동,경상사고,0,0,2,0,차대차 - 추돌 - 주정차중,안전운전불이행,건조,맑음,교차로 - 교차로부근,화물,남,25세,상해없음,승용,남,22세,경상
2013030100100475,2013년 3월 1일 20시,금요일,전라북도 익산시 영등동,경상사고,0,0,1,0,차대차 - 정면충돌,중앙선침범,건조,맑음,단일로 - 기타,화물,여,52세,상해없음,승용,남,49세,경상
2013030100100476,2013년 3월 1일 20시,금요일,전라북도 정읍시 상동,중상사고,0,1,0,0,차대차 - 기타,안전거리미확보,건조,맑음,단일로 - 기타,이륜,남,17세,중상,승용,남,59세,상해없음
2013030100100489,2013년 3월 1일 21시,금요일,전라북도 고창군 성내면,중상사고,0,1,2,0,차대차 - 추돌 - 진행중,안전운전불이행,건조,맑음,단일로 - 기타,승용,여,36세,경상,승용,남,42세,경상
2013030100100525,2013년 3월 1일 22시,금요일,전라북도 김제시 요촌동,중상사고,0,1,0,0,차대차 - 측면직각충돌,직진우회전진행방해,건조,맑음,교차로 - 교차로안,승용,남,46세,상해없음,원동기,남,33세,중상
2013030200100016,2013년 3월 2일 00시,토요일,전라북도 익산시 신동,경상사고,0,0,1,0,차대차 - 측면직각충돌,안전운전불이행,건조,맑음,단일로 - 기타,승용,남,29세,상해없음,승용,남,26세,경상
2013030200100017,2013년 3월 2일 00시,토요일,전라북도 남원시 도통동,중상사고,0,2,2,0,차대차 - 측면직각충돌,직진우회전진행방해,건조,맑음,교차로 - 교차로안,화물,여,43세,상해없음,승용,여,41세,중상
2013030200100078,2013년 3월 2일 05시,토요일,전라북도 김제시 백산면,경상사고,0,0,4,0,차대차 - 정면충돌,중앙선침범,건조,맑음,단일로 - 기타,화물,남,23세,상해없음,승용,남,36세,경상
2013030200100113,2013년 3월 2일 08시,토요일,전라북도 임실군 성수면,경상사고,0,0,1,0,차대차 - 측면직각충돌,신호위반,건조,맑음,교차로 - 교차로안,화물,남,56세,상해없음,화물,여,51세,경상
2013030200100168,2013년 3월 2일 11시,토요일,전라북도 군산시 서수면,경상사고,0,0,1,0,차대차 - 추돌 - 주정차중,신호위반,건조,맑음,교차로 - 교차로안,화물,남,33세,상해없음,화물,남,52세,경상
2013030200100169,2013년 3월 2일 11시,토요일,전라북도 익산시 모현동1가,경상사고,0,0,1,0,차대차 - 측면직각충돌,안전운전불이행,건조,맑음,교차로 - 교차로안,승용,남,22세,상해없음,승용,여,51세,경상
2013030200100240,2013년 3월 2일 14시,토요일,전라북도 군산시 대명동,경상사고,0,0,1,0,차대차 - 추돌 - 주정차중,안전운전불이행,건조,맑음,단일로 - 기타,승용,여,30세,상해없음,화물,기타불명,기타불명,기타불명
2013030200100261,2013년 3월 2일 15시,토요일,전라북도 군산시 나운동,경상사고,0,0,2,0,차대차 - 측면직각충돌,직진우회전진행방해,건조,맑음,교차로 - 교차로안,승용,남,44세,상해없음,승용,남,48세,경상
2013030200100284,2013년 3월 2일 16시,토요일,전라북도 전주시 완산구 효자동3가,경상사고,0,0,1,0,차대차 - 측면직각충돌,신호위반,건조,맑음,교차로 - 교차로안,승용,남,33세,상해없음,승용,남,50세,경상