사고번호,사고일시,요일,시군구,사고내용,사망자수,중상자수,경상자수,부상신고자수,사고유형,법규위반,노면상태,기상상태,도로형태,가해운전자 차종,가해운전자 성별,가해운전자 연령,가해운전자 상해정도,피해운전자 차종,피해운전자 성별,피해운전자 연령,피해운전자 상해정도
2013030200100315,2013년 3월 2일 17시,토요일,전라북도 전주시 완산구 전동,경상사고,0,0,1,0,차대차 - 기타,안전운전불이행,건조,맑음,단일로 - 기타,승합,남,41세,상해없음,승용,남,50세,경상
2013030200100340,2013년 3월 2일 18시,토요일,전라북도 정읍시 시기동,경상사고,0,0,1,0,차대사람 - 기타,안전운전불이행,건조,맑음,단일로 - 기타,승용,남,41세,상해없음,보행자,여,34세,경상
2013030200100374,2013년 3월 2일 19시,토요일,전라북도 부안군 부안읍,중상사고,0,1,0,0,차량단독 - 전도전복,안전운전불이행,건조,맑음,단일로 - 기타,원동기,남,65세,중상,,,,
2013030200100401,2013년 3월 2일 20시,토요일,전라북도 익산시 인화동1가,경상사고,0,0,1,0,차대차 - 측면직각충돌,신호위반,건조,맑음,교차로 - 교차로안,승용,남,53세,상해없음,승용,여,56세,상해없음
2013030200100402,2013년 3월 2일 20시,토요일,전라북도 정읍시 옹동면,중상사고,0,1,0,0,차대차 - 측면직각충돌,중앙선침범,건조,맑음,단일로 - 기타,승용,여,38세,상해없음,승용,남,32세,중상
2013030200100403,2013년 3월 2일 20시,토요일,전라북도 진안군 진안읍,경상사고,0,0,3,0,차량단독 - 공작물충돌,안전운전불이행,건조,맑음,단일로 - 기타,승용,남,33세,경상,,,,
2013030200100430,2013년 3월 2일 21시,토요일,전라북도 전주시 완산구 중화산동2가,경상사고,0,0,1,0,차대사람 - 기타,안전운전불이행,건조,맑음,교차로 - 교차로안,승용,여,46세,상해없음,보행자,남,47세,경상
2013030200100431,2013년 3월 2일 21시,토요일,전라북도 익산시 오산면,경상사고,0,0,1,0,차대차 - 정면충돌,중앙선침범,건조,맑음,교차로 - 교차로부근,승용,남,30세,상해없음,승용,남,43세,경상
2013030200100432,2013년 3월 2일 21시,토요일,전라북도 익산시 영등동,중상사고,0,2,0,0,차대차 - 측면직각충돌,신호위반,건조,맑음,단일로 - 기타,승용,여,47세,상해없음,이륜,남,22세,중상
2013030200100459,2013년 3월 2일 22시,토요일,전라북도 부안군 부안읍,중상사고,0,1,0,0,차대사람 - 기타,안전운전불이행,건조,맑음,단일로 - 기타,승용,여,49세,상해없음,보행자,남,17세,중상
2013030300100018,2013년 3월 3일 00시,일요일,전라북도 전주시 덕진구 성덕동,사망사고,1,0,0,0,차량단독 - 전도전복,안전운전불이행,건조,맑음,단일로 - 기타,승용,남,46세,사망,,,,
2013030300100098,2013년 3월 3일 06시,일요일,전라북도 정읍시 내장동,경상사고,0,0,5,0,차대차 - 추돌 - 진행중,안전거리미확보,건조,맑음,교차로 - 교차로안,승용,남,20세,상해없음,승용,남,19세,경상
2013030300100105,2013년 3월 3일 07시,일요일,전라북도 고창군 고창읍,중상사고,0,1,0,0,차대차 - 측면직각충돌,교차로운행방법위반,건조,맑음,교차로 - 교차로안,건설기계,남,54세,상해없음,승용,여,63세,중상
2013030300100132,2013년 3월 3일 10시,일요일,전라북도 익산시 어양동,경상사고,0,0,3,0,차대차 - 측면직각충돌,신호위반,건조,맑음,교차로 - 교차로부근,승용,여,38세,상해없음,승용,여,35세,경상
2013030300100179,2013년 3월 3일 13시,일요일,전라북도 고창군 고창읍,경상사고,0,0,2,0,차대차 - 측면직각충돌,중앙선침범,건조,맑음,단일로 - 기타,승용,남,51세,상해없음,승용,남,48세,경상
2013030300100221,2013년 3월 3일 15시,일요일,전라북도 김제시 황산동,경상사고,0,0,4,0,차대차 - 측면직각충돌,신호위반,건조,맑음,교차로 - 교차로안,화물,남,47세,상해없음,승용,여,39세,경상
2013030300100247,2013년 3월 3일 16시,일요일,전라북도 익산시 남중동,경상사고,0,0,1,0,차대차 - 측면직각충돌,안전운전불이행,건조,맑음,교차로 - 교차로부근,승용,남,42세,상해없음,자전거,남,56세,경상
2013030300100248,2013년 3월 3일 16시,일요일,전라북도 부안군 부안읍,중상사고,0,1,0,0,차대차 - 측면직각충돌,교차로운행방법위반,건조,맑음,교차로 - 교차로안,이륜,남,78세,중상,승용,남,51세,상해없음
2013030300100249,2013년 3월 3일 16시,일요일,전라북도 완주군 이서면,경상사고,0,0,3,0,차대차 - 추돌 - 주정차중,안전거리미확보,건조,맑음,단일로 - 기타,승용,남,27세,상해없음,승용,여,40세,경상
2013030300100250,2013년 3월 3일 16시,일요일,전라북도 완주군 이서면,경상사고,0,0,3,0,차대차 - 추돌 - 주정차중,안전거리미확보,건조,맑음,단일로 - 기타,승용,여,47세,상해없음,승용,남,27세,상해없음
2013030300100274,2013년 3월 3일 17시,일요일,전라북도 군산시 대야면,중상사고,0,1,1,0,차대차 - 추돌 - 진행중,안전운전불이행,건조,맑음,단일로 - 기타,승용,남,38세,상해없음,승용,남,52세,경상
2013030300100295,2013년 3월 3일 18시,일요일,전라북도 군산시 수송동,경상사고,0,0,2,0,차대차 - 추돌 - 주정차중,안전운전불이행,건조,맑음,교차로 - 교차로부근,승용,남,47세,상해없음,승용,남,38세,경상
2013030300100296,2013년 3월 3일 18시,일요일,전라북도 익산시 인화동1가,경상사고,0,0,4,0,차대차 - 정면충돌,신호위반,건조,맑음,교차로 - 교차로안,승용,남,65세,기타불명,승용,여,26세,경상
2013030300100354,2013년 3월 3일 20시,일요일,전라북도 김제시 백구면,경상사고,0,0,1,0,차대차 - 측면직각충돌,중앙선침범,건조,맑음,단일로 - 기타,승용,남,51세,상해없음,승용,남,58세,경상
2013030300100374,2013년 3월 3일 21시,일요일,전라북도 군산시 구암동,경상사고,0,0,1,0,차대차 - 측면직각충돌,안전거리미확보,건조,맑음,단일로 - 기타,승용,남,21세,상해없음,승용,남,47세,경상
2013030300100375,2013년 3월 3일 21시,일요일,전라북도 무주군 설천면,경상사고,0,0,2,0,차량단독 - 공작물충돌,안전운전불이행,건조,맑음,단일로 - 기타,화물,남,42세,상해없음,,,,
2013030300100392,2013년 3월 3일 22시,일요일,전라북도 전주시 완산구 효자동3가,경상사고,0,0,1,0,차대사람 - 횡단중,신호위반,건조,맑음,단일로 - 횡단보도상,화물,남,34세,상해없음,보행자,여,17세,경상
2013030300100393,2013년 3월 3일 22시,일요일,전라북도 남원시 사매면,중상사고,0,1,1,0,차대차 - 정면충돌,중앙선침범,건조,맑음,단일로 - 기타,화물,남,47세,상해없음,승용,남,50세,경상
2013030300100410,2013년 3월 3일 23시,일요일,전라북도 전주시 덕진구 인후동1가,중상사고,0,1,0,0,차량단독 - 공작물충돌,안전운전불이행,건조,맑음,단일로 - 기타,승용,남,18세,상해없음,,,,
2013030300100411,2013년 3월 3일 23시,일요일,전라북도 정읍시 수성동,경상사고,0,0,1,0,차대사람 - 횡단중,보행자보호의무위반,건조,맑음,단일로 - 횡단보도상,승용,남,50세,상해없음,보행자,남,36세,경상
2013030400100043,2013년 3월 4일 05시,월요일,전라북도 전주시 덕진구 진북동,중상사고,0,1,1,0,차대차 - 측면직각충돌,신호위반,건조,맑음,교차로 - 교차로안,승용,남,57세,상해없음,승용,여,54세,경상
2013030400100051,2013년 3월 4일 06시,월요일,전라북도 전주시 덕진구 인후동1가,경상사고,0,0,1,0,차대차 - 추돌 - 진행중,안전운전불이행,건조,맑음,단일로 - 기타,승용,남,43세,상해없음,승용,남,40세,경상
2013030400100065,2013년 3월 4일 07시,월요일,전라북도 전주시 완산구 동완산동,중상사고,0,1,0,0,차대차 - 추돌 - 진행중,안전거리미확보,건조,맑음,단일로 - 기타,승용,남,62세,상해없음,이륜,남,51세,중상
2013030400100112,2013년 3월 4일 09시,월요일,전라북도 익산시 오산면,경상사고,0,0,2,0,차대차 - 측면직각충돌,안전운전불이행,건조,맑음,교차로 - 교차로안,승합,남,71세,상해없음,이륜,남,79세,경상
2013030400100172,2013년 3월 4일 11시,월요일,전라북도 익산시 평화동,경상사고,0,0,1,0,차대차 - 기타,기타,건조,맑음,단일로 - 기타,승합,남,44세,상해없음,이륜,남,46세,상해없음
2013030400100173,2013년 3월 4일 11시,월요일,전라북도 김제시 교동,중상사고,0,1,0,0,차대차 - 측면직각충돌,안전거리미확보,건조,맑음,단일로 - 기타,승용,남,43세,상해없음,원동기,남,47세,중상
2013030400100204,2013년 3월 4일 12시,월요일,전라북도 김제시 성덕면,경상사고,0,0,2,0,차대차 - 추돌 - 진행중,안전운전불이행,건조,맑음,단일로 - 기타,화물,남,57세,상해없음,승합,남,53세,상해없음
2013030400100255,2013년 3월 4일 14시,월요일,전라북도 익산시 동산동,경상사고,0,0,1,0,차대사람 - 기타,안전운전불이행,건조,맑음,단일로 - 기타,승용,여,26세,상해없음,보행자,남,53세,경상
2013030400100282,2013년 3월 4일 15시,월요일,전라북도 전주시 완산구 삼천동1가,중상사고,0,1,0,0,차대차 - 기타,안전운전불이행,건조,맑음,단일로 - 기타,승용,여,37세,상해없음,자전거,남,71세,중상
2013030400100283,2013년 3월 4일 15시,월요일,전라북도 익산시 영등동,경상사고,0,0,2,0,차대차 - 측면직각충돌,안전운전불이행,건조,맑음,단일로 - 기타,승용,남,38세,상해없음,승용,여,54세,경상
2013030400100306,2013년 3월 4일 16시,월요일,전라북도 익산시 남중동,경상사고,0,0,1,0,차대차 - 추돌 - 진행중,안전운전불이행,건조,맑음,교차로 - 교차로부근,승합,남,46세,상해없음,승용,여,43세,경상
2013030400100328,2013년 3월 4일 17시,월요일,전라북도 군산시 조촌동,경상사고,0,0,1,0,차대사람 - 기타,안전운전불이행,건조,맑음,단일로 - 기타,화물,남,37세,상해없음,보행자,남,18세,경상
2013030400100374,2013년 3월 4일 18시,월요일,전라북도 전주시 덕진구 전미동1가,중상사고,0,1,0,0,차대사람 - 차도통행중,보행자보호의무위반,건조,맑음,단일로 - 기타,화물,남,23세,상해없음,보행자,남,77세,중상
2013030400100405,2013년 3월 4일 19시,월요일,전라북도 전주시 완산구 중화산동2가,경상사고,0,0,3,0,차대차 - 측면직각충돌,직진우회전진행방해,건조,맑음,교차로 - 교차로안,화물,남,54세,상해없음,승용,남,55세,경상
2013030400100406,2013년 3월 4일 19시,월요일,전라북도 익산시 인화동1가,중상사고,0,1,0,0,차대차 - 정면충돌,중앙선침범,건조,맑음,단일로 - 기타,승용,남,27세,상해없음,자전거,남,59세,중상
2013030400100407,2013년 3월 4일 19시,월요일,전라북도 익산시 남중동,경상사고,0,0,1,0,차대사람 - 횡단중,안전운전불이행,건조,맑음,교차로 - 교차로안,승용,남,46세,상해없음,보행자,여,59세,경상
2013030400100408,2013년 3월 4일 19시,월요일,전라북도 남원시 주천면,경상사고,0,0,1,0,차대차 - 측면직각충돌,중앙선침범,건조,맑음,단일로 - 기타,승합,남,60세,상해없음,화물,남,48세,경상
2013030400100437,2013년 3월 4일 20시,월요일,전라북도 전주시 덕진구 인후동2가,경상사고,0,0,1,0,차대차 - 정면충돌,안전운전불이행,건조,맑음,단일로 - 기타,화물,남,59세,상해없음,승용,여,28세,경상
2013030400100438,2013년 3월 4일 20시,월요일,전라북도 군산시 문화동,경상사고,0,0,1,0,차대차 - 추돌 - 주정차중,안전운전불이행,건조,맑음,교차로 - 교차로부근,승용,남,47세,상해없음,승용,남,44세,경상
2013030400100462,2013년 3월 4일 21시,월요일,전라북도 군산시 수송동,경상사고,0,0,1,0,차대차 - 측면직각충돌,신호위반,건조,맑음,교차로 - 교차로안,승용,남,33세,상해없음,승용,남,58세,경상
2013030400100487,2013년 3월 4일 22시,월요일,전라북도 익산시 마동,경상사고,0,0,3,0,차대차 - 측면직각충돌,신호위반,건조,맑음,교차로 - 교차로안,승용,남,56세,경상,승용,남,41세,경상
2013030400100508,2013년 3월 4일 23시,월요일,전라북도 전주시 덕진구 금암동,중상사고,0,1,3,0,차대차 - 추돌 - 주정차중,안전운전불이행,건조,맑음,단일로 - 기타,승용,남,49세,상해없음,승용,남,61세,중상
2013030500100012,2013년 3월 5일 00시,화요일,전라북도 전주시 덕진구 송천동2가,경상사고,0,0,1,0,차대차 - 추돌 - 주정차중,안전운전불이행,건조,맑음,단일로 - 기타,승용,남,43세,상해없음,승용,남,51세,경상
2013030500100013,2013년 3월 5일 00시,화요일,전라북도 익산시 영등동,경상사고,0,0,1,0,차대사람 - 횡단중,보행자보호의무위반,습기,비,교차로 - 교차로안,화물,여,54세,상해없음,보행자,남,28세,경상
2013030500100051,2013년 3월 5일 04시,화요일,전라북도 군산시 산북동,중상사고,0,1,1,0,차대차 - 측면직각충돌,직진우회전진행방해,건조,맑음,교차로 - 교차로안,이륜,남,18세,중상,승용,여,44세,경상
2013030500100089,2013년 3월 5일 07시,화요일,전라북도 전주시 완산구 효자동1가,경상사고,0,0,1,0,차대사람 - 횡단중,안전운전불이행,건조,맑음,단일로 - 기타,승용,남,55세,상해없음,보행자,여,17세,경상
2013030500100090,2013년 3월 5일 07시,화요일,전라북도 전주시 완산구 효자동3가,경상사고,0,0,2,0,차대차 - 추돌 - 진행중,안전운전불이행,건조,맑음,교차로 - 교차로안,승용,남,41세,상해없음,승용,남,42세,경상
2013030500100139,2013년 3월 5일 09시,화요일,전라북도 전주시 덕진구 진북동,중상사고,0,1,0,0,차대차 - 측면직각충돌,안전운전불이행,건조,맑음,교차로 - 교차로안,화물,남,24세,상해없음,자전거,남,67세,중상
2013030500100172,2013년 3월 5일 10시,화요일,전라북도 전주시 완산구 효자동3가,경상사고,0,0,3,0,차대차 - 정면충돌,신호위반,건조,맑음,교차로 - 교차로안,화물,남,71세,상해없음,승용,남,42세,경상
2013030500100173,2013년 3월 5일 10시,화요일,전라북도 전주시 완산구 삼천동1가,경상사고,0,0,1,0,차대차 - 기타,불법유턴,건조,맑음,단일로 - 기타,승용,남,57세,상해없음,승용,남,35세,경상
2013030500100174,2013년 3월 5일 10시,화요일,전라북도 익산시 중앙동1가,경상사고,0,0,1,0,차대사람 - 기타,안전운전불이행,건조,맑음,단일로 - 기타,승용,남,23세,상해없음,보행자,남,55세,경상
2013030500100200,2013년 3월 5일 11시,화요일,전라북도 익산시 인화동1가,경상사고,0,0,2,0,차대차 - 측면직각충돌,안전운전불이행,건조,맑음,교차로 - 교차로부근,화물,남,75세,상해없음,승용,여,55세,경상
2013030500100201,2013년 3월 5일 11시,화요일,전라북도 정읍시 신태인읍,경상사고,0,0,1,0,차대차 - 측면직각충돌,직진우회전진행방해,건조,맑음,교차로 - 교차로안,화물,남,60세,상해없음,승용,남,40세,경상
2013030500100227,2013년 3월 5일 12시,화요일,전라북도 전주시 덕진구 송천동1가,중상사고,0,1,0,0,차대사람 - 횡단중,안전운전불이행,건조,맑음,교차로 - 교차로안,승용,여,47세,상해없음,보행자,여,70세,중상
2013030500100228,2013년 3월 5일 12시,화요일,전라북도 군산시 수송동,중상사고,0,1,0,0,차대차 - 기타,교차로운행방법위반,건조,맑음,교차로 - 교차로안,승용,남,84세,상해없음,자전거,남,85세,중상
2013030500100229,2013년 3월 5일 12시,화요일,전라북도 고창군 고창읍,경상사고,0,0,1,0,차대사람 - 횡단중,보행자보호의무위반,건조,맑음,교차로 - 교차로부근,승용,여,36세,상해없음,보행자,여,5세,경상
2013030500100253,2013년 3월 5일 13시,화요일,전라북도 순창군 순창읍,중상사고,0,1,0,0,차대차 - 측면직각충돌,안전운전불이행,건조,맑음,단일로 - 기타,승용,남,67세,상해없음,자전거,남,87세,중상
2013030500100300,2013년 3월 5일 15시,화요일,전라북도 군산시 소룡동,경상사고,0,0,1,0,차대차 - 기타,차로위반,건조,맑음,단일로 - 기타,화물,남,41세,상해없음,승용,남,49세,경상
2013030500100362,2013년 3월 5일 17시,화요일,전라북도 익산시 모현동1가,경상사고,0,0,1,0,차대사람 - 횡단중,안전운전불이행,건조,맑음,단일로 - 횡단보도부근,승용,여,56세,상해없음,보행자,여,49세,경상
2013030500100363,2013년 3월 5일 17시,화요일,전라북도 김제시 금산면,경상사고,0,0,2,0,차대차 - 정면충돌,중앙선침범,건조,맑음,단일로 - 기타,승용,남,50세,상해없음,승용,남,79세,경상
2013030500100388,2013년 3월 5일 18시,화요일,전라북도 전주시 덕진구 금암동,경상사고,0,0,2,0,차대차 - 측면직각충돌,신호위반,건조,맑음,교차로 - 교차로안,승용,남,47세,상해없음,승용,남,28세,경상
2013030500100423,2013년 3월 5일 19시,화요일,전라북도 전주시 덕진구 우아동3가,경상사고,0,0,1,0,차대사람 - 기타,안전운전불이행,건조,맑음,교차로 - 교차로안,승용,여,40세,상해없음,보행자,여,43세,경상
2013030500100424,2013년 3월 5일 19시,화요일,전라북도 익산시 여산면,사망사고,1,0,0,0,차대사람 - 기타,안전운전불이행,건조,맑음,단일로 - 기타,화물,남,37세,상해없음,보행자,남,89세,사망
2013030500100482,2013년 3월 5일 21시,화요일,전라북도 전주시 덕진구 덕진동1가,경상사고,0,0,1,0,차대사람 - 횡단중,안전운전불이행,건조,맑음,교차로 - 교차로안,승용,여,38세,상해없음,보행자,남,18세,경상
2013030500100483,2013년 3월 5일 21시,화요일,전라북도 완주군 상관면,사망사고,1,0,0,0,차대사람 - 횡단중,안전운전불이행,건조,맑음,교차로 - 교차로안,승용,남,47세,상해없음,보행자,남,41세,사망
2013030500100484,2013년 3월 5일 21시,화요일,전라북도 완주군 소양면,중상사고,0,1,0,0,차대사람 - 기타,안전운전불이행,건조,맑음,단일로 - 기타,기타불명,기타불명,기타불명,기타불명,보행자,남,65세,중상
2013030500100509,2013년 3월 5일 22시,화요일,전라북도 전주시 덕진구 여의동,중상사고,0,3,0,0,차대사람 - 횡단중,보행자보호의무위반,건조,맑음,단일로 - 횡단보도상,승용,남,38세,상해없음,보행자,여,18세,중상
2013030500100510,2013년 3월 5일 22시,화요일,전라북도 군산시 경장동,경상사고,0,0,3,0,차대차 - 추돌 - 주정차중,안전운전불이행,건조,맑음,단일로 - 횡단보도부근,승용,여,45세,상해없음,승용,남,42세,경상
2013030600100013,2013년 3월 6일 00시,수요일,전라북도 군산시 나포면,부상신고사고,0,0,0,4,차량단독 - 도로외이탈 - 추락,안전운전불이행,건조,맑음,교차로 - 교차로부근,승용,여,39세,상해없음,,,,
2013030600100079,2013년 3월 6일 07시,수요일,전라북도 남원시 노암동,중상사고,0,1,0,0,차대차 - 측면직각충돌,중앙선침범,건조,맑음,단일로 - 기타,승용,남,71세,상해없음,이륜,남,56세,중상
2013030600100098,2013년 3월 6일 08시,수요일,전라북도 전주시 덕진구 반월동,경상사고,0,0,2,0,차대차 - 측면직각충돌,중앙선침범,건조,맑음,단일로 - 기타,승용,여,45세,상해없음,승용,여,43세,경상
2013030600100099,2013년 3월 6일 08시,수요일,전라북도 정읍시 시기동,경상사고,0,0,4,0,차대차 - 측면직각충돌,직진우회전진행방해,건조,맑음,교차로 - 교차로안,승용,여,41세,경상,승합,남,24세,경상
2013030600100100,2013년 3월 6일 08시,수요일,전라북도 임실군 임실읍,사망사고,1,0,0,0,차량단독 - 전도전복,안전운전불이행,건조,맑음,단일로 - 기타,화물,남,30세,사망,,,,
2013030600100136,2013년 3월 6일 09시,수요일,전라북도 전주시 덕진구 송천동2가,경상사고,0,0,1,0,차대차 - 측면직각충돌,중앙선침범,건조,맑음,교차로 - 교차로부근,승용,남,46세,상해없음,승용,남,42세,경상
2013030600100137,2013년 3월 6일 09시,수요일,전라북도 군산시 성산면,중상사고,0,1,1,0,차대차 - 측면직각충돌,교차로운행방법위반,건조,맑음,교차로 - 교차로안,승용,여,55세,상해없음,승합,남,52세,상해없음
2013030600100157,2013년 3월 6일 10시,수요일,전라북도 익산시 여산면,경상사고,0,0,1,0,차대차 - 측면직각충돌,중앙선침범,건조,맑음,단일로 - 기타,승용,남,44세,상해없음,건설기계,남,35세,경상
2013030600100169,2013년 3월 6일 11시,수요일,전라북도 전주시 완산구 경원동1가,중상사고,0,1,0,0,차대사람 - 보도통행중,기타,건조,맑음,기타 - 기타,자전거,남,19세,상해없음,보행자,남,83세,중상
2013030600100170,2013년 3월 6일 11시,수요일,전라북도 군산시 조촌동,경상사고,0,0,1,0,차대차 - 추돌 - 진행중,안전운전불이행,건조,맑음,교차로 - 교차로안,승용,여,34세,상해없음,원동기,남,22세,경상
2013030600100190,2013년 3월 6일 12시,수요일,전라북도 익산시 오산면,경상사고,0,0,1,0,차대차 - 기타,안전거리미확보,건조,맑음,교차로 - 교차로부근,승용,여,34세,상해없음,승용,남,57세,경상
2013030600100215,2013년 3월 6일 13시,수요일,전라북도 전주시 완산구 삼천동1가,경상사고,0,0,2,0,차대차 - 기타,안전운전불이행,건조,맑음,교차로 - 교차로안,승용,여,53세,상해없음,승용,남,40세,경상
2013030600100216,2013년 3월 6일 13시,수요일,전라북도 전주시 덕진구 우아동2가,경상사고,0,0,1,0,차대사람 - 횡단중,보행자보호의무위반,건조,맑음,교차로 - 교차로부근,승용,여,40세,상해없음,보행자,여,45세,경상
2013030600100217,2013년 3월 6일 13시,수요일,전라북도 군산시 중앙로3가,중상사고,0,1,0,0,차대차 - 기타,교차로운행방법위반,건조,맑음,교차로 - 교차로안,승용,남,61세,상해없음,자전거,남,79세,중상
2013030600100218,2013년 3월 6일 13시,수요일,전라북도 남원시 죽항동,경상사고,0,0,1,0,차대차 - 측면직각충돌,신호위반,건조,맑음,교차로 - 교차로안,승용,여,36세,상해없음,승용,여,60세,경상
2013030600100219,2013년 3월 6일 13시,수요일,전라북도 완주군 화산면,중상사고,0,1,0,0,차량단독 - 전도전복,안전운전불이행,건조,맑음,단일로 - 기타,이륜,남,84세,중상,,,,
2013030600100265,2013년 3월 6일 15시,수요일,전라북도 전주시 완산구 효자동3가,중상사고,0,1,2,0,차대차 - 기타,안전거리미확보,건조,맑음,교차로 - 교차로안,승용,남,60세,상해없음,화물,남,28세,경상
2013030600100266,2013년 3월 6일 15시,수요일,전라북도 익산시 남중동,경상사고,0,0,2,0,차대차 - 추돌 - 진행중,안전운전불이행,건조,맑음,단일로 - 기타,승용,남,44세,상해없음,승용,남,42세,경상
2013030600100295,2013년 3월 6일 16시,수요일,전라북도 전주시 완산구 남노송동,경상사고,0,0,1,0,차대차 - 기타,안전운전불이행,건조,맑음,교차로 - 교차로부근,승용,여,64세,상해없음,화물,남,56세,경상
2013030600100296,2013년 3월 6일 16시,수요일,전라북도 익산시 남중동,경상사고,0,0,1,0,차대사람 - 기타,안전운전불이행,건조,맑음,단일로 - 기타,승용,남,70세,상해없음,보행자,남,52세,경상
2013030600100297,2013년 3월 6일 16시,수요일,전라북도 익산시 남중동,경상사고,0,0,1,0,차대사람 - 기타,기타,건조,맑음,교차로 - 교차로부근,승용,남,62세,상해없음,보행자,여,70세,경상
2013030600100315,2013년 3월 6일 17시,수요일,전라북도 익산시 인화동1가,경상사고,0,0,1,0,차대차 - 측면직각충돌,안전운전불이행,건조,맑음,교차로 - 교차로안,승용,여,50세,상해없음,승용,남,27세,경상
2013030600100316,2013년 3월 6일 17시,수요일,전라북도 부안군 계화면,부상신고사고,0,0,0,1,차량단독 - 도로외이탈 - 기타,안전운전불이행,건조,맑음,단일로 - 기타,농기계,남,70세,부상신고,,,,
2013030600100379,2013년 3월 6일 19시,수요일,전라북도 전주시 덕진구 덕진동2가,경상사고,0,0,1,0,차대차 - 추돌 - 주정차중,안전운전불이행,건조,맑음,교차로 - 교차로부근,화물,남,56세,상해없음,승용,남,57세,경상
2013030600100380,2013년 3월 6일 19시,수요일,전라북도 익산시 춘포면,중상사고,0,2,1,0,차대차 - 측면직각충돌,안전운전불이행,건조,맑음,교차로 - 교차로안,특수,남,38세,기타불명,승용,남,42세,중상
2013030600100381,2013년 3월 6일 19시,수요일,전라북도 진안군 진안읍,중상사고,0,1,2,0,차대차 - 측면직각충돌,불법유턴,건조,맑음,단일로 - 기타,승합,남,21세,상해없음,승용,여,53세,중상
2013030600100416,2013년 3월 6일 20시,수요일,전라북도 전주시 덕진구 인후동1가,중상사고,0,1,2,0,차대차 - 측면직각충돌,안전거리미확보,건조,맑음,교차로 - 교차로부근,승용,남,52세,상해없음,이륜,남,25세,중상
2013030600100417,2013년 3월 6일 20시,수요일,전라북도 군산시 수송동,경상사고,0,0,2,0,차대차 - 기타,신호위반,건조,맑음,교차로 - 교차로안,승용,여,29세,상해없음,승용,남,45세,경상
2013030600100442,2013년 3월 6일 21시,수요일,전라북도 고창군 고창읍,중상사고,0,1,0,0,차대차 - 기타,직진우회전진행방해,건조,맑음,교차로 - 교차로안,승용,남,29세,상해없음,이륜,남,17세,중상
2013030600100491,2013년 3월 6일 23시,수요일,전라북도 전주시 덕진구 진북동,경상사고,0,0,2,0,차대차 - 추돌 - 주정차중,안전운전불이행,건조,맑음,단일로 - 기타,승용,남,59세,상해없음,승용,여,27세,경상
2013030700100012,2013년 3월 7일 00시,목요일,전라북도 전주시 덕진구 금암동,경상사고,0,0,1,0,차대차 - 추돌 - 진행중,안전운전불이행,건조,맑음,교차로 - 교차로부근,승용,남,32세,상해없음,승용,남,55세,경상
2013030700100026,2013년 3월 7일 01시,목요일,전라북도 군산시 소룡동,사망사고,1,1,0,0,차대차 - 기타,교차로운행방법위반,건조,맑음,교차로 - 교차로안,화물,남,26세,중상,화물,남,46세,상해없음
2013030700100053,2013년 3월 7일 04시,목요일,전라북도 전주시 완산구 상림동,중상사고,0,1,0,0,차량단독 - 전도전복,안전운전불이행,건조,맑음,단일로 - 기타,승용,남,72세,중상,,,,
2013030700100117,2013년 3월 7일 08시,목요일,전라북도 전주시 완산구 평화동1가,경상사고,0,0,1,0,차대차 - 측면직각충돌,불법유턴,건조,맑음,단일로 - 기타,승용,남,55세,상해없음,승용,남,38세,경상
2013030700100118,2013년 3월 7일 08시,목요일,전라북도 전주시 덕진구 팔복동1가,경상사고,0,0,1,0,차대차 - 측면직각충돌,직진우회전진행방해,습기,비,교차로 - 교차로안,화물,남,40세,상해없음,승용,여,41세,경상
2013030700100119,2013년 3월 7일 08시,목요일,전라북도 군산시 대명동,경상사고,0,0,1,0,차대차 - 측면직각충돌,신호위반,습기,비,교차로 - 교차로안,화물,남,66세,상해없음,승용,남,53세,경상
2013030700100214,2013년 3월 7일 12시,목요일,전라북도 전주시 완산구 서노송동,경상사고,0,0,1,0,차대차 - 측면직각충돌,안전운전불이행,건조,맑음,교차로 - 교차로안,승용,남,31세,상해없음,원동기,남,24세,경상
2013030700100215,2013년 3월 7일 12시,목요일,전라북도 부안군 부안읍,중상사고,0,1,0,0,차대차 - 추돌 - 진행중,안전운전불이행,건조,맑음,단일로 - 기타,이륜,여,51세,기타불명,자전거,남,85세,중상
2013030700100238,2013년 3월 7일 13시,목요일,전라북도 남원시 이백면,사망사고,1,0,1,0,차대차 - 추돌 - 주정차중,안전운전불이행,건조,맑음,단일로 - 기타,화물,남,50세,상해없음,화물,남,44세,경상
2013030700100259,2013년 3월 7일 14시,목요일,전라북도 전주시 완산구 효자동3가,경상사고,0,0,2,0,차대차 - 측면직각충돌,중앙선침범,건조,맑음,단일로 - 기타,승용,여,38세,상해없음,승용,남,50세,경상
2013030700100260,2013년 3월 7일 14시,목요일,전라북도 익산시 어양동,경상사고,0,0,1,0,차대차 - 측면직각충돌,신호위반,건조,맑음,교차로 - 교차로안,화물,남,41세,상해없음,승용,여,46세,경상
2013030700100261,2013년 3월 7일 14시,목요일,전라북도 정읍시 수성동,중상사고,0,1,0,0,차대사람 - 횡단중,안전운전불이행,건조,맑음,교차로 - 교차로안,승용,여,39세,상해없음,보행자,여,71세,중상
2013030700100321,2013년 3월 7일 17시,목요일,전라북도 군산시 수송동,중상사고,0,1,2,0,차량단독 - 공작물충돌,안전운전불이행,건조,맑음,단일로 - 기타,승용,남,72세,상해없음,,,,
2013030700100322,2013년 3월 7일 17시,목요일,전라북도 정읍시 수성동,경상사고,0,0,1,0,차대사람 - 횡단중,안전운전불이행,건조,맑음,교차로 - 교차로부근,승용,여,41세,상해없음,보행자,남,16세,경상
2013030700100323,2013년 3월 7일 17시,목요일,전라북도 완주군 구이면,경상사고,0,0,4,0,차대차 - 측면직각충돌,안전거리미확보,건조,맑음,기타 - 기타,화물,남,66세,상해없음,승합,남,55세,상해없음