사고번호,사고일시,요일,시군구,사고내용,사망자수,중상자수,경상자수,부상신고자수,사고유형,법규위반,노면상태,기상상태,도로형태,가해운전자 차종,가해운전자 성별,가해운전자 연령,가해운전자 상해정도,피해운전자 차종,피해운전자 성별,피해운전자 연령,피해운전자 상해정도
2013030700100358,2013년 3월 7일 18시,목요일,전라북도 익산시 남중동,경상사고,0,0,2,0,차대차 - 추돌 - 진행중,안전거리미확보,건조,맑음,단일로 - 기타,화물,남,55세,상해없음,승용,남,41세,경상
2013030700100359,2013년 3월 7일 18시,목요일,전라북도 부안군 줄포면,경상사고,0,0,1,0,차대차 - 측면직각충돌,안전거리미확보,건조,맑음,단일로 - 기타,화물,남,61세,상해없음,승용,남,43세,경상
2013030700100391,2013년 3월 7일 19시,목요일,전라북도 익산시 모현동1가,경상사고,0,0,4,0,차대차 - 측면직각충돌,신호위반,건조,맑음,교차로 - 교차로안,승용,남,67세,상해없음,승용,남,36세,경상
2013030700100392,2013년 3월 7일 19시,목요일,전라북도 정읍시 수성동,경상사고,0,0,1,0,차대차 - 측면직각충돌,직진우회전진행방해,건조,맑음,교차로 - 교차로안,승용,남,46세,상해없음,이륜,남,17세,경상
2013030700100417,2013년 3월 7일 20시,목요일,전라북도 익산시 모현동1가,경상사고,0,0,1,0,차대차 - 기타,안전운전불이행,건조,맑음,단일로 - 기타,기타불명,기타불명,기타불명,기타불명,자전거,남,14세,경상
2013030700100451,2013년 3월 7일 21시,목요일,전라북도 군산시 경암동,경상사고,0,0,1,0,차대차 - 측면직각충돌,교차로운행방법위반,건조,맑음,교차로 - 교차로안,승용,남,32세,상해없음,원동기,남,47세,경상
2013030700100452,2013년 3월 7일 21시,목요일,전라북도 정읍시 상동,경상사고,0,0,1,0,차대차 - 측면직각충돌,중앙선침범,건조,맑음,단일로 - 기타,승용,남,45세,상해없음,이륜,남,17세,경상
2013030700100477,2013년 3월 7일 22시,목요일,전라북도 남원시 도통동,경상사고,0,0,1,0,차대사람 - 기타,안전운전불이행,건조,맑음,단일로 - 기타,승용,남,24세,상해없음,보행자,남,48세,경상
2013030700100506,2013년 3월 7일 23시,목요일,전라북도 순창군 순창읍,경상사고,0,0,1,0,차대차 - 측면직각충돌,직진우회전진행방해,기타,안개,교차로 - 교차로안,승용,남,48세,상해없음,이륜,남,19세,경상
2013030800100104,2013년 3월 8일 07시,금요일,전라북도 전주시 완산구 경원동3가,중상사고,0,1,0,0,차대사람 - 횡단중,안전운전불이행,건조,맑음,단일로 - 횡단보도부근,승용,여,51세,상해없음,보행자,여,13세,중상
2013030800100105,2013년 3월 8일 07시,금요일,전라북도 전주시 완산구 효자동3가,중상사고,0,1,0,0,차대사람 - 기타,안전운전불이행,건조,맑음,교차로 - 교차로부근,승용,남,42세,상해없음,보행자,남,13세,중상
2013030800100106,2013년 3월 8일 07시,금요일,전라북도 전주시 덕진구 금암동,경상사고,0,0,1,0,차대사람 - 보도통행중,신호위반,건조,맑음,단일로 - 횡단보도상,건설기계,남,57세,상해없음,보행자,여,17세,경상
2013030800100133,2013년 3월 8일 08시,금요일,전라북도 익산시 동산동,경상사고,0,0,1,0,차대사람 - 기타,안전운전불이행,건조,맑음,기타 - 기타,승용,여,45세,상해없음,보행자,여,75세,경상
2013030800100196,2013년 3월 8일 11시,금요일,전라북도 부안군 동진면,경상사고,0,0,1,0,차대차 - 추돌 - 진행중,안전거리미확보,건조,맑음,단일로 - 기타,화물,남,49세,상해없음,화물,남,55세,경상
2013030800100197,2013년 3월 8일 11시,금요일,전라북도 순창군 쌍치면,경상사고,0,0,1,0,차량단독 - 공작물충돌,안전운전불이행,건조,맑음,단일로 - 기타,화물,남,41세,경상,,,,
2013030800100240,2013년 3월 8일 13시,금요일,전라북도 전주시 완산구 다가동3가,경상사고,0,0,1,0,차대차 - 추돌 - 진행중,안전거리미확보,건조,맑음,단일로 - 기타,승용,남,52세,상해없음,승용,여,59세,경상
2013030800100241,2013년 3월 8일 13시,금요일,전라북도 익산시 신동,경상사고,0,0,3,0,차대차 - 측면직각충돌,신호위반,건조,맑음,교차로 - 교차로안,화물,여,61세,상해없음,승용,여,24세,경상
2013030800100270,2013년 3월 8일 14시,금요일,전라북도 전주시 완산구 원당동,중상사고,0,1,0,0,차대차 - 기타,안전운전불이행,건조,맑음,단일로 - 기타,화물,남,38세,상해없음,승용,여,21세,상해없음
2013030800100271,2013년 3월 8일 14시,금요일,전라북도 군산시 지곡동,경상사고,0,0,1,0,차대차 - 추돌 - 주정차중,안전운전불이행,건조,맑음,교차로 - 교차로부근,승용,기타불명,기타불명,기타불명,승합,남,64세,경상
2013030800100324,2013년 3월 8일 16시,금요일,전라북도 익산시 신동,경상사고,0,0,2,7,차대차 - 측면직각충돌,교차로운행방법위반,건조,맑음,교차로 - 교차로안,승합,남,38세,상해없음,승용,여,48세,경상
2013030800100353,2013년 3월 8일 17시,금요일,전라북도 익산시 함열읍,경상사고,0,0,1,0,차대차 - 추돌 - 주정차중,안전운전불이행,건조,맑음,교차로 - 교차로부근,화물,남,62세,상해없음,승용,남,49세,경상
2013030800100354,2013년 3월 8일 17시,금요일,전라북도 정읍시 수성동,경상사고,0,0,1,0,차대사람 - 기타,안전운전불이행,건조,맑음,교차로 - 교차로부근,승용,여,54세,상해없음,보행자,남,15세,경상
2013030800100355,2013년 3월 8일 17시,금요일,전라북도 김제시 공덕면,중상사고,0,1,8,0,차대차 - 측면직각충돌,안전운전불이행,건조,맑음,단일로 - 기타,승합,남,54세,상해없음,화물,남,59세,상해없음
2013030800100394,2013년 3월 8일 18시,금요일,전라북도 정읍시 북면,경상사고,0,0,1,0,차대차 - 정면충돌,과속,건조,맑음,교차로 - 교차로부근,승용,남,34세,상해없음,승용,여,51세,경상
2013030800100395,2013년 3월 8일 18시,금요일,전라북도 정읍시 태인면,경상사고,0,0,4,0,차대차 - 추돌 - 진행중,안전거리미확보,건조,맑음,단일로 - 기타,화물,남,53세,상해없음,승용,남,41세,경상
2013030800100434,2013년 3월 8일 19시,금요일,전라북도 전주시 덕진구 인후동1가,경상사고,0,0,1,0,차대사람 - 길가장자리구역통행중,안전운전불이행,건조,맑음,단일로 - 기타,승합,여,46세,상해없음,보행자,여,16세,경상
2013030800100435,2013년 3월 8일 19시,금요일,전라북도 익산시 모현동1가,경상사고,0,0,2,0,차대차 - 측면직각충돌,신호위반,건조,맑음,교차로 - 교차로안,승용,여,45세,상해없음,승용,남,59세,경상
2013030800100436,2013년 3월 8일 19시,금요일,전라북도 익산시 동산동,경상사고,0,0,1,0,차대차 - 추돌 - 주정차중,안전운전불이행,건조,맑음,기타 - 기타,승용,여,36세,상해없음,승용,남,50세,경상
2013030800100437,2013년 3월 8일 19시,금요일,전라북도 고창군 심원면,중상사고,0,1,1,0,차량단독 - 공작물충돌,안전운전불이행,건조,맑음,단일로 - 기타,승용,남,65세,상해없음,,,,
2013030800100535,2013년 3월 8일 22시,금요일,전라북도 군산시 서흥남동,경상사고,0,0,1,0,차대사람 - 기타,안전운전불이행,건조,맑음,교차로 - 교차로안,이륜,남,16세,상해없음,보행자,여,17세,경상
2013030800100563,2013년 3월 8일 23시,금요일,전라북도 전주시 덕진구 반월동,경상사고,0,0,2,0,차대차 - 추돌 - 주정차중,안전운전불이행,건조,맑음,교차로 - 교차로부근,승합,남,42세,상해없음,승용,남,55세,경상
2013030800100564,2013년 3월 8일 23시,금요일,전라북도 군산시 나운동,경상사고,0,0,1,0,차대사람 - 길가장자리구역통행중,안전운전불이행,건조,맑음,단일로 - 기타,승용,남,40세,상해없음,보행자,남,37세,경상
2013030900100010,2013년 3월 9일 00시,토요일,전라북도 전주시 완산구 삼천동1가,사망사고,1,0,0,0,차대사람 - 횡단중,안전운전불이행,건조,맑음,교차로 - 교차로부근,승용,남,50세,상해없음,보행자,남,39세,사망
2013030900100041,2013년 3월 9일 01시,토요일,전라북도 전주시 완산구 서신동,중상사고,0,2,1,0,차대차 - 측면직각충돌,신호위반,건조,맑음,교차로 - 교차로안,승용,여,39세,경상,승용,남,58세,중상
2013030900100081,2013년 3월 9일 03시,토요일,전라북도 전주시 덕진구 우아동3가,경상사고,0,0,4,0,차대차 - 추돌 - 주정차중,안전운전불이행,건조,맑음,교차로 - 교차로부근,승용,남,52세,상해없음,승용,여,59세,경상
2013030900100139,2013년 3월 9일 07시,토요일,전라북도 남원시 금지면,사망사고,1,1,0,0,차대차 - 정면충돌,중앙선침범,기타,안개,단일로 - 기타,화물,남,62세,중상,승용,남,43세,사망
2013030900100155,2013년 3월 9일 08시,토요일,전라북도 전주시 완산구 삼천동1가,경상사고,0,0,1,0,차대차 - 기타,신호위반,건조,맑음,교차로 - 교차로안,승용,남,48세,상해없음,승용,여,45세,경상
2013030900100156,2013년 3월 9일 08시,토요일,전라북도 익산시 용동면,경상사고,0,0,4,0,차대차 - 측면직각충돌,안전운전불이행,건조,맑음,교차로 - 교차로안,승용,남,67세,상해없음,승용,남,46세,경상
2013030900100157,2013년 3월 9일 08시,토요일,전라북도 부안군 계화면,중상사고,0,1,1,0,차대차 - 측면직각충돌,안전운전불이행,건조,맑음,교차로 - 교차로안,화물,남,67세,경상,화물,남,56세,중상
2013030900100187,2013년 3월 9일 09시,토요일,전라북도 전주시 완산구 서신동,경상사고,0,0,1,0,차대차 - 기타,안전거리미확보,건조,맑음,단일로 - 기타,승용,남,37세,상해없음,승용,남,61세,경상
2013030900100203,2013년 3월 9일 10시,토요일,전라북도 남원시 천거동,중상사고,0,1,0,0,차대사람 - 횡단중,안전운전불이행,건조,맑음,단일로 - 기타,승합,남,63세,상해없음,보행자,남,55세,중상
2013030900100204,2013년 3월 9일 10시,토요일,전라북도 부안군 줄포면,중상사고,0,1,0,0,차대차 - 측면직각충돌,안전운전불이행,건조,맑음,교차로 - 교차로안,화물,남,57세,상해없음,이륜,남,79세,중상
2013030900100238,2013년 3월 9일 11시,토요일,전라북도 군산시 미원동,경상사고,0,0,1,0,차대차 - 기타,안전운전불이행,건조,맑음,교차로 - 교차로안,승용,남,29세,상해없음,자전거,남,72세,경상
2013030900100239,2013년 3월 9일 11시,토요일,전라북도 무주군 무주읍,부상신고사고,0,0,0,1,차대차 - 측면직각충돌,교차로운행방법위반,건조,맑음,교차로 - 교차로안,이륜,남,84세,부상신고,승용,남,58세,상해없음
2013030900100275,2013년 3월 9일 12시,토요일,전라북도 부안군 부안읍,사망사고,1,0,0,0,차대차 - 추돌 - 진행중,안전운전불이행,건조,맑음,단일로 - 기타,화물,여,49세,상해없음,자전거,남,57세,사망
2013030900100307,2013년 3월 9일 13시,토요일,전라북도 부안군 행안면,중상사고,0,1,0,0,차대차 - 측면직각충돌,안전운전불이행,건조,맑음,단일로 - 기타,승용,여,21세,상해없음,원동기,여,62세,중상
2013030900100343,2013년 3월 9일 14시,토요일,전라북도 전주시 완산구 효자동1가,경상사고,0,0,1,0,차대사람 - 횡단중,보행자보호의무위반,건조,맑음,교차로 - 교차로안,승용,여,55세,상해없음,보행자,남,25세,경상
2013030900100367,2013년 3월 9일 15시,토요일,전라북도 익산시 여산면,경상사고,0,0,1,0,차대사람 - 길가장자리구역통행중,안전운전불이행,건조,맑음,단일로 - 기타,화물,남,41세,상해없음,보행자,남,47세,경상
2013030900100395,2013년 3월 9일 16시,토요일,전라북도 전주시 완산구 서노송동,경상사고,0,0,6,0,차대차 - 추돌 - 주정차중,안전운전불이행,건조,맑음,교차로 - 교차로부근,승용,남,52세,상해없음,승용,남,50세,경상
2013030900100396,2013년 3월 9일 16시,토요일,전라북도 부안군 동진면,경상사고,0,0,2,0,차대차 - 측면직각충돌,안전운전불이행,건조,맑음,단일로 - 기타,승용,남,31세,상해없음,화물,남,78세,상해없음
2013030900100451,2013년 3월 9일 18시,토요일,전라북도 전주시 덕진구 팔복동3가,중상사고,0,1,7,0,차대차 - 추돌 - 주정차중,안전운전불이행,건조,맑음,교차로 - 교차로부근,승용,여,49세,경상,승용,여,32세,중상
2013030900100452,2013년 3월 9일 18시,토요일,전라북도 군산시 나운동,중상사고,0,1,0,0,차대사람 - 차도통행중,안전운전불이행,건조,맑음,단일로 - 기타,승용,남,33세,기타불명,보행자,여,77세,중상
2013030900100483,2013년 3월 9일 19시,토요일,전라북도 군산시 임피면,경상사고,0,0,1,0,차량단독 - 전도전복,안전운전불이행,건조,맑음,단일로 - 기타,이륜,여,51세,경상,,,,
2013030900100484,2013년 3월 9일 19시,토요일,전라북도 고창군 고창읍,중상사고,0,1,1,0,차대차 - 정면충돌,신호위반,건조,맑음,교차로 - 교차로안,승용,남,44세,경상,승용,남,53세,중상
2013030900100553,2013년 3월 9일 21시,토요일,전라북도 전주시 덕진구 팔복동2가,경상사고,0,0,1,0,차대차 - 추돌 - 주정차중,안전운전불이행,건조,맑음,단일로 - 기타,승용,남,30세,경상,화물,남,59세,상해없음
2013030900100554,2013년 3월 9일 21시,토요일,전라북도 김제시 부량면,중상사고,0,1,0,0,차대차 - 추돌 - 진행중,안전운전불이행,건조,맑음,단일로 - 기타,화물,남,32세,상해없음,자전거,남,60세,중상
2013030900100555,2013년 3월 9일 21시,토요일,전라북도 부안군 부안읍,경상사고,0,0,1,0,차대차 - 측면직각충돌,안전거리미확보,건조,맑음,단일로 - 기타,승용,남,52세,상해없음,승용,남,57세,경상
2013030900100590,2013년 3월 9일 22시,토요일,전라북도 익산시 오산면,경상사고,0,0,1,0,차대차 - 측면직각충돌,신호위반,건조,맑음,교차로 - 교차로안,화물,여,50세,상해없음,승용,여,36세,경상
2013030900100621,2013년 3월 9일 23시,토요일,전라북도 전주시 덕진구 진북동,경상사고,0,0,2,0,차대차 - 측면직각충돌,신호위반,건조,맑음,교차로 - 교차로안,화물,남,27세,상해없음,승용,남,44세,경상
2013030900100622,2013년 3월 9일 23시,토요일,전라북도 김제시 교동,중상사고,0,1,4,0,차량단독 - 도로외이탈 - 기타,안전운전불이행,건조,맑음,교차로 - 교차로안,승용,남,43세,상해없음,,,,
2013031000100014,2013년 3월 10일 00시,일요일,전라북도 전주시 덕진구 우아동3가,경상사고,0,0,1,0,차대사람 - 기타,안전운전불이행,건조,맑음,단일로 - 기타,승용,남,56세,상해없음,보행자,남,44세,경상
2013031000100051,2013년 3월 10일 02시,일요일,전라북도 전주시 완산구 효자동3가,경상사고,0,0,1,0,차대차 - 기타,안전운전불이행,건조,맑음,단일로 - 기타,승용,남,32세,상해없음,이륜,남,16세,경상
2013031000100079,2013년 3월 10일 04시,일요일,전라북도 군산시 소룡동,경상사고,0,0,3,0,차대차 - 정면충돌,중앙선침범,건조,맑음,교차로 - 교차로부근,승용,남,30세,상해없음,승용,여,43세,경상
2013031000100088,2013년 3월 10일 05시,일요일,전라북도 전주시 완산구 평화동1가,중상사고,0,1,0,0,차대사람 - 기타,안전운전불이행,건조,맑음,교차로 - 교차로안,승용,남,54세,상해없음,보행자,남,45세,중상
2013031000100089,2013년 3월 10일 05시,일요일,전라북도 전주시 완산구 효자동3가,경상사고,0,0,1,0,차대차 - 기타,교차로운행방법위반,건조,맑음,교차로 - 교차로안,승용,남,55세,상해없음,승용,남,30세,경상
2013031000100090,2013년 3월 10일 05시,일요일,전라북도 전주시 덕진구 호성동2가,사망사고,1,0,0,0,차량단독 - 공작물충돌,안전운전불이행,건조,흐림,단일로 - 기타,승용,남,61세,사망,,,,
2013031000100100,2013년 3월 10일 06시,일요일,전라북도 전주시 덕진구 덕진동2가,중상사고,0,1,0,0,차대차 - 추돌 - 진행중,안전운전불이행,건조,맑음,단일로 - 기타,승용,남,34세,상해없음,이륜,남,56세,중상
2013031000100101,2013년 3월 10일 06시,일요일,전라북도 정읍시 소성면,중상사고,0,1,0,0,차량단독 - 도로외이탈 - 기타,안전운전불이행,건조,맑음,단일로 - 기타,화물,여,57세,중상,,,,
2013031000100154,2013년 3월 10일 10시,일요일,전라북도 군산시 개정동,사망사고,1,7,4,0,차대차 - 추돌 - 진행중,불법유턴,건조,맑음,단일로 - 기타,건설기계,남,54세,경상,승합,남,46세,사망
2013031000100178,2013년 3월 10일 11시,일요일,전라북도 정읍시 상평동,중상사고,0,1,1,0,차대차 - 측면직각충돌,과속,건조,맑음,교차로 - 교차로부근,승용,남,62세,중상,승용,남,56세,상해없음
2013031000100197,2013년 3월 10일 12시,일요일,전라북도 완주군 삼례읍,경상사고,0,0,1,0,차대차 - 측면직각충돌,안전운전불이행,건조,맑음,교차로 - 교차로안,화물,남,60세,상해없음,이륜,남,42세,경상
2013031000100223,2013년 3월 10일 13시,일요일,전라북도 익산시 부송동,경상사고,0,0,3,0,차대차 - 추돌 - 진행중,안전거리미확보,건조,맑음,교차로 - 교차로부근,승용,여,39세,경상,승용,남,32세,경상
2013031000100224,2013년 3월 10일 13시,일요일,전라북도 정읍시 연지동,중상사고,0,1,0,0,차대차 - 측면직각충돌,안전운전불이행,건조,맑음,단일로 - 기타,자전거,남,9세,중상,승용,남,51세,상해없음
2013031000100255,2013년 3월 10일 14시,일요일,전라북도 전주시 완산구 서완산동1가,경상사고,0,0,4,0,차대차 - 측면직각충돌,신호위반,건조,맑음,교차로 - 교차로안,승용,여,29세,상해없음,승용,남,30세,경상
2013031000100256,2013년 3월 10일 14시,일요일,전라북도 군산시 개정동,경상사고,0,0,1,0,차대차 - 측면직각충돌,불법유턴,건조,맑음,교차로 - 교차로안,승용,남,59세,경상,승합,남,55세,상해없음
2013031000100257,2013년 3월 10일 14시,일요일,전라북도 익산시 어양동,경상사고,0,0,1,0,차대차 - 측면직각충돌,직진우회전진행방해,건조,맑음,교차로 - 교차로안,승용,남,48세,상해없음,승용,여,44세,경상
2013031000100282,2013년 3월 10일 15시,일요일,전라북도 익산시 모현동1가,경상사고,0,0,1,0,차대차 - 기타,안전운전불이행,건조,맑음,교차로 - 교차로안,승용,남,71세,상해없음,승용,남,24세,경상
2013031000100283,2013년 3월 10일 15시,일요일,전라북도 정읍시 고부면,중상사고,0,5,7,0,차대차 - 측면직각충돌,직진우회전진행방해,건조,맑음,교차로 - 교차로안,승용,남,53세,상해없음,승합,남,63세,중상
2013031000100314,2013년 3월 10일 16시,일요일,전라북도 전주시 완산구 서신동,경상사고,0,0,2,0,차대차 - 정면충돌,중앙선침범,건조,맑음,단일로 - 기타,승용,남,41세,상해없음,승용,남,50세,경상
2013031000100351,2013년 3월 10일 17시,일요일,전라북도 전주시 덕진구 금암동,중상사고,0,2,0,0,차대차 - 추돌 - 주정차중,안전운전불이행,건조,맑음,단일로 - 기타,승용,남,38세,상해없음,승용,여,26세,중상
2013031000100352,2013년 3월 10일 17시,일요일,전라북도 정읍시 수성동,경상사고,0,0,1,0,차대차 - 측면직각충돌,신호위반,건조,맑음,교차로 - 교차로안,승용,남,51세,상해없음,승용,여,50세,경상
2013031000100353,2013년 3월 10일 17시,일요일,전라북도 김제시 신풍동,경상사고,0,0,1,0,차대차 - 측면직각충돌,신호위반,건조,맑음,교차로 - 교차로안,화물,남,28세,상해없음,승용,남,58세,경상
2013031000100354,2013년 3월 10일 17시,일요일,전라북도 부안군 부안읍,경상사고,0,0,1,0,차대차 - 추돌 - 주정차중,안전운전불이행,건조,맑음,단일로 - 기타,이륜,남,76세,경상,화물,남,42세,상해없음
2013031000100382,2013년 3월 10일 18시,일요일,전라북도 익산시 송학동,중상사고,0,1,0,0,차대차 - 기타,직진우회전진행방해,건조,맑음,교차로 - 교차로안,승용,여,31세,상해없음,원동기,남,31세,중상
2013031000100383,2013년 3월 10일 18시,일요일,전라북도 고창군 해리면,중상사고,0,9,1,0,차대차 - 측면직각충돌,직진우회전진행방해,건조,맑음,교차로 - 교차로안,승용,여,47세,상해없음,승합,남,75세,중상
2013031000100416,2013년 3월 10일 19시,일요일,전라북도 고창군 무장면,사망사고,1,0,0,0,차량단독 - 공작물충돌,안전운전불이행,건조,맑음,단일로 - 기타,화물,남,60세,사망,,,,
2013031000100453,2013년 3월 10일 20시,일요일,전라북도 전주시 완산구 서서학동,경상사고,0,0,2,0,차대사람 - 기타,안전운전불이행,건조,맑음,단일로 - 기타,승합,남,53세,상해없음,보행자,여,36세,경상
2013031000100454,2013년 3월 10일 20시,일요일,전라북도 군산시 나운동,경상사고,0,0,1,0,차대사람 - 보도통행중,신호위반,건조,맑음,교차로 - 교차로안,승용,남,30세,상해없음,보행자,여,28세,경상
2013031000100499,2013년 3월 10일 22시,일요일,전라북도 군산시 소룡동,중상사고,0,1,0,0,차대사람 - 기타,보행자보호의무위반,건조,맑음,단일로 - 기타,기타불명,기타불명,기타불명,기타불명,보행자,여,48세,중상
2013031100100109,2013년 3월 11일 08시,월요일,전라북도 익산시 남중동,경상사고,0,0,1,0,차대차 - 측면직각충돌,중앙선침범,건조,맑음,단일로 - 기타,승용,남,66세,상해없음,승용,남,63세,경상
2013031100100110,2013년 3월 11일 08시,월요일,전라북도 김제시 요촌동,경상사고,0,0,2,0,차대사람 - 보도통행중,신호위반,건조,맑음,단일로 - 횡단보도상,승용,여,29세,상해없음,보행자,남,47세,경상
2013031100100151,2013년 3월 11일 09시,월요일,전라북도 군산시 경암동,경상사고,0,0,1,0,차대차 - 측면직각충돌,신호위반,건조,맑음,교차로 - 교차로안,승용,남,46세,상해없음,승용,남,66세,경상
2013031100100193,2013년 3월 11일 10시,월요일,전라북도 익산시 신흥동,경상사고,0,0,1,0,차대차 - 측면직각충돌,직진우회전진행방해,건조,맑음,교차로 - 교차로안,화물,남,44세,상해없음,화물,남,46세,경상
2013031100100214,2013년 3월 11일 11시,월요일,전라북도 정읍시 수성동,중상사고,0,1,0,0,차대사람 - 차도통행중,안전운전불이행,건조,맑음,단일로 - 기타,승용,남,67세,상해없음,보행자,여,69세,중상
2013031100100215,2013년 3월 11일 11시,월요일,전라북도 완주군 화산면,경상사고,0,0,1,0,차대차 - 측면직각충돌,과속,건조,맑음,단일로 - 기타,화물,남,51세,상해없음,농기계,남,57세,경상
2013031100100245,2013년 3월 11일 13시,월요일,전라북도 전주시 완산구 중화산동2가,경상사고,0,0,1,0,차대차 - 측면직각충돌,안전거리미확보,건조,맑음,교차로 - 교차로부근,승용,남,60세,상해없음,승용,남,52세,상해없음
2013031100100246,2013년 3월 11일 13시,월요일,전라북도 정읍시 과교동,중상사고,0,1,0,0,차대차 - 측면직각충돌,기타,건조,맑음,교차로 - 교차로안,화물,여,58세,상해없음,이륜,남,81세,중상
2013031100100273,2013년 3월 11일 14시,월요일,전라북도 고창군 고창읍,경상사고,0,0,3,0,차대차 - 정면충돌,중앙선침범,건조,맑음,교차로 - 교차로안,승용,여,21세,상해없음,승용,남,54세,경상
2013031100100274,2013년 3월 11일 14시,월요일,전라북도 순창군 복흥면,중상사고,0,1,1,0,차대차 - 측면직각충돌,직진우회전진행방해,건조,맑음,교차로 - 교차로안,승용,여,45세,경상,이륜,남,32세,중상
2013031100100306,2013년 3월 11일 15시,월요일,전라북도 익산시 신용동,중상사고,0,1,0,0,차대차 - 측면직각충돌,안전운전불이행,건조,맑음,교차로 - 교차로안,승용,남,25세,상해없음,원동기,남,71세,중상
2013031100100307,2013년 3월 11일 15시,월요일,전라북도 남원시 노암동,경상사고,0,0,1,0,차대차 - 기타,기타,건조,맑음,단일로 - 기타,승용,남,72세,상해없음,원동기,여,53세,경상
2013031100100333,2013년 3월 11일 16시,월요일,전라북도 군산시 조촌동,경상사고,0,0,2,0,차대차 - 측면직각충돌,직진우회전진행방해,건조,맑음,교차로 - 교차로안,승용,남,36세,상해없음,승용,여,60세,경상
2013031100100334,2013년 3월 11일 16시,월요일,전라북도 군산시 소룡동,경상사고,0,0,1,0,차대사람 - 기타,안전운전불이행,건조,맑음,교차로 - 교차로안,승용,남,38세,상해없음,보행자,남,21세,경상
2013031100100407,2013년 3월 11일 18시,월요일,전라북도 전주시 완산구 중앙동3가,경상사고,0,0,1,0,차대차 - 기타,안전거리미확보,건조,맑음,교차로 - 교차로부근,승용,남,32세,상해없음,이륜,남,16세,경상
2013031100100408,2013년 3월 11일 18시,월요일,전라북도 익산시 삼기면,경상사고,0,0,1,0,차대차 - 측면직각충돌,직진우회전진행방해,건조,맑음,교차로 - 교차로안,화물,남,55세,상해없음,승용,남,53세,경상
2013031100100450,2013년 3월 11일 19시,월요일,전라북도 전주시 덕진구 팔복동1가,경상사고,0,0,1,0,차대차 - 측면직각충돌,신호위반,습기,흐림,교차로 - 교차로안,승용,남,29세,상해없음,이륜,남,40세,경상
2013031100100486,2013년 3월 11일 20시,월요일,전라북도 남원시 월락동,경상사고,0,0,2,0,차대차 - 측면직각충돌,직진우회전진행방해,건조,맑음,교차로 - 교차로안,승용,남,57세,상해없음,승용,남,54세,경상
2013031100100538,2013년 3월 11일 22시,월요일,전라북도 전주시 완산구 효자동2가,중상사고,0,1,0,0,차대사람 - 횡단중,보행자보호의무위반,건조,맑음,단일로 - 횡단보도상,승용,여,43세,상해없음,보행자,남,13세,중상
2013031100100539,2013년 3월 11일 22시,월요일,전라북도 전주시 덕진구 진북동,중상사고,0,1,2,0,차대차 - 측면직각충돌,신호위반,습기,흐림,교차로 - 교차로안,승용,남,53세,상해없음,승용,남,24세,경상
2013031100100567,2013년 3월 11일 23시,월요일,전라북도 전주시 덕진구 송천동1가,중상사고,0,2,0,0,차대차 - 측면직각충돌,신호위반,습기,흐림,교차로 - 교차로안,승용,남,29세,상해없음,이륜,남,16세,중상
2013031200100036,2013년 3월 12일 02시,화요일,전라북도 군산시 수송동,경상사고,0,0,1,0,차대차 - 추돌 - 주정차중,안전운전불이행,건조,맑음,단일로 - 기타,승용,남,41세,경상,승용,남,26세,기타불명
2013031200100062,2013년 3월 12일 06시,화요일,전라북도 전주시 덕진구 진북동,경상사고,0,0,1,0,차대사람 - 횡단중,신호위반,건조,맑음,교차로 - 교차로안,승용,남,61세,상해없음,보행자,남,67세,경상
2013031200100063,2013년 3월 12일 06시,화요일,전라북도 익산시 신흥동,경상사고,0,0,2,0,차대차 - 추돌 - 진행중,안전운전불이행,건조,맑음,단일로 - 기타,화물,여,61세,상해없음,승용,남,29세,경상
2013031200100084,2013년 3월 12일 07시,화요일,전라북도 고창군 고창읍,중상사고,0,1,0,0,차대사람 - 횡단중,안전운전불이행,건조,맑음,단일로 - 기타,승용,여,37세,상해없음,보행자,남,17세,중상
2013031200100111,2013년 3월 12일 08시,화요일,전라북도 익산시 삼기면,경상사고,0,0,1,0,차대차 - 측면직각충돌,직진우회전진행방해,건조,맑음,교차로 - 교차로안,승용,남,31세,상해없음,승용,여,35세,경상
2013031200100112,2013년 3월 12일 08시,화요일,전라북도 정읍시 상동,경상사고,0,0,1,0,차대사람 - 횡단중,보행자보호의무위반,건조,맑음,단일로 - 횡단보도상,승용,여,49세,상해없음,보행자,여,17세,경상
2013031200100139,2013년 3월 12일 09시,화요일,전라북도 남원시 보절면,중상사고,0,1,2,0,차대차 - 정면충돌,중앙선침범,건조,맑음,단일로 - 기타,화물,남,62세,상해없음,승용,남,66세,경상
2013031200100160,2013년 3월 12일 10시,화요일,전라북도 익산시 석왕동,경상사고,0,0,2,0,차대차 - 측면직각충돌,교차로운행방법위반,건조,맑음,교차로 - 교차로안,승용,여,45세,상해없음,화물,남,54세,경상
2013031200100161,2013년 3월 12일 10시,화요일,전라북도 익산시 영등동,경상사고,0,0,1,0,차대사람 - 횡단중,보행자보호의무위반,건조,맑음,교차로 - 교차로안,승용,남,42세,상해없음,보행자,남,72세,경상
2013031200100184,2013년 3월 12일 11시,화요일,전라북도 군산시 수송동,중상사고,0,1,0,0,차대차 - 측면직각충돌,안전운전불이행,건조,맑음,교차로 - 교차로부근,화물,남,66세,상해없음,자전거,남,66세,중상
2013031200100211,2013년 3월 12일 12시,화요일,전라북도 전주시 완산구 동서학동,중상사고,0,1,0,0,차대사람 - 기타,보행자보호의무위반,건조,맑음,교차로 - 교차로부근,승용,여,53세,상해없음,보행자,여,51세,중상