사고번호,사고일시,요일,시군구,사고내용,사망자수,중상자수,경상자수,부상신고자수,사고유형,법규위반,노면상태,기상상태,도로형태,가해운전자 차종,가해운전자 성별,가해운전자 연령,가해운전자 상해정도,피해운전자 차종,피해운전자 성별,피해운전자 연령,피해운전자 상해정도
2013031700100341,2013년 3월 17일 18시,일요일,전라북도 전주시 완산구 서신동,중상사고,0,1,0,0,차대차 - 기타,안전거리미확보,습기,비,단일로 - 기타,승용,여,49세,상해없음,이륜,남,19세,중상
2013031700100342,2013년 3월 17일 18시,일요일,전라북도 군산시 산북동,중상사고,0,1,0,0,차대사람 - 횡단중,안전운전불이행,습기,비,교차로 - 교차로부근,원동기,남,35세,상해없음,보행자,여,30세,중상
2013031700100343,2013년 3월 17일 18시,일요일,전라북도 익산시 남중동,경상사고,0,0,1,0,차대차 - 기타,안전운전불이행,습기,비,교차로 - 교차로부근,승용,여,47세,상해없음,승용,여,53세,경상
2013031700100388,2013년 3월 17일 19시,일요일,전라북도 전주시 완산구 서신동,중상사고,0,1,0,0,차대사람 - 횡단중,중앙선침범,습기,비,단일로 - 기타,승용,남,21세,상해없음,보행자,남,34세,중상
2013031700100389,2013년 3월 17일 19시,일요일,전라북도 전주시 완산구 효자동2가,경상사고,0,0,1,0,차대차 - 기타,안전거리미확보,습기,비,교차로 - 교차로부근,승용,남,55세,상해없음,이륜,남,22세,경상
2013031700100390,2013년 3월 17일 19시,일요일,전라북도 전주시 덕진구 우아동1가,경상사고,0,0,2,0,차대차 - 측면직각충돌,불법유턴,습기,비,단일로 - 기타,승용,남,31세,상해없음,승용,남,45세,경상
2013031700100391,2013년 3월 17일 19시,일요일,전라북도 익산시 부송동,경상사고,0,0,1,0,차대차 - 추돌 - 진행중,안전운전불이행,건조,맑음,교차로 - 교차로부근,승용,남,42세,상해없음,승용,남,42세,경상
2013031700100445,2013년 3월 17일 20시,일요일,전라북도 전주시 덕진구 우아동1가,경상사고,0,0,1,0,차대차 - 정면충돌,중앙선침범,습기,비,교차로 - 교차로안,승용,남,26세,상해없음,승용,남,51세,경상
2013031700100497,2013년 3월 17일 21시,일요일,전라북도 군산시 미룡동,경상사고,0,0,1,0,차대사람 - 기타,안전운전불이행,습기,비,교차로 - 교차로부근,승용,남,52세,상해없음,보행자,여,33세,경상
2013031700100498,2013년 3월 17일 21시,일요일,전라북도 익산시 마동,중상사고,0,1,3,0,차대차 - 추돌 - 진행중,안전운전불이행,습기,비,교차로 - 교차로부근,승용,남,60세,상해없음,승용,남,36세,중상
2013031700100499,2013년 3월 17일 21시,일요일,전라북도 익산시 주현동,경상사고,0,0,1,0,차대사람 - 횡단중,신호위반,습기,비,교차로 - 교차로부근,승용,남,50세,상해없음,보행자,남,32세,경상
2013031700100540,2013년 3월 17일 22시,일요일,전라북도 전주시 완산구 중화산동2가,중상사고,0,1,0,0,차대사람 - 기타,안전운전불이행,습기,비,단일로 - 기타,승용,여,32세,상해없음,보행자,여,21세,중상
2013031700100541,2013년 3월 17일 22시,일요일,전라북도 전주시 완산구 효자동1가,경상사고,0,0,2,0,차대차 - 측면직각충돌,안전거리미확보,습기,비,단일로 - 기타,승용,남,59세,경상,승용,남,33세,경상
2013031700100542,2013년 3월 17일 22시,일요일,전라북도 익산시 모현동1가,경상사고,0,0,1,0,차대차 - 측면직각충돌,신호위반,습기,비,교차로 - 교차로안,승용,남,32세,상해없음,승용,남,52세,상해없음
2013031800100016,2013년 3월 18일 00시,월요일,전라북도 전주시 완산구 삼천동1가,경상사고,0,0,1,0,차대사람 - 횡단중,보행자보호의무위반,습기,비,교차로 - 교차로안,승용,남,65세,상해없음,보행자,남,49세,경상
2013031800100017,2013년 3월 18일 00시,월요일,전라북도 군산시 나운동,중상사고,0,1,1,0,차대사람 - 기타,안전운전불이행,습기,비,교차로 - 교차로부근,화물,남,42세,상해없음,보행자,남,30세,경상
2013031800100039,2013년 3월 18일 01시,월요일,전라북도 전주시 덕진구 송천동1가,경상사고,0,0,1,0,차량단독 - 공작물충돌,안전운전불이행,습기,비,단일로 - 기타,승용,남,54세,상해없음,,,,
2013031800100069,2013년 3월 18일 04시,월요일,전라북도 군산시 중동,경상사고,0,0,1,0,차대차 - 측면직각충돌,안전운전불이행,습기,비,단일로 - 기타,승용,남,45세,상해없음,화물,남,41세,경상
2013031800100120,2013년 3월 18일 07시,월요일,전라북도 익산시 마동,경상사고,0,0,1,0,차대차 - 측면직각충돌,안전운전불이행,건조,맑음,단일로 - 기타,승용,남,22세,상해없음,승용,남,27세,경상
2013031800100152,2013년 3월 18일 08시,월요일,전라북도 군산시 소룡동,중상사고,0,1,0,0,차대차 - 측면직각충돌,교차로운행방법위반,습기,맑음,교차로 - 교차로안,화물,남,64세,기타불명,승용,남,36세,중상
2013031800100177,2013년 3월 18일 09시,월요일,전라북도 군산시 나포면,사망사고,1,0,0,0,차대차 - 추돌 - 진행중,안전운전불이행,건조,맑음,단일로 - 기타,승용,남,49세,상해없음,이륜,남,71세,사망
2013031800100259,2013년 3월 18일 12시,월요일,전라북도 부안군 부안읍,중상사고,0,1,0,0,차대차 - 추돌 - 진행중,안전운전불이행,건조,맑음,단일로 - 기타,화물,남,31세,상해없음,승용,남,32세,중상
2013031800100288,2013년 3월 18일 13시,월요일,전라북도 군산시 산북동,중상사고,0,1,0,0,차대사람 - 차도통행중,안전운전불이행,건조,맑음,단일로 - 기타,승용,남,51세,상해없음,보행자,여,71세,중상
2013031800100317,2013년 3월 18일 14시,월요일,전라북도 군산시 나운동,중상사고,0,1,0,0,차대사람 - 횡단중,보행자보호의무위반,건조,맑음,단일로 - 횡단보도상,승용,남,39세,상해없음,보행자,여,66세,중상
2013031800100318,2013년 3월 18일 14시,월요일,전라북도 군산시 나운동,중상사고,0,1,1,0,차대사람 - 기타,기타,건조,맑음,단일로 - 기타,이륜,남,67세,중상,보행자,여,36세,경상
2013031800100319,2013년 3월 18일 14시,월요일,전라북도 익산시 어양동,중상사고,0,1,0,0,차대사람 - 횡단중,보행자보호의무위반,건조,맑음,단일로 - 횡단보도상,승용,여,40세,상해없음,보행자,여,6세,중상
2013031800100320,2013년 3월 18일 14시,월요일,전라북도 완주군 봉동읍,경상사고,0,0,3,0,차대차 - 기타,안전운전불이행,건조,맑음,교차로 - 교차로부근,화물,여,50세,상해없음,승용,남,49세,경상
2013031800100378,2013년 3월 18일 16시,월요일,전라북도 군산시 문화동,경상사고,0,0,4,0,차대차 - 추돌 - 진행중,안전운전불이행,건조,맑음,단일로 - 기타,화물,남,55세,상해없음,승용,남,31세,경상
2013031800100379,2013년 3월 18일 16시,월요일,전라북도 임실군 강진면,경상사고,0,0,1,0,차대차 - 측면직각충돌,신호위반,건조,흐림,교차로 - 교차로안,승용,남,46세,상해없음,이륜,남,71세,경상
2013031800100380,2013년 3월 18일 16시,월요일,전라북도 완주군 용진면,경상사고,0,0,1,0,차대차 - 기타,안전운전불이행,건조,맑음,단일로 - 기타,화물,남,58세,상해없음,승용,여,57세,경상
2013031800100531,2013년 3월 18일 20시,월요일,전라북도 군산시 산북동,중상사고,0,1,2,0,차대차 - 측면직각충돌,신호위반,습기,비,교차로 - 교차로안,화물,남,62세,상해없음,승용,남,23세,중상
2013031800100565,2013년 3월 18일 21시,월요일,전라북도 군산시 문화동,중상사고,0,1,0,0,차대차 - 측면직각충돌,직진우회전진행방해,습기,비,교차로 - 교차로안,승용,남,59세,상해없음,이륜,남,16세,중상
2013031800100593,2013년 3월 18일 22시,월요일,전라북도 군산시 소룡동,사망사고,1,0,1,0,차대차 - 기타,안전운전불이행,건조,맑음,단일로 - 기타,승용,남,47세,사망,승합,남,58세,경상
2013031800100617,2013년 3월 18일 23시,월요일,전라북도 전주시 완산구 다가동4가,중상사고,0,1,0,0,차대차 - 기타,교차로운행방법위반,건조,맑음,교차로 - 교차로안,승용,남,27세,상해없음,원동기,여,61세,중상
2013031800100618,2013년 3월 18일 23시,월요일,전라북도 전주시 완산구 서완산동1가,경상사고,0,0,2,0,차대차 - 기타,안전운전불이행,건조,맑음,교차로 - 교차로안,승용,남,25세,경상,승용,여,49세,경상
2013031800100619,2013년 3월 18일 23시,월요일,전라북도 전주시 덕진구 덕진동1가,경상사고,0,0,1,0,차대차 - 추돌 - 진행중,신호위반,건조,맑음,교차로 - 교차로안,기타불명,기타불명,기타불명,기타불명,승용,남,44세,경상
2013031900100030,2013년 3월 19일 02시,화요일,전라북도 군산시 산북동,경상사고,0,0,2,0,차대차 - 추돌 - 진행중,안전운전불이행,건조,맑음,단일로 - 기타,승용,남,31세,상해없음,승용,남,30세,경상
2013031900100048,2013년 3월 19일 05시,화요일,전라북도 고창군 성내면,사망사고,1,0,0,0,차량단독 - 공작물충돌,안전운전불이행,건조,맑음,교차로 - 교차로안,화물,남,42세,사망,,,,
2013031900100057,2013년 3월 19일 06시,화요일,전라북도 익산시 마동,경상사고,0,0,2,0,차대차 - 측면직각충돌,신호위반,건조,맑음,교차로 - 교차로안,승용,남,47세,상해없음,승합,남,35세,경상
2013031900100146,2013년 3월 19일 09시,화요일,전라북도 정읍시 연지동,경상사고,0,0,1,0,차대차 - 측면직각충돌,신호위반,건조,맑음,교차로 - 교차로안,승용,남,61세,상해없음,승용,여,49세,경상
2013031900100168,2013년 3월 19일 10시,화요일,전라북도 군산시 수송동,경상사고,0,0,1,0,차대차 - 기타,중앙선침범,건조,맑음,단일로 - 기타,자전거,남,19세,경상,승용,남,52세,상해없음
2013031900100221,2013년 3월 19일 12시,화요일,전라북도 군산시 월명동,경상사고,0,0,1,0,차대사람 - 차도통행중,안전운전불이행,건조,맑음,단일로 - 기타,승용,여,62세,상해없음,보행자,남,68세,경상
2013031900100247,2013년 3월 19일 13시,화요일,전라북도 정읍시 고부면,중상사고,0,1,0,0,차대사람 - 차도통행중,안전운전불이행,건조,맑음,단일로 - 기타,화물,남,42세,상해없음,보행자,여,74세,중상
2013031900100267,2013년 3월 19일 14시,화요일,전라북도 전주시 덕진구 팔복동3가,중상사고,0,1,0,0,차대차 - 기타,안전거리미확보,건조,맑음,단일로 - 기타,건설기계,남,36세,상해없음,승용,남,32세,중상
2013031900100287,2013년 3월 19일 15시,화요일,전라북도 익산시 모현동1가,경상사고,0,0,2,0,차대차 - 측면직각충돌,교차로운행방법위반,건조,맑음,교차로 - 교차로안,화물,남,24세,상해없음,화물,남,38세,경상
2013031900100338,2013년 3월 19일 17시,화요일,전라북도 전주시 덕진구 인후동1가,경상사고,0,0,1,0,차대차 - 기타,기타,건조,맑음,단일로 - 기타,승합,남,29세,상해없음,자전거,남,7세,경상
2013031900100339,2013년 3월 19일 17시,화요일,전라북도 익산시 모현동1가,중상사고,0,1,0,0,차대차 - 측면직각충돌,교차로운행방법위반,건조,맑음,교차로 - 교차로안,건설기계,남,38세,상해없음,화물,남,39세,중상
2013031900100397,2013년 3월 19일 19시,화요일,전라북도 군산시 조촌동,경상사고,0,0,1,0,차대사람 - 차도통행중,안전운전불이행,건조,맑음,단일로 - 기타,승용,남,71세,상해없음,보행자,남,3세,경상
2013031900100448,2013년 3월 19일 21시,화요일,전라북도 익산시 마동,경상사고,0,0,1,0,차대차 - 측면직각충돌,안전운전불이행,건조,맑음,단일로 - 기타,승용,남,71세,상해없음,원동기,남,21세,경상
2013031900100476,2013년 3월 19일 22시,화요일,전라북도 익산시 목천동,중상사고,0,1,0,0,차대사람 - 횡단중,안전운전불이행,건조,맑음,단일로 - 기타,승용,남,74세,상해없음,보행자,남,41세,중상
2013031900100512,2013년 3월 19일 23시,화요일,전라북도 군산시 중동,경상사고,0,0,1,0,차대차 - 측면직각충돌,안전운전불이행,건조,맑음,단일로 - 기타,화물,남,62세,상해없음,승용,남,59세,경상
2013032000100010,2013년 3월 20일 00시,수요일,전라북도 전주시 완산구 효자동3가,경상사고,0,0,1,0,차대차 - 기타,교차로운행방법위반,건조,맑음,교차로 - 교차로안,승용,남,24세,상해없음,승용,남,41세,경상
2013032000100011,2013년 3월 20일 00시,수요일,전라북도 전주시 덕진구 인후동2가,경상사고,0,0,1,0,차대차 - 추돌 - 주정차중,안전운전불이행,건조,맑음,교차로 - 교차로부근,승용,남,52세,상해없음,승용,남,29세,경상
2013032000100055,2013년 3월 20일 03시,수요일,전라북도 완주군 삼례읍,중상사고,0,1,1,0,차대차 - 기타,안전운전불이행,건조,맑음,교차로 - 교차로부근,승용,남,66세,상해없음,화물,남,31세,중상
2013032000100077,2013년 3월 20일 05시,수요일,전라북도 군산시 미룡동,중상사고,0,1,2,0,차량단독 - 공작물충돌,안전운전불이행,건조,맑음,교차로 - 교차로부근,승용,남,19세,상해없음,,,,
2013032000100093,2013년 3월 20일 06시,수요일,전라북도 전주시 덕진구 팔복동3가,경상사고,0,0,1,0,차대차 - 기타,안전운전불이행,건조,흐림,교차로 - 교차로부근,자전거,여,60세,경상,승용,남,45세,상해없음
2013032000100094,2013년 3월 20일 06시,수요일,전라북도 정읍시 수성동,사망사고,1,0,0,0,차대차 - 기타,안전운전불이행,건조,흐림,교차로 - 교차로안,화물,남,63세,상해없음,자전거,여,72세,사망
2013032000100109,2013년 3월 20일 07시,수요일,전라북도 익산시 팔봉동,경상사고,0,0,2,0,차대차 - 측면직각충돌,직진우회전진행방해,건조,맑음,교차로 - 교차로안,승합,여,52세,상해없음,승합,남,51세,경상
2013032000100141,2013년 3월 20일 08시,수요일,전라북도 전주시 덕진구 인후동1가,경상사고,0,0,2,0,차대차 - 측면직각충돌,안전거리미확보,습기,비,단일로 - 기타,승용,여,37세,상해없음,이륜,남,20세,경상
2013032000100142,2013년 3월 20일 08시,수요일,전라북도 남원시 고죽동,사망사고,1,1,0,0,차대차 - 기타,신호위반,건조,맑음,교차로 - 교차로안,건설기계,남,35세,상해없음,화물,남,57세,중상
2013032000100143,2013년 3월 20일 08시,수요일,전라북도 부안군 보안면,중상사고,0,1,1,0,차대차 - 측면직각충돌,직진우회전진행방해,습기,비,교차로 - 교차로안,화물,남,56세,상해없음,화물,남,62세,중상
2013032000100144,2013년 3월 20일 08시,수요일,전라북도 순창군 순창읍,경상사고,0,0,2,0,차대차 - 측면직각충돌,교차로운행방법위반,건조,맑음,교차로 - 교차로안,승용,남,77세,경상,승용,남,75세,경상
2013032000100178,2013년 3월 20일 09시,수요일,전라북도 완주군 구이면,중상사고,0,1,0,0,차대사람 - 횡단중,안전운전불이행,건조,맑음,교차로 - 교차로안,화물,남,30세,상해없음,보행자,여,67세,중상
2013032000100179,2013년 3월 20일 09시,수요일,전라북도 완주군 삼례읍,중상사고,0,1,0,0,차대차 - 정면충돌,중앙선침범,습기,안개,단일로 - 기타,화물,남,53세,상해없음,화물,남,40세,중상
2013032000100223,2013년 3월 20일 11시,수요일,전라북도 전주시 완산구 효자동1가,중상사고,0,1,0,0,차대사람 - 기타,중앙선침범,건조,맑음,단일로 - 기타,화물,남,45세,상해없음,보행자,여,75세,중상
2013032000100224,2013년 3월 20일 11시,수요일,전라북도 군산시 대명동,중상사고,0,1,1,1,차대차 - 추돌 - 진행중,안전운전불이행,건조,맑음,단일로 - 기타,승합,남,44세,상해없음,승용,남,61세,중상
2013032000100251,2013년 3월 20일 12시,수요일,전라북도 익산시 인화동1가,경상사고,0,0,1,0,차대사람 - 횡단중,안전운전불이행,건조,맑음,단일로 - 횡단보도부근,승용,여,36세,상해없음,보행자,남,52세,경상
2013032000100273,2013년 3월 20일 13시,수요일,전라북도 전주시 완산구 효자동1가,경상사고,0,0,1,0,차대차 - 기타,안전운전불이행,건조,맑음,교차로 - 교차로부근,승용,남,58세,상해없음,자전거,남,73세,경상
2013032000100274,2013년 3월 20일 13시,수요일,전라북도 익산시 함라면,중상사고,0,1,1,0,차대차 - 측면직각충돌,신호위반,건조,맑음,교차로 - 교차로안,화물,남,54세,상해없음,화물,남,65세,경상
2013032000100275,2013년 3월 20일 13시,수요일,전라북도 익산시 남중동,경상사고,0,0,2,0,차대차 - 추돌 - 주정차중,안전거리미확보,건조,맑음,교차로 - 교차로부근,승용,남,20세,상해없음,승용,남,61세,경상
2013032000100276,2013년 3월 20일 13시,수요일,전라북도 고창군 고창읍,중상사고,0,1,2,0,차대차 - 측면직각충돌,신호위반,건조,맑음,교차로 - 교차로안,승용,남,48세,중상,승용,남,54세,경상
2013032000100277,2013년 3월 20일 13시,수요일,전라북도 임실군 관촌면,경상사고,0,0,2,0,차대차 - 측면직각충돌,교차로운행방법위반,건조,맑음,교차로 - 교차로안,승용,남,46세,경상,승용,남,65세,경상
2013032000100294,2013년 3월 20일 14시,수요일,전라북도 전주시 완산구 중화산동1가,경상사고,0,0,2,0,차대차 - 기타,안전운전불이행,건조,맑음,단일로 - 기타,승용,남,42세,상해없음,승용,남,47세,경상
2013032000100324,2013년 3월 20일 15시,수요일,전라북도 군산시 수송동,중상사고,0,1,0,0,차대사람 - 횡단중,중앙선침범,건조,맑음,단일로 - 기타,승용,남,35세,상해없음,보행자,남,7세,중상
2013032000100325,2013년 3월 20일 15시,수요일,전라북도 군산시 나운동,경상사고,0,0,1,0,차대차 - 기타,안전운전불이행,건조,맑음,교차로 - 교차로안,승합,여,55세,상해없음,자전거,여,65세,경상
2013032000100392,2013년 3월 20일 17시,수요일,전라북도 전주시 완산구 서신동,경상사고,0,0,2,0,차대차 - 기타,교차로운행방법위반,건조,맑음,교차로 - 교차로안,승용,여,42세,상해없음,승용,남,65세,경상
2013032000100393,2013년 3월 20일 17시,수요일,전라북도 전주시 완산구 서노송동,중상사고,0,1,0,0,차대사람 - 기타,보행자보호의무위반,건조,맑음,단일로 - 횡단보도상,승용,여,52세,상해없음,보행자,여,63세,중상
2013032000100394,2013년 3월 20일 17시,수요일,전라북도 군산시 문화동,경상사고,0,0,1,0,차대사람 - 기타,안전운전불이행,건조,맑음,단일로 - 기타,승합,남,48세,상해없음,보행자,남,14세,경상
2013032000100395,2013년 3월 20일 17시,수요일,전라북도 부안군 진서면,경상사고,0,0,1,0,차량단독 - 공작물충돌,안전운전불이행,건조,맑음,단일로 - 기타,원동기,남,61세,경상,,,,
2013032000100450,2013년 3월 20일 19시,수요일,전라북도 전주시 덕진구 송천동1가,경상사고,0,0,1,0,차대차 - 측면직각충돌,신호위반,건조,맑음,교차로 - 교차로안,승용,여,44세,상해없음,이륜,남,52세,경상
2013032000100451,2013년 3월 20일 19시,수요일,전라북도 군산시 금동,경상사고,0,0,2,0,차대차 - 측면직각충돌,안전운전불이행,건조,맑음,교차로 - 교차로안,승용,여,52세,상해없음,승용,남,70세,경상
2013032000100452,2013년 3월 20일 19시,수요일,전라북도 익산시 부송동,경상사고,0,0,1,0,차대차 - 추돌 - 진행중,안전운전불이행,건조,맑음,교차로 - 교차로부근,승용,남,30세,상해없음,승용,여,42세,경상
2013032000100493,2013년 3월 20일 20시,수요일,전라북도 전주시 완산구 서완산동2가,경상사고,0,0,3,0,차대차 - 추돌 - 진행중,안전거리미확보,습기,비,단일로 - 기타,승합,남,58세,상해없음,승용,남,65세,경상
2013032000100494,2013년 3월 20일 20시,수요일,전라북도 전주시 덕진구 송천동2가,경상사고,0,0,1,0,차대차 - 측면직각충돌,직진우회전진행방해,건조,맑음,교차로 - 교차로안,승용,남,30세,상해없음,이륜,남,16세,경상
2013032000100495,2013년 3월 20일 20시,수요일,전라북도 익산시 모현동1가,경상사고,0,0,1,0,차대차 - 측면직각충돌,중앙선침범,건조,맑음,단일로 - 기타,승용,남,59세,상해없음,이륜,남,30세,경상
2013032000100576,2013년 3월 20일 23시,수요일,전라북도 전주시 덕진구 인후동1가,경상사고,0,0,1,0,차대차 - 기타,안전거리미확보,건조,맑음,단일로 - 기타,승용,여,46세,상해없음,이륜,남,19세,경상
2013032100100109,2013년 3월 21일 07시,목요일,전라북도 전주시 완산구 삼천동2가,중상사고,0,1,0,0,차대사람 - 기타,보행자보호의무위반,건조,맑음,교차로 - 교차로안,승용,여,38세,상해없음,보행자,여,47세,중상
2013032100100110,2013년 3월 21일 07시,목요일,전라북도 전주시 완산구 동완산동,중상사고,0,1,0,0,차대차 - 기타,안전운전불이행,건조,맑음,교차로 - 교차로부근,이륜,남,69세,중상,건설기계,남,51세,기타불명
2013032100100148,2013년 3월 21일 08시,목요일,전라북도 고창군 고창읍,경상사고,0,0,1,0,차대차 - 측면직각충돌,중앙선침범,건조,맑음,단일로 - 기타,승합,남,60세,상해없음,이륜,남,78세,경상
2013032100100149,2013년 3월 21일 08시,목요일,전라북도 진안군 상전면,경상사고,0,0,1,0,차대차 - 기타,직진우회전진행방해,건조,맑음,교차로 - 교차로안,승용,여,59세,경상,승합,남,26세,상해없음
2013032100100186,2013년 3월 21일 09시,목요일,전라북도 군산시 소룡동,경상사고,0,0,1,0,차대차 - 측면직각충돌,신호위반,건조,맑음,교차로 - 교차로안,승용,남,36세,상해없음,승용,남,39세,경상
2013032100100187,2013년 3월 21일 09시,목요일,전라북도 완주군 봉동읍,경상사고,0,0,1,0,차대차 - 측면직각충돌,신호위반,건조,맑음,교차로 - 교차로안,승용,남,73세,상해없음,화물,남,51세,경상
2013032100100263,2013년 3월 21일 12시,목요일,전라북도 군산시 대야면,중상사고,0,1,4,0,차대차 - 추돌 - 진행중,안전거리미확보,건조,맑음,단일로 - 기타,승용,여,70세,상해없음,화물,남,49세,경상
2013032100100264,2013년 3월 21일 12시,목요일,전라북도 익산시 어양동,중상사고,0,1,0,0,차대차 - 정면충돌,안전운전불이행,건조,맑음,기타 - 기타,화물,남,41세,상해없음,원동기,남,56세,중상
2013032100100306,2013년 3월 21일 14시,목요일,전라북도 군산시 소룡동,중상사고,0,1,0,0,차대차 - 측면직각충돌,안전운전불이행,건조,맑음,교차로 - 교차로안,화물,남,38세,상해없음,자전거,남,40세,중상
2013032100100331,2013년 3월 21일 15시,목요일,전라북도 전주시 덕진구 인후동1가,경상사고,0,0,1,0,차대차 - 측면직각충돌,안전운전불이행,습기,흐림,단일로 - 기타,승용,남,55세,상해없음,승용,여,27세,경상
2013032100100362,2013년 3월 21일 16시,목요일,전라북도 정읍시 상동,경상사고,0,0,7,0,차대차 - 측면직각충돌,직진우회전진행방해,건조,맑음,교차로 - 교차로안,승용,남,58세,경상,승합,여,30세,경상
2013032100100423,2013년 3월 21일 18시,목요일,전라북도 전주시 완산구 태평동,중상사고,0,1,0,0,차대사람 - 기타,보행자보호의무위반,건조,맑음,단일로 - 횡단보도상,승용,여,45세,상해없음,보행자,남,62세,중상
2013032100100424,2013년 3월 21일 18시,목요일,전라북도 김제시 서암동,경상사고,0,0,1,0,차대차 - 측면직각충돌,직진우회전진행방해,건조,맑음,교차로 - 교차로부근,승용,여,36세,상해없음,승용,남,58세,경상
2013032100100425,2013년 3월 21일 18시,목요일,전라북도 김제시 황산동,중상사고,0,1,0,0,차대차 - 측면직각충돌,직진우회전진행방해,건조,맑음,교차로 - 교차로안,화물,남,47세,상해없음,승용,여,50세,중상
2013032100100426,2013년 3월 21일 18시,목요일,전라북도 부안군 변산면,경상사고,0,0,1,0,차대차 - 기타,안전운전불이행,건조,맑음,교차로 - 교차로안,승용,남,18세,상해없음,화물,남,42세,상해없음
2013032100100469,2013년 3월 21일 19시,목요일,전라북도 군산시 오식도동,중상사고,0,1,0,0,차대차 - 측면직각충돌,교차로운행방법위반,건조,맑음,교차로 - 교차로부근,승용,남,50세,상해없음,이륜,남,30세,중상
2013032100100504,2013년 3월 21일 20시,목요일,전라북도 김제시 금구면,중상사고,0,1,0,0,차대차 - 추돌 - 진행중,안전운전불이행,건조,맑음,단일로 - 기타,승용,남,43세,상해없음,자전거,남,29세,중상
2013032100100565,2013년 3월 21일 22시,목요일,전라북도 완주군 봉동읍,중상사고,0,1,0,0,차대차 - 기타,안전거리미확보,건조,맑음,교차로 - 교차로부근,화물,남,60세,상해없음,승용,남,23세,중상
2013032200100015,2013년 3월 22일 00시,금요일,전라북도 전주시 완산구 서서학동,중상사고,0,1,2,0,차대차 - 기타,신호위반,건조,맑음,교차로 - 교차로안,승용,남,32세,상해없음,승용,남,66세,경상
2013032200100067,2013년 3월 22일 03시,금요일,전라북도 전주시 덕진구 인후동1가,경상사고,0,0,1,0,차대차 - 추돌 - 주정차중,안전운전불이행,습기,흐림,단일로 - 기타,승용,남,39세,상해없음,승용,남,43세,경상
2013032200100111,2013년 3월 22일 07시,금요일,전라북도 부안군 보안면,경상사고,0,0,3,0,차대차 - 기타,교차로운행방법위반,건조,맑음,교차로 - 교차로안,화물,남,42세,경상,승용,여,47세,경상
2013032200100148,2013년 3월 22일 08시,금요일,전라북도 익산시 팔봉동,경상사고,0,0,1,0,차대차 - 추돌 - 주정차중,안전운전불이행,건조,맑음,교차로 - 교차로부근,승용,남,48세,상해없음,승용,여,31세,경상
2013032200100149,2013년 3월 22일 08시,금요일,전라북도 부안군 변산면,경상사고,0,0,1,0,차대차 - 기타,교차로운행방법위반,건조,맑음,교차로 - 교차로안,승용,남,36세,상해없음,승용,여,29세,경상
2013032200100228,2013년 3월 22일 11시,금요일,전라북도 전주시 덕진구 송천동1가,경상사고,0,0,2,0,차대차 - 측면직각충돌,안전운전불이행,건조,맑음,단일로 - 기타,건설기계,남,53세,상해없음,화물,남,50세,경상
2013032200100249,2013년 3월 22일 12시,금요일,전라북도 전주시 덕진구 인후동1가,중상사고,0,1,0,0,차대사람 - 횡단중,안전운전불이행,건조,맑음,단일로 - 기타,승용,남,71세,상해없음,보행자,여,58세,중상
2013032200100250,2013년 3월 22일 12시,금요일,전라북도 정읍시 신태인읍,경상사고,0,0,1,0,차대차 - 기타,안전운전불이행,건조,맑음,교차로 - 교차로안,화물,남,63세,상해없음,자전거,남,68세,경상
2013032200100291,2013년 3월 22일 14시,금요일,전라북도 전주시 덕진구 여의동,경상사고,0,0,1,0,차대차 - 추돌 - 진행중,안전운전불이행,건조,맑음,교차로 - 교차로부근,승용,남,63세,상해없음,승용,남,41세,경상
2013032200100292,2013년 3월 22일 14시,금요일,전라북도 전주시 덕진구 우아동1가,경상사고,0,0,1,0,차대사람 - 횡단중,보행자보호의무위반,건조,맑음,단일로 - 횡단보도상,승용,남,44세,상해없음,보행자,여,25세,경상
2013032200100293,2013년 3월 22일 14시,금요일,전라북도 전주시 덕진구 우아동3가,경상사고,0,0,2,0,차량단독 - 기타,안전운전불이행,건조,맑음,교차로 - 교차로안,승용,남,62세,상해없음,,,,
2013032200100294,2013년 3월 22일 14시,금요일,전라북도 군산시 나운동,중상사고,0,1,0,0,차대차 - 측면직각충돌,안전운전불이행,건조,맑음,단일로 - 기타,원동기,남,75세,상해없음,승용,여,52세,상해없음
2013032200100320,2013년 3월 22일 15시,금요일,전라북도 익산시 평화동,경상사고,0,0,1,0,차대차 - 측면직각충돌,안전운전불이행,건조,맑음,단일로 - 기타,승용,남,57세,상해없음,승용,여,56세,경상
2013032200100343,2013년 3월 22일 16시,금요일,전라북도 군산시 미룡동,중상사고,0,1,0,0,차대사람 - 횡단중,보행자보호의무위반,건조,맑음,단일로 - 횡단보도상,승용,여,43세,상해없음,보행자,여,7세,중상
2013032200100344,2013년 3월 22일 16시,금요일,전라북도 익산시 용안면,중상사고,0,1,0,0,차대차 - 정면충돌,중앙선침범,건조,맑음,단일로 - 기타,원동기,남,55세,중상,건설기계,남,39세,상해없음
2013032200100345,2013년 3월 22일 16시,금요일,전라북도 순창군 동계면,중상사고,0,1,0,0,차대사람 - 횡단중,보행자보호의무위반,건조,맑음,교차로 - 교차로안,승용,여,37세,상해없음,보행자,남,73세,중상
2013032200100387,2013년 3월 22일 17시,금요일,전라북도 전주시 완산구 전동,경상사고,0,0,3,0,차대차 - 기타,안전거리미확보,건조,맑음,단일로 - 기타,승용,남,27세,경상,승용,남,58세,경상