사고번호,사고일시,요일,시군구,사고내용,사망자수,중상자수,경상자수,부상신고자수,사고유형,법규위반,노면상태,기상상태,도로형태,가해운전자 차종,가해운전자 성별,가해운전자 연령,가해운전자 상해정도,피해운전자 차종,피해운전자 성별,피해운전자 연령,피해운전자 상해정도
2013032200100388,2013년 3월 22일 17시,금요일,전라북도 전주시 완산구 중화산동2가,경상사고,0,0,1,0,차대사람 - 기타,안전운전불이행,건조,맑음,단일로 - 기타,승용,남,37세,상해없음,보행자,여,76세,경상
2013032200100417,2013년 3월 22일 18시,금요일,전라북도 익산시 모현동1가,경상사고,0,0,1,0,차대차 - 측면직각충돌,교차로운행방법위반,건조,맑음,교차로 - 교차로안,승용,남,40세,상해없음,승용,남,40세,경상
2013032200100418,2013년 3월 22일 18시,금요일,전라북도 부안군 부안읍,중상사고,0,1,0,0,차대차 - 측면직각충돌,안전운전불이행,건조,맑음,교차로 - 교차로안,승용,남,53세,상해없음,이륜,남,19세,중상
2013032200100466,2013년 3월 22일 19시,금요일,전라북도 전주시 완산구 중화산동1가,경상사고,0,0,1,0,차대사람 - 기타,안전운전불이행,건조,맑음,단일로 - 기타,기타불명,기타불명,기타불명,기타불명,보행자,여,14세,경상
2013032200100467,2013년 3월 22일 19시,금요일,전라북도 전주시 덕진구 송천동1가,경상사고,0,0,3,0,차대차 - 추돌 - 진행중,안전운전불이행,건조,맑음,단일로 - 기타,승용,남,38세,상해없음,승용,남,32세,경상
2013032200100506,2013년 3월 22일 20시,금요일,전라북도 전주시 완산구 서신동,중상사고,0,3,0,0,차대차 - 기타,신호위반,건조,맑음,교차로 - 교차로안,승용,여,28세,상해없음,승용,남,29세,중상
2013032200100545,2013년 3월 22일 21시,금요일,전라북도 완주군 삼례읍,경상사고,0,0,1,0,차대사람 - 기타,안전운전불이행,건조,맑음,단일로 - 기타,승용,남,40세,상해없음,보행자,남,23세,경상
2013032200100584,2013년 3월 22일 22시,금요일,전라북도 전주시 완산구 서신동,경상사고,0,0,3,0,차대차 - 기타,중앙선침범,건조,맑음,단일로 - 기타,승용,남,33세,상해없음,승합,남,57세,경상
2013032200100585,2013년 3월 22일 22시,금요일,전라북도 전주시 완산구 평화동2가,경상사고,0,0,2,0,차대차 - 기타,안전운전불이행,건조,맑음,단일로 - 기타,승용,남,38세,상해없음,승용,여,49세,경상
2013032200100586,2013년 3월 22일 22시,금요일,전라북도 전주시 덕진구 진북동,경상사고,0,0,2,0,차대차 - 추돌 - 주정차중,안전운전불이행,건조,맑음,단일로 - 기타,승용,남,43세,상해없음,승용,여,33세,경상
2013032200100587,2013년 3월 22일 22시,금요일,전라북도 군산시 옥산면,중상사고,0,1,0,0,차대차 - 측면직각충돌,교차로운행방법위반,건조,맑음,교차로 - 교차로안,승용,남,59세,상해없음,화물,여,48세,중상
2013032200100588,2013년 3월 22일 22시,금요일,전라북도 고창군 고창읍,경상사고,0,0,2,0,차대차 - 기타,교차로운행방법위반,건조,맑음,교차로 - 교차로안,승용,여,32세,기타불명,승용,남,57세,상해없음
2013032200100619,2013년 3월 22일 23시,금요일,전라북도 전주시 덕진구 덕진동1가,경상사고,0,0,2,0,차대차 - 측면직각충돌,신호위반,건조,맑음,교차로 - 교차로안,승용,남,51세,상해없음,승용,남,30세,경상
2013032300100053,2013년 3월 23일 01시,토요일,전라북도 전주시 완산구 효자동1가,경상사고,0,0,1,0,차대사람 - 기타,안전운전불이행,건조,맑음,교차로 - 교차로안,승용,남,46세,상해없음,보행자,여,48세,경상
2013032300100054,2013년 3월 23일 01시,토요일,전라북도 전주시 덕진구 우아동3가,경상사고,0,0,1,0,차대차 - 측면직각충돌,안전운전불이행,건조,맑음,단일로 - 기타,승용,남,33세,상해없음,승용,남,30세,경상
2013032300100055,2013년 3월 23일 01시,토요일,전라북도 군산시 나운동,중상사고,0,1,1,0,차대차 - 추돌 - 주정차중,안전운전불이행,건조,맑음,교차로 - 교차로부근,원동기,남,19세,중상,승용,남,31세,경상
2013032300100074,2013년 3월 23일 02시,토요일,전라북도 전주시 완산구 중화산동2가,경상사고,0,0,1,0,차대차 - 기타,안전운전불이행,건조,맑음,단일로 - 기타,기타불명,기타불명,기타불명,기타불명,화물,남,31세,경상
2013032300100075,2013년 3월 23일 02시,토요일,전라북도 진안군 백운면,경상사고,0,0,1,0,차량단독 - 공작물충돌,안전운전불이행,건조,맑음,단일로 - 기타,승용,남,41세,경상,,,,
2013032300100108,2013년 3월 23일 04시,토요일,전라북도 김제시 백구면,중상사고,0,1,1,0,차대차 - 추돌 - 진행중,안전운전불이행,건조,맑음,단일로 - 기타,승용,남,25세,상해없음,승합,남,23세,중상
2013032300100222,2013년 3월 23일 10시,토요일,전라북도 전주시 완산구 다가동3가,경상사고,0,0,4,0,차대차 - 추돌 - 주정차중,안전운전불이행,건조,맑음,단일로 - 기타,승용,여,31세,상해없음,승용,남,57세,경상
2013032300100223,2013년 3월 23일 10시,토요일,전라북도 익산시 창인동1가,경상사고,0,0,1,0,차대사람 - 기타,안전운전불이행,건조,맑음,단일로 - 기타,승용,남,73세,상해없음,보행자,여,65세,경상
2013032300100224,2013년 3월 23일 10시,토요일,전라북도 부안군 부안읍,중상사고,0,1,1,0,차대차 - 기타,교차로운행방법위반,건조,맑음,교차로 - 교차로안,승용,여,45세,경상,원동기,남,69세,중상
2013032300100225,2013년 3월 23일 10시,토요일,전라북도 장수군 계북면,중상사고,0,1,0,0,차대차 - 기타,안전운전불이행,건조,맑음,교차로 - 교차로안,화물,남,59세,상해없음,이륜,남,28세,중상
2013032300100277,2013년 3월 23일 12시,토요일,전라북도 고창군 부안면,중상사고,0,3,0,0,차대차 - 측면직각충돌,직진우회전진행방해,건조,맑음,교차로 - 교차로안,화물,남,46세,상해없음,승용,여,54세,중상
2013032300100345,2013년 3월 23일 14시,토요일,전라북도 전주시 완산구 교동,중상사고,0,1,0,0,차대사람 - 보도통행중,기타,건조,맑음,단일로 - 기타,승용,남,66세,상해없음,보행자,여,24세,중상
2013032300100346,2013년 3월 23일 14시,토요일,전라북도 익산시 모현동1가,경상사고,0,0,1,0,차대사람 - 보도통행중,보행자보호의무위반,건조,맑음,단일로 - 횡단보도상,승용,여,43세,상해없음,보행자,여,76세,경상
2013032300100381,2013년 3월 23일 15시,토요일,전라북도 전주시 덕진구 고랑동,중상사고,0,3,0,0,차대차 - 정면충돌,중앙선침범,건조,맑음,교차로 - 교차로부근,화물,남,21세,상해없음,화물,남,71세,중상
2013032300100382,2013년 3월 23일 15시,토요일,전라북도 익산시 왕궁면,경상사고,0,0,1,0,차대차 - 측면직각충돌,교차로운행방법위반,건조,맑음,교차로 - 교차로안,승용,남,37세,상해없음,승용,남,23세,상해없음
2013032300100424,2013년 3월 23일 16시,토요일,전라북도 군산시 수송동,경상사고,0,0,1,0,차대차 - 추돌 - 진행중,안전운전불이행,건조,맑음,단일로 - 기타,화물,남,47세,상해없음,승용,남,34세,경상
2013032300100425,2013년 3월 23일 16시,토요일,전라북도 군산시 경암동,경상사고,0,0,1,0,차대차 - 측면직각충돌,신호위반,건조,맑음,교차로 - 교차로안,승용,남,40세,상해없음,이륜,남,36세,경상
2013032300100426,2013년 3월 23일 16시,토요일,전라북도 정읍시 상동,중상사고,0,1,0,0,차대차 - 측면직각충돌,직진우회전진행방해,건조,맑음,교차로 - 교차로안,승용,남,53세,상해없음,승용,남,81세,중상
2013032300100427,2013년 3월 23일 16시,토요일,전라북도 남원시 향교동,중상사고,0,1,0,0,차대차 - 기타,안전운전불이행,건조,맑음,단일로 - 기타,승용,남,44세,상해없음,자전거,남,7세,중상
2013032300100461,2013년 3월 23일 17시,토요일,전라북도 익산시 신동,경상사고,0,0,1,0,차대차 - 측면직각충돌,직진우회전진행방해,건조,맑음,교차로 - 교차로안,원동기,남,19세,경상,승용,남,37세,상해없음
2013032300100494,2013년 3월 23일 18시,토요일,전라북도 전주시 덕진구 덕진동2가,경상사고,0,0,2,0,차대차 - 추돌 - 진행중,안전거리미확보,건조,맑음,교차로 - 교차로부근,승용,남,62세,상해없음,승용,여,43세,경상
2013032300100495,2013년 3월 23일 18시,토요일,전라북도 전주시 덕진구 반월동,경상사고,0,0,2,0,차대차 - 추돌 - 진행중,안전운전불이행,건조,맑음,단일로 - 기타,승용,남,56세,상해없음,승용,남,49세,경상
2013032300100496,2013년 3월 23일 18시,토요일,전라북도 군산시 삼학동,중상사고,0,1,0,0,차대차 - 측면직각충돌,안전운전불이행,건조,맑음,단일로 - 기타,승용,여,36세,상해없음,자전거,남,45세,중상
2013032300100540,2013년 3월 23일 19시,토요일,전라북도 군산시 미룡동,경상사고,0,0,1,0,차대차 - 측면직각충돌,안전운전불이행,건조,맑음,단일로 - 기타,승용,남,27세,상해없음,원동기,남,23세,경상
2013032300100541,2013년 3월 23일 19시,토요일,전라북도 군산시 수송동,경상사고,0,0,2,0,차대차 - 추돌 - 진행중,안전운전불이행,건조,맑음,단일로 - 기타,승용,남,32세,상해없음,승용,남,36세,경상
2013032300100615,2013년 3월 23일 21시,토요일,전라북도 전주시 완산구 서서학동,경상사고,0,0,4,0,차대차 - 추돌 - 주정차중,안전운전불이행,건조,맑음,단일로 - 기타,승용,남,46세,경상,승합,여,48세,경상
2013032300100616,2013년 3월 23일 21시,토요일,전라북도 전주시 덕진구 우아동3가,경상사고,0,0,4,0,차대차 - 추돌 - 주정차중,안전거리미확보,건조,맑음,교차로 - 교차로부근,승용,남,35세,상해없음,승용,남,31세,경상
2013032300100617,2013년 3월 23일 21시,토요일,전라북도 익산시 영등동,경상사고,0,0,1,0,차대차 - 추돌 - 진행중,안전운전불이행,건조,맑음,단일로 - 기타,승용,남,56세,상해없음,승용,남,34세,경상
2013032300100644,2013년 3월 23일 22시,토요일,전라북도 군산시 수송동,경상사고,0,0,1,0,차대차 - 측면직각충돌,신호위반,건조,맑음,교차로 - 교차로안,승용,남,30세,기타불명,승용,여,30세,경상
2013032300100678,2013년 3월 23일 23시,토요일,전라북도 전주시 덕진구 송천동1가,중상사고,0,1,0,0,차대사람 - 횡단중,안전운전불이행,건조,맑음,교차로 - 교차로안,승용,남,52세,상해없음,보행자,여,64세,중상
2013032400100029,2013년 3월 24일 01시,일요일,전라북도 전주시 완산구 전동,중상사고,0,1,1,0,차대차 - 측면직각충돌,교차로운행방법위반,건조,맑음,교차로 - 교차로안,승용,남,51세,중상,승용,남,35세,경상
2013032400100030,2013년 3월 24일 01시,일요일,전라북도 정읍시 태인면,경상사고,0,0,2,0,차대차 - 기타,안전운전불이행,건조,맑음,단일로 - 기타,기타불명,기타불명,기타불명,기타불명,특수,남,40세,경상
2013032400100055,2013년 3월 24일 02시,일요일,전라북도 전주시 덕진구 우아동2가,경상사고,0,0,2,0,차대차 - 측면직각충돌,안전운전불이행,건조,맑음,교차로 - 교차로부근,승용,여,29세,상해없음,승용,여,24세,기타불명
2013032400100072,2013년 3월 24일 03시,일요일,전라북도 익산시 신동,중상사고,0,1,0,0,차대사람 - 횡단중,안전운전불이행,건조,맑음,단일로 - 기타,승용,남,37세,상해없음,보행자,남,24세,중상
2013032400100107,2013년 3월 24일 06시,일요일,전라북도 전주시 완산구 중화산동2가,중상사고,0,1,2,0,차대차 - 측면직각충돌,신호위반,건조,맑음,교차로 - 교차로안,승용,남,23세,경상,승용,남,60세,중상
2013032400100116,2013년 3월 24일 07시,일요일,전라북도 전주시 완산구 중화산동2가,경상사고,0,0,1,0,차대차 - 기타,안전거리미확보,건조,맑음,단일로 - 기타,승용,남,45세,상해없음,승용,남,38세,경상
2013032400100130,2013년 3월 24일 08시,일요일,전라북도 전주시 완산구 삼천동1가,경상사고,0,0,4,0,차대차 - 정면충돌,중앙선침범,건조,맑음,단일로 - 기타,승합,남,54세,상해없음,승용,남,49세,경상
2013032400100131,2013년 3월 24일 08시,일요일,전라북도 익산시 모현동1가,부상신고사고,0,0,0,2,차대차 - 추돌 - 주정차중,안전운전불이행,건조,맑음,교차로 - 교차로부근,승용,남,47세,상해없음,승합,남,60세,부상신고
2013032400100144,2013년 3월 24일 09시,일요일,전라북도 익산시 황등면,중상사고,0,1,0,0,차대사람 - 보도통행중,보행자보호의무위반,건조,맑음,교차로 - 교차로안,승용,여,62세,상해없음,보행자,남,55세,중상
2013032400100145,2013년 3월 24일 09시,일요일,전라북도 익산시 금강동,경상사고,0,0,1,0,차대차 - 측면직각충돌,신호위반,건조,맑음,교차로 - 교차로안,승용,여,29세,상해없음,승용,남,36세,경상
2013032400100190,2013년 3월 24일 12시,일요일,전라북도 군산시 비응도동,경상사고,0,0,1,0,차대사람 - 보도통행중,보행자보호의무위반,건조,맑음,교차로 - 교차로안,화물,남,59세,상해없음,보행자,남,6세,경상
2013032400100191,2013년 3월 24일 12시,일요일,전라북도 익산시 팔봉동,경상사고,0,0,2,0,차대차 - 측면직각충돌,안전거리미확보,건조,맑음,교차로 - 교차로부근,승용,남,43세,상해없음,화물,남,36세,경상
2013032400100211,2013년 3월 24일 13시,일요일,전라북도 전주시 덕진구 인후동1가,중상사고,0,2,0,0,차대차 - 추돌 - 진행중,안전거리미확보,건조,맑음,교차로 - 교차로안,기타불명,기타불명,기타불명,기타불명,승용,여,21세,중상
2013032400100212,2013년 3월 24일 13시,일요일,전라북도 군산시 소룡동,경상사고,0,0,3,0,차대차 - 측면직각충돌,안전거리미확보,건조,맑음,단일로 - 기타,승용,남,23세,상해없음,승용,남,67세,경상
2013032400100213,2013년 3월 24일 13시,일요일,전라북도 익산시 신동,부상신고사고,0,0,0,1,차대차 - 기타,직진우회전진행방해,건조,맑음,교차로 - 교차로안,승용,남,45세,상해없음,자전거,남,16세,부상신고
2013032400100214,2013년 3월 24일 13시,일요일,전라북도 익산시 동산동,중상사고,0,1,0,0,차대사람 - 보도통행중,보행자보호의무위반,건조,맑음,교차로 - 교차로안,승용,남,51세,상해없음,보행자,여,52세,중상
2013032400100241,2013년 3월 24일 14시,일요일,전라북도 군산시 소룡동,사망사고,1,0,0,0,차대차 - 측면직각충돌,직진우회전진행방해,건조,맑음,교차로 - 교차로안,이륜,남,57세,사망,화물,남,48세,상해없음
2013032400100242,2013년 3월 24일 14시,일요일,전라북도 군산시 미룡동,경상사고,0,0,2,0,차대차 - 측면직각충돌,차로위반,건조,맑음,교차로 - 교차로부근,승용,남,57세,상해없음,승용,남,42세,경상
2013032400100243,2013년 3월 24일 14시,일요일,전라북도 익산시 팔봉동,중상사고,0,1,3,0,차대차 - 측면직각충돌,중앙선침범,건조,맑음,단일로 - 기타,승용,남,47세,중상,승용,남,33세,경상
2013032400100293,2013년 3월 24일 16시,일요일,전라북도 전주시 덕진구 팔복동2가,경상사고,0,0,1,0,차대차 - 측면직각충돌,직진우회전진행방해,건조,맑음,교차로 - 교차로안,승용,남,54세,상해없음,승용,남,40세,경상
2013032400100294,2013년 3월 24일 16시,일요일,전라북도 군산시 소룡동,경상사고,0,0,2,0,차대차 - 추돌 - 진행중,안전운전불이행,건조,맑음,교차로 - 교차로부근,승용,남,38세,상해없음,승용,여,41세,경상
2013032400100295,2013년 3월 24일 16시,일요일,전라북도 군산시 미룡동,경상사고,0,0,4,0,차대차 - 측면직각충돌,직진우회전진행방해,건조,맑음,교차로 - 교차로안,승용,남,56세,상해없음,승용,여,48세,경상
2013032400100296,2013년 3월 24일 16시,일요일,전라북도 익산시 금마면,중상사고,0,2,0,0,차대차 - 측면직각충돌,중앙선침범,건조,맑음,단일로 - 기타,승용,남,71세,상해없음,승용,여,41세,중상
2013032400100319,2013년 3월 24일 17시,일요일,전라북도 익산시 어양동,경상사고,0,0,3,0,차대차 - 측면직각충돌,안전운전불이행,건조,맑음,단일로 - 기타,승용,남,45세,상해없음,화물,남,56세,경상
2013032400100320,2013년 3월 24일 17시,일요일,전라북도 남원시 주생면,중상사고,0,1,0,0,차대차 - 기타,중앙선침범,건조,맑음,기타 - 기타,화물,남,62세,상해없음,이륜,남,45세,중상
2013032400100346,2013년 3월 24일 18시,일요일,전라북도 전주시 덕진구 진북동,중상사고,0,1,1,0,차대차 - 측면직각충돌,안전운전불이행,건조,맑음,교차로 - 교차로안,화물,남,62세,상해없음,승용,남,45세,경상
2013032400100409,2013년 3월 24일 20시,일요일,전라북도 전주시 완산구 서노송동,경상사고,0,0,1,0,차대차 - 기타,불법유턴,건조,맑음,교차로 - 교차로안,승용,남,54세,상해없음,자전거,남,37세,경상
2013032400100410,2013년 3월 24일 20시,일요일,전라북도 군산시 나운동,경상사고,0,0,2,0,차대차 - 추돌 - 진행중,안전운전불이행,건조,맑음,단일로 - 기타,승용,남,44세,상해없음,승용,남,65세,경상
2013032400100411,2013년 3월 24일 20시,일요일,전라북도 군산시 옥도면,중상사고,0,3,0,0,차량단독 - 공작물충돌,안전운전불이행,건조,맑음,교차로 - 교차로안,승용,여,26세,중상,,,,
2013032400100466,2013년 3월 24일 22시,일요일,전라북도 정읍시 시기동,중상사고,0,1,0,0,차대차 - 측면직각충돌,안전운전불이행,건조,맑음,교차로 - 교차로안,이륜,남,20세,중상,승용,여,36세,상해없음
2013032500100019,2013년 3월 25일 01시,월요일,전라북도 군산시 지곡동,중상사고,0,1,1,0,차대차 - 측면직각충돌,안전운전불이행,건조,맑음,단일로 - 기타,승용,남,47세,상해없음,이륜,여,21세,중상
2013032500100037,2013년 3월 25일 05시,월요일,전라북도 전주시 덕진구 우아동2가,경상사고,0,0,1,0,차대차 - 정면충돌,신호위반,건조,맑음,교차로 - 교차로안,화물,남,24세,상해없음,승용,남,45세,경상
2013032500100038,2013년 3월 25일 05시,월요일,전라북도 부안군 변산면,부상신고사고,0,0,0,1,차량단독 - 기타,안전운전불이행,건조,맑음,단일로 - 기타,승용,남,27세,부상신고,,,,
2013032500100049,2013년 3월 25일 06시,월요일,전라북도 순창군 순창읍,경상사고,0,0,1,0,차대차 - 측면직각충돌,중앙선침범,건조,맑음,기타 - 기타,화물,남,58세,상해없음,승용,남,35세,경상
2013032500100065,2013년 3월 25일 07시,월요일,전라북도 익산시 왕궁면,경상사고,0,0,1,0,차대차 - 추돌 - 주정차중,안전운전불이행,건조,맑음,교차로 - 교차로부근,화물,남,53세,상해없음,승용,남,30세,경상
2013032500100066,2013년 3월 25일 07시,월요일,전라북도 김제시 검산동,중상사고,0,1,0,0,차대사람 - 횡단중,안전운전불이행,건조,맑음,교차로 - 교차로안,승용,남,66세,상해없음,보행자,남,74세,중상
2013032500100101,2013년 3월 25일 08시,월요일,전라북도 군산시 신풍동,경상사고,0,0,2,0,차대차 - 추돌 - 진행중,안전거리미확보,건조,맑음,교차로 - 교차로부근,승용,남,62세,상해없음,승용,남,58세,경상
2013032500100102,2013년 3월 25일 08시,월요일,전라북도 익산시 남중동,경상사고,0,0,2,0,차대차 - 추돌 - 진행중,안전운전불이행,건조,맑음,교차로 - 교차로부근,승용,남,49세,상해없음,승용,남,55세,경상
2013032500100103,2013년 3월 25일 08시,월요일,전라북도 정읍시 태인면,중상사고,0,1,0,0,차량단독 - 공작물충돌,안전운전불이행,건조,맑음,단일로 - 기타,승용,여,53세,상해없음,,,,
2013032500100135,2013년 3월 25일 09시,월요일,전라북도 익산시 팔봉동,경상사고,0,0,1,0,차대차 - 측면직각충돌,신호위반,건조,맑음,교차로 - 교차로안,승용,여,59세,상해없음,승용,남,70세,경상
2013032500100156,2013년 3월 25일 10시,월요일,전라북도 군산시 대명동,경상사고,0,0,1,0,차대사람 - 기타,안전운전불이행,건조,맑음,단일로 - 기타,화물,남,54세,상해없음,보행자,남,31세,경상
2013032500100185,2013년 3월 25일 11시,월요일,전라북도 군산시 금동,경상사고,0,0,1,0,차대차 - 기타,직진우회전진행방해,건조,맑음,교차로 - 교차로안,이륜,남,65세,경상,승용,남,57세,상해없음
2013032500100223,2013년 3월 25일 12시,월요일,전라북도 전주시 완산구 효자동3가,경상사고,0,0,1,0,차대차 - 기타,교차로운행방법위반,건조,맑음,교차로 - 교차로안,승용,여,43세,상해없음,승용,여,31세,경상
2013032500100224,2013년 3월 25일 12시,월요일,전라북도 익산시 신동,경상사고,0,0,1,0,차대차 - 추돌 - 진행중,안전운전불이행,건조,맑음,단일로 - 기타,화물,남,61세,상해없음,승용,여,48세,경상
2013032500100248,2013년 3월 25일 13시,월요일,전라북도 전주시 덕진구 동산동,중상사고,0,1,0,0,차대사람 - 횡단중,보행자보호의무위반,건조,맑음,교차로 - 교차로부근,화물,여,44세,상해없음,보행자,여,64세,중상
2013032500100249,2013년 3월 25일 13시,월요일,전라북도 김제시 서암동,경상사고,0,0,2,0,차대차 - 추돌 - 진행중,안전운전불이행,건조,맑음,단일로 - 기타,승용,남,46세,상해없음,승용,여,48세,경상
2013032500100290,2013년 3월 25일 14시,월요일,전라북도 군산시 산북동,경상사고,0,0,2,0,차대차 - 기타,과속,건조,맑음,단일로 - 기타,승용,남,60세,상해없음,승용,남,43세,경상
2013032500100291,2013년 3월 25일 14시,월요일,전라북도 익산시 부송동,경상사고,0,0,1,0,차대사람 - 기타,안전운전불이행,건조,맑음,기타 - 기타,승합,남,53세,상해없음,보행자,남,6세,경상
2013032500100292,2013년 3월 25일 14시,월요일,전라북도 남원시 왕정동,중상사고,0,1,0,0,차대사람 - 차도통행중,안전운전불이행,건조,맑음,단일로 - 기타,화물,남,67세,상해없음,보행자,여,87세,중상
2013032500100356,2013년 3월 25일 16시,월요일,전라북도 군산시 구암동,중상사고,0,1,3,0,차대차 - 기타,안전운전불이행,건조,맑음,교차로 - 교차로안,승용,남,22세,경상,승용,여,50세,경상
2013032500100397,2013년 3월 25일 17시,월요일,전라북도 익산시 부송동,경상사고,0,0,1,0,차대차 - 측면직각충돌,안전운전불이행,건조,맑음,교차로 - 교차로안,화물,남,57세,상해없음,승용,남,63세,경상
2013032500100517,2013년 3월 25일 21시,월요일,전라북도 익산시 신동,경상사고,0,0,1,0,차대사람 - 기타,안전운전불이행,건조,맑음,단일로 - 기타,승용,남,30세,기타불명,보행자,남,29세,경상
2013032600100071,2013년 3월 26일 06시,화요일,전라북도 익산시 인화동1가,중상사고,0,1,0,0,차대사람 - 횡단중,보행자보호의무위반,건조,맑음,교차로 - 교차로안,승용,남,58세,상해없음,보행자,여,69세,중상
2013032600100072,2013년 3월 26일 06시,화요일,전라북도 고창군 아산면,중상사고,0,1,0,0,차대차 - 측면직각충돌,중앙선침범,건조,흐림,교차로 - 교차로부근,화물,남,65세,상해없음,이륜,남,66세,중상
2013032600100092,2013년 3월 26일 07시,화요일,전라북도 군산시 장미동,경상사고,0,0,1,0,차대차 - 측면직각충돌,직진우회전진행방해,건조,맑음,교차로 - 교차로안,승용,남,25세,상해없음,승용,남,56세,경상
2013032600100158,2013년 3월 26일 09시,화요일,전라북도 전주시 덕진구 금암동,경상사고,0,0,1,0,차대차 - 측면직각충돌,안전운전불이행,건조,맑음,교차로 - 교차로부근,기타불명,기타불명,기타불명,기타불명,자전거,남,65세,경상
2013032600100159,2013년 3월 26일 09시,화요일,전라북도 익산시 삼기면,부상신고사고,0,0,0,1,차량단독 - 전도전복,안전운전불이행,건조,맑음,단일로 - 기타,승용,여,54세,부상신고,,,,
2013032600100160,2013년 3월 26일 09시,화요일,전라북도 익산시 영등동,경상사고,0,0,1,0,차대차 - 측면직각충돌,직진우회전진행방해,건조,맑음,교차로 - 교차로안,승용,여,52세,상해없음,승용,남,73세,경상
2013032600100205,2013년 3월 26일 11시,화요일,전라북도 순창군 순창읍,부상신고사고,0,0,0,1,차대차 - 측면직각충돌,신호위반,건조,맑음,교차로 - 교차로안,이륜,남,78세,부상신고,승용,남,46세,상해없음
2013032600100233,2013년 3월 26일 12시,화요일,전라북도 전주시 덕진구 인후동1가,중상사고,0,1,0,0,차대사람 - 차도통행중,안전운전불이행,건조,맑음,단일로 - 기타,화물,남,49세,상해없음,보행자,여,72세,중상
2013032600100273,2013년 3월 26일 14시,화요일,전라북도 남원시 고죽동,경상사고,0,0,1,0,차대차 - 추돌 - 주정차중,안전운전불이행,건조,맑음,교차로 - 교차로부근,화물,남,52세,상해없음,승용,남,37세,경상
2013032600100318,2013년 3월 26일 16시,화요일,전라북도 남원시 운봉읍,경상사고,0,0,3,0,차대차 - 측면직각충돌,과속,건조,맑음,교차로 - 교차로안,승용,여,45세,상해없음,화물,남,59세,경상
2013032600100351,2013년 3월 26일 17시,화요일,전라북도 익산시 영등동,경상사고,0,0,1,0,차대차 - 측면직각충돌,직진우회전진행방해,건조,맑음,교차로 - 교차로안,승합,남,45세,상해없음,이륜,남,51세,경상
2013032600100379,2013년 3월 26일 18시,화요일,전라북도 전주시 완산구 중화산동1가,경상사고,0,0,1,0,차대차 - 기타,안전운전불이행,건조,맑음,단일로 - 기타,승용,남,59세,상해없음,자전거,남,15세,경상
2013032600100380,2013년 3월 26일 18시,화요일,전라북도 전주시 덕진구 금암동,중상사고,0,1,0,0,차대사람 - 보도통행중,보행자보호의무위반,건조,맑음,단일로 - 횡단보도상,승용,여,41세,상해없음,보행자,여,50세,중상
2013032600100381,2013년 3월 26일 18시,화요일,전라북도 익산시 남중동,경상사고,0,0,1,0,차대차 - 측면직각충돌,신호위반,건조,맑음,교차로 - 교차로안,승용,남,53세,상해없음,승용,남,38세,경상
2013032600100422,2013년 3월 26일 19시,화요일,전라북도 전주시 덕진구 인후동1가,경상사고,0,0,1,0,차대차 - 측면직각충돌,안전운전불이행,건조,맑음,교차로 - 교차로부근,승용,남,64세,상해없음,승용,남,24세,상해없음
2013032600100423,2013년 3월 26일 19시,화요일,전라북도 익산시 신동,중상사고,0,1,0,0,차대차 - 측면직각충돌,안전운전불이행,건조,맑음,단일로 - 기타,승용,여,35세,상해없음,이륜,남,49세,중상
2013032600100424,2013년 3월 26일 19시,화요일,전라북도 익산시 용동면,경상사고,0,0,1,0,차대차 - 측면직각충돌,신호위반,건조,맑음,교차로 - 교차로안,화물,남,59세,상해없음,승용,남,36세,경상
2013032600100452,2013년 3월 26일 20시,화요일,전라북도 군산시 나운동,경상사고,0,0,1,0,차량단독 - 기타,안전운전불이행,건조,맑음,단일로 - 기타,이륜,남,78세,경상,,,,
2013032600100483,2013년 3월 26일 21시,화요일,전라북도 익산시 송학동,중상사고,0,1,0,0,차대차 - 측면직각충돌,신호위반,건조,맑음,교차로 - 교차로안,승용,여,50세,상해없음,승용,남,55세,중상
2013032600100484,2013년 3월 26일 21시,화요일,전라북도 익산시 영등동,경상사고,0,0,3,0,차대차 - 측면직각충돌,안전운전불이행,건조,맑음,단일로 - 기타,승용,남,45세,상해없음,승용,남,41세,경상
2013032600100520,2013년 3월 26일 22시,화요일,전라북도 전주시 완산구 효자동3가,경상사고,0,0,3,0,차대차 - 기타,교차로운행방법위반,건조,맑음,교차로 - 교차로안,승용,남,44세,상해없음,승용,남,19세,경상
2013032600100521,2013년 3월 26일 22시,화요일,전라북도 전주시 완산구 중화산동2가,중상사고,0,1,0,0,차대사람 - 기타,안전운전불이행,건조,맑음,교차로 - 교차로부근,승용,남,44세,상해없음,보행자,여,85세,중상
2013032600100522,2013년 3월 26일 22시,화요일,전라북도 군산시 미룡동,경상사고,0,0,1,0,차대차 - 추돌 - 주정차중,안전운전불이행,건조,맑음,단일로 - 기타,승용,남,46세,상해없음,승용,남,18세,경상
2013032600100547,2013년 3월 26일 23시,화요일,전라북도 전주시 덕진구 송천동1가,경상사고,0,0,1,0,차대사람 - 길가장자리구역통행중,안전운전불이행,건조,맑음,단일로 - 기타,승용,남,42세,상해없음,보행자,남,40세,경상
2013032600100548,2013년 3월 26일 23시,화요일,전라북도 군산시 수송동,중상사고,0,1,0,0,차대차 - 기타,불법유턴,건조,맑음,단일로 - 기타,승용,남,27세,상해없음,승용,남,23세,중상
2013032600100549,2013년 3월 26일 23시,화요일,전라북도 남원시 광치동,중상사고,0,1,0,0,차대사람 - 기타,기타,건조,맑음,단일로 - 기타,승용,남,21세,상해없음,보행자,여,23세,중상