사고번호,사고일시,요일,시군구,사고내용,사망자수,중상자수,경상자수,부상신고자수,사고유형,법규위반,노면상태,기상상태,도로형태,가해운전자 차종,가해운전자 성별,가해운전자 연령,가해운전자 상해정도,피해운전자 차종,피해운전자 성별,피해운전자 연령,피해운전자 상해정도
2013032700100018,2013년 3월 27일 00시,수요일,전라북도 전주시 완산구 효자동1가,중상사고,0,2,1,0,차대차 - 추돌 - 주정차중,안전운전불이행,건조,맑음,교차로 - 교차로부근,승용,남,31세,상해없음,승용,여,36세,중상
2013032700100019,2013년 3월 27일 00시,수요일,전라북도 전주시 덕진구 덕진동1가,경상사고,0,0,1,0,차대차 - 측면직각충돌,안전운전불이행,건조,맑음,교차로 - 교차로부근,화물,남,39세,상해없음,자전거,남,18세,경상
2013032700100020,2013년 3월 27일 00시,수요일,전라북도 군산시 명산동,중상사고,0,2,0,0,차대차 - 기타,안전거리미확보,건조,맑음,단일로 - 기타,승용,남,33세,상해없음,승용,남,36세,중상
2013032700100021,2013년 3월 27일 00시,수요일,전라북도 군산시 내초동,중상사고,0,2,2,0,차대차 - 기타,안전운전불이행,건조,맑음,단일로 - 기타,승용,남,31세,중상,승용,남,33세,경상
2013032700100022,2013년 3월 27일 00시,수요일,전라북도 순창군 순창읍,경상사고,0,0,1,0,차량단독 - 공작물충돌,안전운전불이행,건조,맑음,단일로 - 기타,승용,남,50세,경상,,,,
2013032700100088,2013년 3월 27일 07시,수요일,전라북도 익산시 오산면,경상사고,0,0,1,0,차대차 - 측면직각충돌,신호위반,건조,맑음,교차로 - 교차로안,승용,남,42세,상해없음,승용,남,32세,경상
2013032700100141,2013년 3월 27일 09시,수요일,전라북도 익산시 남중동,경상사고,0,0,2,0,차대차 - 측면직각충돌,안전운전불이행,건조,맑음,단일로 - 기타,승용,남,53세,상해없음,승용,여,51세,경상
2013032700100213,2013년 3월 27일 12시,수요일,전라북도 전주시 완산구 서신동,중상사고,0,1,3,0,차대차 - 추돌 - 진행중,안전거리미확보,건조,맑음,단일로 - 기타,승용,남,24세,상해없음,승용,여,43세,경상
2013032700100214,2013년 3월 27일 12시,수요일,전라북도 전주시 덕진구 진북동,경상사고,0,0,1,0,차대차 - 추돌 - 주정차중,안전거리미확보,건조,맑음,교차로 - 교차로안,승용,남,51세,상해없음,승용,여,38세,경상
2013032700100215,2013년 3월 27일 12시,수요일,전라북도 정읍시 금붕동,중상사고,0,1,0,0,차대차 - 기타,교차로운행방법위반,건조,맑음,교차로 - 교차로안,승용,여,43세,상해없음,이륜,남,73세,중상
2013032700100240,2013년 3월 27일 13시,수요일,전라북도 김제시 갈공동,경상사고,0,0,1,0,차대차 - 추돌 - 진행중,안전운전불이행,건조,맑음,교차로 - 교차로안,기타불명,기타불명,기타불명,기타불명,승용,여,41세,경상
2013032700100241,2013년 3월 27일 13시,수요일,전라북도 진안군 동향면,경상사고,0,0,3,0,차대차 - 측면직각충돌,안전운전불이행,건조,맑음,단일로 - 기타,화물,남,71세,경상,화물,남,48세,경상
2013032700100261,2013년 3월 27일 14시,수요일,전라북도 군산시 나운동,경상사고,0,0,1,0,차대사람 - 횡단중,안전운전불이행,건조,맑음,교차로 - 교차로안,승용,여,58세,상해없음,보행자,여,11세,경상
2013032700100293,2013년 3월 27일 15시,수요일,전라북도 전주시 덕진구 여의동,중상사고,0,1,8,0,차대차 - 측면직각충돌,안전거리미확보,건조,맑음,교차로 - 교차로안,승용,남,59세,경상,화물,남,74세,상해없음
2013032700100294,2013년 3월 27일 15시,수요일,전라북도 군산시 소룡동,경상사고,0,0,1,0,차대차 - 측면직각충돌,안전운전불이행,건조,맑음,교차로 - 교차로안,승용,남,52세,상해없음,이륜,여,57세,경상
2013032700100295,2013년 3월 27일 15시,수요일,전라북도 정읍시 연지동,중상사고,0,1,0,0,차대사람 - 기타,안전운전불이행,건조,맑음,교차로 - 교차로안,승용,여,34세,상해없음,보행자,여,66세,중상
2013032700100330,2013년 3월 27일 16시,수요일,전라북도 익산시 모현동1가,중상사고,0,1,0,0,차대사람 - 횡단중,안전운전불이행,건조,맑음,교차로 - 교차로부근,승용,남,29세,상해없음,보행자,남,6세,중상
2013032700100331,2013년 3월 27일 16시,수요일,전라북도 김제시 백구면,중상사고,0,1,0,0,차대차 - 기타,안전운전불이행,건조,맑음,단일로 - 기타,화물,남,68세,상해없음,자전거,여,52세,중상
2013032700100332,2013년 3월 27일 16시,수요일,전라북도 부안군 동진면,중상사고,0,1,0,0,차대차 - 측면직각충돌,교차로운행방법위반,건조,맑음,교차로 - 교차로안,이륜,남,68세,중상,승합,남,59세,상해없음
2013032700100333,2013년 3월 27일 16시,수요일,전라북도 부안군 하서면,부상신고사고,0,0,0,1,차량단독 - 공작물충돌,안전운전불이행,건조,맑음,단일로 - 기타,이륜,남,61세,부상신고,,,,
2013032700100365,2013년 3월 27일 17시,수요일,전라북도 전주시 덕진구 덕진동1가,중상사고,0,1,1,0,차대차 - 측면직각충돌,직진우회전진행방해,건조,맑음,교차로 - 교차로안,이륜,남,17세,경상,승용,남,41세,상해없음
2013032700100366,2013년 3월 27일 17시,수요일,전라북도 익산시 남중동,중상사고,0,1,0,0,차대차 - 측면직각충돌,신호위반,건조,맑음,단일로 - 횡단보도상,승용,남,58세,상해없음,자전거,남,16세,중상
2013032700100367,2013년 3월 27일 17시,수요일,전라북도 무주군 무주읍,중상사고,0,1,1,0,차대차 - 측면직각충돌,교차로운행방법위반,건조,맑음,교차로 - 교차로안,승용,남,56세,상해없음,승용,남,74세,경상
2013032700100397,2013년 3월 27일 18시,수요일,전라북도 군산시 나운동,경상사고,0,0,2,0,차대차 - 추돌 - 진행중,안전거리미확보,건조,맑음,단일로 - 기타,승합,남,63세,상해없음,승용,남,35세,경상
2013032700100398,2013년 3월 27일 18시,수요일,전라북도 군산시 나운동,경상사고,0,0,1,0,차량단독 - 공작물충돌,안전운전불이행,건조,맑음,단일로 - 기타,승용,남,41세,경상,,,,
2013032700100399,2013년 3월 27일 18시,수요일,전라북도 군산시 지곡동,경상사고,0,0,1,0,차대차 - 측면직각충돌,교차로운행방법위반,건조,맑음,교차로 - 교차로안,승용,여,42세,상해없음,승용,남,41세,경상
2013032700100400,2013년 3월 27일 18시,수요일,전라북도 남원시 이백면,경상사고,0,0,1,0,차대차 - 측면직각충돌,안전운전불이행,건조,맑음,기타 - 기타,승용,남,27세,상해없음,승용,여,47세,경상
2013032700100438,2013년 3월 27일 19시,수요일,전라북도 군산시 소룡동,경상사고,0,0,1,0,차대차 - 측면직각충돌,교차로운행방법위반,건조,맑음,교차로 - 교차로안,승용,남,55세,상해없음,승용,남,20세,경상
2013032700100475,2013년 3월 27일 20시,수요일,전라북도 전주시 덕진구 덕진동1가,중상사고,0,1,0,0,차대사람 - 횡단중,안전운전불이행,건조,맑음,단일로 - 기타,승용,남,25세,상해없음,보행자,남,49세,중상
2013032700100506,2013년 3월 27일 21시,수요일,전라북도 익산시 모현동1가,경상사고,0,0,1,0,차대차 - 추돌 - 진행중,안전거리미확보,건조,맑음,교차로 - 교차로안,승용,남,51세,상해없음,화물,여,42세,경상
2013032700100539,2013년 3월 27일 22시,수요일,전라북도 전주시 완산구 효자동3가,경상사고,0,0,1,0,차대사람 - 횡단중,신호위반,건조,맑음,단일로 - 횡단보도상,승용,여,55세,상해없음,보행자,여,17세,경상
2013032700100540,2013년 3월 27일 22시,수요일,전라북도 군산시 대야면,경상사고,0,0,2,0,차대차 - 추돌 - 진행중,안전운전불이행,건조,맑음,단일로 - 기타,승용,남,34세,상해없음,승용,남,65세,경상
2013032700100541,2013년 3월 27일 22시,수요일,전라북도 익산시 마동,경상사고,0,0,1,0,차대차 - 측면직각충돌,안전운전불이행,건조,맑음,교차로 - 교차로안,화물,남,54세,상해없음,이륜,남,39세,경상
2013032800100014,2013년 3월 28일 00시,목요일,전라북도 전주시 덕진구 송천동1가,경상사고,0,0,2,0,차대차 - 기타,안전운전불이행,건조,맑음,교차로 - 교차로부근,승용,여,43세,상해없음,승합,남,33세,경상
2013032800100063,2013년 3월 28일 04시,목요일,전라북도 남원시 도통동,중상사고,0,1,0,0,차량단독 - 도로외이탈 - 추락,안전운전불이행,건조,맑음,교차로 - 교차로안,승용,남,44세,중상,,,,
2013032800100130,2013년 3월 28일 08시,목요일,전라북도 전주시 덕진구 진북동,경상사고,0,0,3,0,차대차 - 측면직각충돌,안전운전불이행,건조,맑음,단일로 - 기타,승용,여,45세,상해없음,승용,여,48세,경상
2013032800100131,2013년 3월 28일 08시,목요일,전라북도 익산시 어양동,경상사고,0,0,1,0,차대차 - 측면직각충돌,신호위반,건조,맑음,교차로 - 교차로안,승합,여,50세,상해없음,승용,남,35세,경상
2013032800100132,2013년 3월 28일 08시,목요일,전라북도 순창군 풍산면,중상사고,0,1,1,0,차대차 - 측면직각충돌,직진우회전진행방해,건조,맑음,교차로 - 교차로안,승용,남,56세,상해없음,이륜,남,73세,경상
2013032800100210,2013년 3월 28일 11시,목요일,전라북도 군산시 옥산면,경상사고,0,0,1,0,차대차 - 측면직각충돌,안전거리미확보,건조,맑음,단일로 - 기타,화물,남,44세,상해없음,승용,남,32세,경상
2013032800100211,2013년 3월 28일 11시,목요일,전라북도 정읍시 상동,경상사고,0,0,3,0,차대차 - 측면직각충돌,직진우회전진행방해,건조,맑음,교차로 - 교차로안,승용,남,35세,경상,승용,남,64세,경상
2013032800100212,2013년 3월 28일 11시,목요일,전라북도 남원시 인월면,경상사고,0,0,1,0,차대차 - 기타,직진우회전진행방해,건조,맑음,교차로 - 교차로부근,승용,남,48세,상해없음,원동기,남,74세,경상
2013032800100334,2013년 3월 28일 16시,목요일,전라북도 전주시 완산구 서신동,중상사고,0,1,1,0,차대차 - 측면직각충돌,신호위반,건조,맑음,교차로 - 교차로안,승용,남,32세,상해없음,이륜,남,45세,중상
2013032800100363,2013년 3월 28일 17시,목요일,전라북도 전주시 덕진구 송천동1가,경상사고,0,0,1,0,차대사람 - 횡단중,안전운전불이행,건조,맑음,단일로 - 횡단보도상,승용,남,35세,상해없음,보행자,여,69세,경상
2013032800100364,2013년 3월 28일 17시,목요일,전라북도 진안군 동향면,경상사고,0,0,1,0,차대차 - 기타,안전운전불이행,건조,맑음,단일로 - 기타,농기계,남,77세,경상,승합,남,50세,상해없음
2013032800100398,2013년 3월 28일 18시,목요일,전라북도 익산시 부송동,경상사고,0,0,1,0,차대사람 - 횡단중,안전운전불이행,건조,맑음,단일로 - 기타,승용,남,50세,상해없음,보행자,남,4세,경상
2013032800100399,2013년 3월 28일 18시,목요일,전라북도 부안군 상서면,경상사고,0,0,2,0,차대차 - 기타,안전운전불이행,건조,맑음,단일로 - 기타,승용,여,48세,상해없음,화물,남,52세,경상
2013032800100468,2013년 3월 28일 20시,목요일,전라북도 전주시 덕진구 덕진동1가,사망사고,1,0,0,0,차량단독 - 공작물충돌,안전운전불이행,건조,맑음,교차로 - 교차로부근,이륜,여,48세,사망,,,,
2013032800100469,2013년 3월 28일 20시,목요일,전라북도 남원시 인월면,경상사고,0,0,1,0,차대차 - 기타,안전운전불이행,건조,맑음,단일로 - 기타,화물,남,49세,상해없음,승용,남,56세,상해없음
2013032800100502,2013년 3월 28일 21시,목요일,전라북도 전주시 완산구 효자동3가,중상사고,0,1,0,0,차대차 - 추돌 - 주정차중,안전거리미확보,건조,맑음,교차로 - 교차로부근,승용,남,38세,상해없음,승용,남,54세,중상
2013032800100563,2013년 3월 28일 23시,목요일,전라북도 전주시 덕진구 금암동,경상사고,0,0,1,0,차대사람 - 횡단중,보행자보호의무위반,건조,맑음,단일로 - 횡단보도상,승용,여,60세,상해없음,보행자,남,22세,경상
2013032800100564,2013년 3월 28일 23시,목요일,전라북도 익산시 모현동1가,경상사고,0,0,1,0,차대사람 - 기타,안전운전불이행,건조,맑음,단일로 - 기타,승용,남,47세,상해없음,보행자,남,34세,경상
2013032900100020,2013년 3월 29일 00시,금요일,전라북도 전주시 덕진구 우아동2가,경상사고,0,0,2,0,차대차 - 기타,안전운전불이행,건조,맑음,교차로 - 교차로부근,승용,남,21세,상해없음,승용,남,23세,경상
2013032900100021,2013년 3월 29일 00시,금요일,전라북도 익산시 영등동,경상사고,0,0,1,0,차대사람 - 기타,안전운전불이행,건조,맑음,단일로 - 기타,기타불명,기타불명,기타불명,기타불명,보행자,남,18세,경상
2013032900100047,2013년 3월 29일 02시,금요일,전라북도 장수군 장계면,중상사고,0,2,0,0,차대차 - 추돌 - 진행중,안전운전불이행,건조,맑음,단일로 - 기타,승용,남,45세,상해없음,승용,남,47세,중상
2013032900100060,2013년 3월 29일 03시,금요일,전라북도 전주시 덕진구 금암동,사망사고,1,0,0,0,차대사람 - 횡단중,안전운전불이행,건조,맑음,단일로 - 기타,승용,남,25세,상해없음,보행자,남,29세,사망
2013032900100078,2013년 3월 29일 05시,금요일,전라북도 전주시 덕진구 팔복동2가,경상사고,0,0,1,0,차대차 - 측면직각충돌,안전운전불이행,건조,맑음,단일로 - 기타,승용,남,48세,상해없음,자전거,남,63세,경상
2013032900100087,2013년 3월 29일 06시,금요일,전라북도 남원시 인월면,경상사고,0,0,1,0,차대차 - 기타,직진우회전진행방해,건조,맑음,교차로 - 교차로안,화물,남,62세,상해없음,화물,남,34세,경상
2013032900100137,2013년 3월 29일 08시,금요일,전라북도 전주시 완산구 중노송동,경상사고,0,0,1,0,차대차 - 정면충돌,중앙선침범,건조,맑음,교차로 - 교차로부근,승용,남,22세,상해없음,승용,남,30세,경상
2013032900100138,2013년 3월 29일 08시,금요일,전라북도 군산시 지곡동,중상사고,0,1,0,0,차대차 - 측면직각충돌,중앙선침범,건조,맑음,교차로 - 교차로부근,승용,남,43세,상해없음,승용,여,50세,중상
2013032900100139,2013년 3월 29일 08시,금요일,전라북도 군산시 산북동,경상사고,0,0,3,0,차대차 - 기타,교차로운행방법위반,건조,맑음,교차로 - 교차로안,승용,여,24세,상해없음,승용,남,60세,상해없음
2013032900100140,2013년 3월 29일 08시,금요일,전라북도 군산시 수송동,경상사고,0,0,1,0,차대차 - 추돌 - 진행중,안전거리미확보,건조,맑음,교차로 - 교차로부근,승용,여,37세,상해없음,승용,여,57세,경상
2013032900100141,2013년 3월 29일 08시,금요일,전라북도 익산시 신동,경상사고,0,0,3,0,차대차 - 추돌 - 진행중,안전거리미확보,건조,맑음,교차로 - 교차로안,승용,남,25세,상해없음,승용,남,60세,상해없음
2013032900100177,2013년 3월 29일 09시,금요일,전라북도 군산시 대명동,중상사고,0,1,0,0,차대차 - 기타,기타,건조,맑음,교차로 - 교차로부근,기타불명,기타불명,기타불명,기타불명,자전거,남,77세,중상
2013032900100178,2013년 3월 29일 09시,금요일,전라북도 익산시 동산동,경상사고,0,0,1,0,차대차 - 측면직각충돌,안전운전불이행,건조,맑음,교차로 - 교차로안,승용,남,57세,상해없음,승용,여,56세,경상
2013032900100203,2013년 3월 29일 10시,금요일,전라북도 익산시 용제동,경상사고,0,0,1,0,차대차 - 측면직각충돌,직진우회전진행방해,건조,맑음,교차로 - 교차로안,승용,남,51세,상해없음,화물,남,37세,경상
2013032900100229,2013년 3월 29일 11시,금요일,전라북도 정읍시 상동,경상사고,0,0,1,0,차대차 - 측면직각충돌,차로위반,건조,맑음,단일로 - 기타,승합,여,43세,상해없음,원동기,남,77세,경상
2013032900100270,2013년 3월 29일 13시,금요일,전라북도 무주군 무주읍,경상사고,0,0,1,0,차대차 - 추돌 - 주정차중,안전운전불이행,건조,맑음,교차로 - 교차로부근,승용,남,51세,상해없음,승용,남,71세,경상
2013032900100300,2013년 3월 29일 14시,금요일,전라북도 전주시 완산구 중화산동2가,경상사고,0,0,1,0,차대사람 - 횡단중,보행자보호의무위반,건조,맑음,교차로 - 교차로안,승합,남,52세,상해없음,보행자,여,9세,경상
2013032900100301,2013년 3월 29일 14시,금요일,전라북도 전주시 덕진구 인후동1가,경상사고,0,0,1,0,차대차 - 측면직각충돌,안전거리미확보,건조,흐림,교차로 - 교차로부근,승용,남,56세,상해없음,승용,여,27세,경상
2013032900100337,2013년 3월 29일 15시,금요일,전라북도 군산시 산북동,중상사고,0,1,2,0,차대차 - 기타,중앙선침범,건조,맑음,단일로 - 기타,화물,여,59세,중상,승용,남,30세,경상
2013032900100338,2013년 3월 29일 15시,금요일,전라북도 군산시 나운동,중상사고,0,1,0,0,차대차 - 측면직각충돌,신호위반,건조,맑음,교차로 - 교차로안,승용,남,30세,상해없음,승용,남,39세,중상
2013032900100339,2013년 3월 29일 15시,금요일,전라북도 익산시 영등동,경상사고,0,0,1,0,차대사람 - 기타,안전운전불이행,건조,맑음,단일로 - 기타,승합,남,55세,상해없음,보행자,남,6세,경상
2013032900100380,2013년 3월 29일 16시,금요일,전라북도 전주시 덕진구 팔복동2가,중상사고,0,1,0,0,차대사람 - 기타,안전운전불이행,건조,맑음,교차로 - 교차로안,승용,남,33세,상해없음,보행자,남,80세,중상
2013032900100381,2013년 3월 29일 16시,금요일,전라북도 익산시 남중동,경상사고,0,0,1,0,차대사람 - 기타,안전운전불이행,건조,맑음,단일로 - 기타,승합,남,43세,상해없음,보행자,남,62세,경상
2013032900100382,2013년 3월 29일 16시,금요일,전라북도 정읍시 용계동,경상사고,0,0,2,0,차대차 - 측면직각충돌,신호위반,건조,맑음,교차로 - 교차로안,승합,여,34세,상해없음,승용,여,45세,경상
2013032900100383,2013년 3월 29일 16시,금요일,전라북도 정읍시 수성동,중상사고,0,1,0,0,차대차 - 측면직각충돌,직진우회전진행방해,건조,맑음,교차로 - 교차로안,승용,여,46세,상해없음,원동기,남,70세,중상
2013032900100443,2013년 3월 29일 18시,금요일,전라북도 익산시 영등동,중상사고,0,1,0,0,차대사람 - 보도통행중,신호위반,건조,맑음,교차로 - 교차로안,승용,여,43세,상해없음,보행자,여,16세,중상
2013032900100476,2013년 3월 29일 19시,금요일,전라북도 전주시 덕진구 송천동1가,중상사고,0,2,0,0,차대차 - 측면직각충돌,안전거리미확보,건조,맑음,교차로 - 교차로안,이륜,남,16세,기타불명,승용,남,27세,중상
2013032900100477,2013년 3월 29일 19시,금요일,전라북도 군산시 소룡동,경상사고,0,0,1,0,차대사람 - 차도통행중,안전운전불이행,건조,맑음,단일로 - 기타,승용,남,54세,상해없음,보행자,남,12세,경상
2013032900100478,2013년 3월 29일 19시,금요일,전라북도 정읍시 수성동,중상사고,0,1,0,0,차대사람 - 횡단중,안전운전불이행,건조,맑음,단일로 - 기타,승용,남,55세,상해없음,보행자,남,75세,중상
2013032900100479,2013년 3월 29일 19시,금요일,전라북도 완주군 용진면,경상사고,0,0,1,0,차대차 - 추돌 - 진행중,안전운전불이행,건조,맑음,단일로 - 기타,승용,남,47세,상해없음,승용,남,62세,경상
2013032900100518,2013년 3월 29일 20시,금요일,전라북도 전주시 완산구 중화산동2가,중상사고,0,1,1,0,차대차 - 정면충돌,중앙선침범,건조,맑음,교차로 - 교차로부근,승용,남,24세,중상,승용,남,22세,경상
2013032900100519,2013년 3월 29일 20시,금요일,전라북도 김제시 검산동,중상사고,0,2,1,0,차대차 - 측면직각충돌,안전운전불이행,건조,맑음,단일로 - 기타,승용,남,14세,상해없음,승용,남,41세,상해없음
2013032900100520,2013년 3월 29일 20시,금요일,전라북도 고창군 성송면,중상사고,0,3,2,0,차대차 - 추돌 - 진행중,안전운전불이행,건조,맑음,단일로 - 기타,승용,남,29세,상해없음,승용,남,38세,중상
2013032900100643,2013년 3월 29일 23시,금요일,전라북도 전주시 완산구 중화산동2가,경상사고,0,0,2,0,차대차 - 측면직각충돌,교차로운행방법위반,건조,맑음,교차로 - 교차로안,승용,남,54세,경상,승용,남,45세,경상
2013033000100041,2013년 3월 30일 01시,토요일,전라북도 군산시 나운동,중상사고,0,2,4,0,차대차 - 측면직각충돌,신호위반,건조,맑음,교차로 - 교차로안,승용,남,23세,경상,승용,남,48세,중상
2013033000100065,2013년 3월 30일 02시,토요일,전라북도 전주시 완산구 경원동3가,중상사고,0,2,0,0,차대차 - 측면직각충돌,중앙선침범,건조,맑음,교차로 - 교차로부근,승용,남,25세,상해없음,승용,남,62세,중상
2013033000100066,2013년 3월 30일 02시,토요일,전라북도 전주시 덕진구 송천동1가,경상사고,0,0,1,0,차량단독 - 기타,안전운전불이행,건조,흐림,단일로 - 기타,승용,남,29세,경상,,,,
2013033000100067,2013년 3월 30일 02시,토요일,전라북도 전주시 덕진구 인후동1가,경상사고,0,0,2,0,차대차 - 측면직각충돌,안전거리미확보,건조,흐림,교차로 - 교차로부근,이륜,남,16세,경상,승용,남,23세,상해없음
2013033000100100,2013년 3월 30일 04시,토요일,전라북도 전주시 덕진구 금암동,경상사고,0,0,3,0,차대차 - 측면직각충돌,신호위반,건조,흐림,교차로 - 교차로안,승용,남,31세,경상,승용,남,66세,경상
2013033000100101,2013년 3월 30일 04시,토요일,전라북도 군산시 소룡동,중상사고,0,1,0,0,차량단독 - 공작물충돌,안전운전불이행,건조,맑음,단일로 - 기타,승용,남,40세,중상,,,,
2013033000100117,2013년 3월 30일 05시,토요일,전라북도 완주군 삼례읍,경상사고,0,0,4,0,차대차 - 기타,안전운전불이행,건조,맑음,단일로 - 기타,승용,남,24세,상해없음,화물,남,54세,경상
2013033000100167,2013년 3월 30일 08시,토요일,전라북도 전주시 덕진구 반월동,중상사고,0,1,0,0,차대사람 - 기타,안전운전불이행,건조,맑음,단일로 - 기타,승합,남,43세,상해없음,보행자,남,56세,중상
2013033000100168,2013년 3월 30일 08시,토요일,전라북도 익산시 모현동1가,경상사고,0,0,1,0,차대차 - 측면직각충돌,직진우회전진행방해,건조,맑음,교차로 - 교차로안,승용,남,54세,상해없음,승용,여,48세,경상
2013033000100220,2013년 3월 30일 10시,토요일,전라북도 군산시 수송동,중상사고,0,1,0,0,차대차 - 측면직각충돌,불법유턴,건조,맑음,교차로 - 교차로안,자전거,여,70세,중상,승용,남,62세,상해없음
2013033000100221,2013년 3월 30일 10시,토요일,전라북도 부안군 주산면,경상사고,0,0,1,1,차대차 - 측면직각충돌,교차로운행방법위반,건조,맑음,교차로 - 교차로안,화물,남,64세,부상신고,건설기계,남,31세,경상
2013033000100272,2013년 3월 30일 12시,토요일,전라북도 전주시 덕진구 반월동,사망사고,1,1,0,0,차대차 - 추돌 - 진행중,안전운전불이행,건조,맑음,단일로 - 기타,화물,남,72세,중상,농기계,남,81세,사망
2013033000100273,2013년 3월 30일 12시,토요일,전라북도 전주시 덕진구 덕진동1가,경상사고,0,0,1,0,차대차 - 정면충돌,신호위반,건조,맑음,교차로 - 교차로안,승용,남,28세,상해없음,승용,남,44세,경상
2013033000100274,2013년 3월 30일 12시,토요일,전라북도 정읍시 신태인읍,경상사고,0,0,1,0,차대차 - 측면직각충돌,안전운전불이행,건조,맑음,교차로 - 교차로부근,화물,남,66세,상해없음,자전거,남,74세,경상
2013033000100301,2013년 3월 30일 13시,토요일,전라북도 전주시 덕진구 반월동,경상사고,0,0,2,0,차대차 - 기타,안전운전불이행,건조,맑음,단일로 - 기타,승용,남,44세,상해없음,승용,남,42세,경상
2013033000100302,2013년 3월 30일 13시,토요일,전라북도 군산시 경장동,경상사고,0,0,3,0,차대차 - 측면직각충돌,직진우회전진행방해,건조,맑음,교차로 - 교차로안,승용,남,46세,경상,화물,여,51세,경상
2013033000100393,2013년 3월 30일 16시,토요일,전라북도 전주시 덕진구 팔복동1가,경상사고,0,0,1,0,차대차 - 측면직각충돌,안전운전불이행,건조,맑음,단일로 - 횡단보도상,승용,여,24세,상해없음,자전거,여,11세,경상
2013033000100394,2013년 3월 30일 16시,토요일,전라북도 남원시 천거동,경상사고,0,0,2,0,차대차 - 추돌 - 주정차중,안전거리미확보,건조,맑음,단일로 - 기타,승용,남,46세,상해없음,승용,남,43세,경상
2013033000100428,2013년 3월 30일 17시,토요일,전라북도 익산시 함열읍,경상사고,0,0,2,0,차대차 - 추돌 - 주정차중,안전운전불이행,건조,맑음,단일로 - 기타,승용,남,61세,상해없음,승용,여,28세,경상
2013033000100476,2013년 3월 30일 18시,토요일,전라북도 군산시 구암동,중상사고,0,1,0,0,차대차 - 측면직각충돌,신호위반,건조,맑음,교차로 - 교차로안,화물,남,56세,상해없음,승용,남,54세,중상
2013033000100477,2013년 3월 30일 18시,토요일,전라북도 남원시 하정동,중상사고,0,1,1,0,차대차 - 측면직각충돌,직진우회전진행방해,건조,맑음,교차로 - 교차로안,승용,남,39세,상해없음,승용,여,47세,상해없음
2013033000100529,2013년 3월 30일 19시,토요일,전라북도 군산시 삼학동,중상사고,0,1,0,0,차대사람 - 기타,기타,건조,맑음,단일로 - 기타,기타불명,기타불명,기타불명,기타불명,보행자,남,60세,중상
2013033000100530,2013년 3월 30일 19시,토요일,전라북도 익산시 어양동,경상사고,0,0,1,0,차대차 - 추돌 - 진행중,신호위반,건조,맑음,교차로 - 교차로안,승용,기타불명,기타불명,기타불명,승용,남,40세,상해없음
2013033000100575,2013년 3월 30일 20시,토요일,전라북도 전주시 덕진구 금암동,경상사고,0,0,1,0,차량단독 - 기타,기타,건조,맑음,단일로 - 기타,승합,남,38세,상해없음,,,,
2013033000100576,2013년 3월 30일 20시,토요일,전라북도 군산시 나운동,경상사고,0,0,1,0,차대차 - 기타,안전거리미확보,건조,맑음,단일로 - 기타,승용,남,52세,상해없음,이륜,남,20세,경상
2013033000100616,2013년 3월 30일 21시,토요일,전라북도 전주시 덕진구 인후동1가,경상사고,0,0,1,0,차대사람 - 기타,안전운전불이행,건조,맑음,단일로 - 기타,승용,여,37세,상해없음,보행자,여,26세,경상
2013033000100617,2013년 3월 30일 21시,토요일,전라북도 군산시 산북동,경상사고,0,0,1,0,차대차 - 측면직각충돌,안전운전불이행,건조,맑음,단일로 - 기타,승용,남,32세,상해없음,승용,남,45세,경상
2013033000100657,2013년 3월 30일 22시,토요일,전라북도 익산시 춘포면,경상사고,0,0,2,0,차대차 - 추돌 - 진행중,안전운전불이행,건조,맑음,단일로 - 기타,승용,남,45세,상해없음,승용,남,64세,경상
2013033000100658,2013년 3월 30일 22시,토요일,전라북도 익산시 남중동,경상사고,0,0,1,0,차대사람 - 횡단중,안전운전불이행,건조,맑음,교차로 - 교차로안,승용,남,60세,상해없음,보행자,여,70세,경상
2013033000100697,2013년 3월 30일 23시,토요일,전라북도 전주시 완산구 서신동,중상사고,0,1,1,0,차대차 - 측면직각충돌,신호위반,건조,맑음,교차로 - 교차로안,승용,여,27세,경상,승용,여,49세,중상
2013033000100698,2013년 3월 30일 23시,토요일,전라북도 군산시 문화동,경상사고,0,0,3,0,차대차 - 기타,차로위반,습기,비,교차로 - 교차로부근,승용,여,22세,경상,승용,남,52세,경상
2013033100100079,2013년 3월 31일 03시,일요일,전라북도 군산시 나운동,경상사고,0,0,4,0,차대차 - 기타,교차로운행방법위반,건조,맑음,교차로 - 교차로안,승용,남,43세,상해없음,승용,남,31세,경상
2013033100100115,2013년 3월 31일 06시,일요일,전라북도 익산시 중앙동2가,경상사고,0,0,3,0,차대차 - 추돌 - 진행중,중앙선침범,건조,맑음,교차로 - 교차로부근,승합,남,50세,상해없음,승용,남,52세,상해없음
2013033100100149,2013년 3월 31일 09시,일요일,전라북도 군산시 조촌동,경상사고,0,0,1,0,차대차 - 측면직각충돌,교차로운행방법위반,건조,맑음,교차로 - 교차로안,승용,남,41세,상해없음,승용,여,56세,경상
2013033100100150,2013년 3월 31일 09시,일요일,전라북도 김제시 요촌동,중상사고,0,1,0,0,차대사람 - 횡단중,안전운전불이행,건조,맑음,단일로 - 기타,승용,여,46세,상해없음,보행자,여,8세,중상
2013033100100165,2013년 3월 31일 10시,일요일,전라북도 전주시 덕진구 진북동,경상사고,0,0,3,0,차대차 - 측면직각충돌,신호위반,건조,맑음,교차로 - 교차로안,승용,여,37세,상해없음,승용,남,25세,경상