사고번호,사고일시,요일,시군구,사고내용,사망자수,중상자수,경상자수,부상신고자수,사고유형,법규위반,노면상태,기상상태,도로형태,가해운전자 차종,가해운전자 성별,가해운전자 연령,가해운전자 상해정도,피해운전자 차종,피해운전자 성별,피해운전자 연령,피해운전자 상해정도
2013033100100166,2013년 3월 31일 10시,일요일,전라북도 완주군 봉동읍,경상사고,0,0,1,0,차대차 - 측면직각충돌,신호위반,건조,맑음,교차로 - 교차로안,승용,남,35세,상해없음,승용,남,36세,경상
2013033100100167,2013년 3월 31일 10시,일요일,전라북도 장수군 장수읍,중상사고,0,1,0,0,차대사람 - 기타,안전운전불이행,건조,맑음,단일로 - 기타,승용,여,44세,상해없음,보행자,여,54세,중상
2013033100100178,2013년 3월 31일 11시,일요일,전라북도 전주시 완산구 서노송동,경상사고,0,0,1,0,차대차 - 측면직각충돌,안전운전불이행,건조,맑음,단일로 - 기타,원동기,남,17세,상해없음,원동기,남,25세,경상
2013033100100179,2013년 3월 31일 11시,일요일,전라북도 익산시 모현동1가,중상사고,0,2,0,0,차대차 - 측면직각충돌,안전거리미확보,건조,맑음,단일로 - 기타,화물,남,58세,상해없음,원동기,남,16세,중상
2013033100100196,2013년 3월 31일 12시,일요일,전라북도 순창군 복흥면,중상사고,0,1,0,0,차대차 - 정면충돌,안전운전불이행,건조,맑음,단일로 - 기타,이륜,남,77세,중상,승용,남,34세,상해없음
2013033100100247,2013년 3월 31일 14시,일요일,전라북도 군산시 옥도면,중상사고,0,4,1,0,차량단독 - 공작물충돌,안전운전불이행,건조,맑음,단일로 - 기타,승용,여,50세,중상,,,,
2013033100100276,2013년 3월 31일 15시,일요일,전라북도 전주시 덕진구 전미동1가,중상사고,0,2,2,0,차량단독 - 도로외이탈 - 추락,안전운전불이행,건조,흐림,단일로 - 기타,승용,남,45세,경상,,,,
2013033100100314,2013년 3월 31일 16시,일요일,전라북도 군산시 신창동,중상사고,0,1,3,0,차대차 - 측면직각충돌,교차로운행방법위반,건조,맑음,교차로 - 교차로안,승용,여,27세,경상,승용,여,24세,경상
2013033100100338,2013년 3월 31일 17시,일요일,전라북도 정읍시 상동,경상사고,0,0,1,0,차대차 - 추돌 - 진행중,안전거리미확보,건조,맑음,교차로 - 교차로안,승용,남,60세,상해없음,승용,남,38세,경상
2013033100100391,2013년 3월 31일 19시,일요일,전라북도 전주시 완산구 경원동1가,중상사고,0,1,0,0,차대사람 - 횡단중,안전운전불이행,건조,맑음,단일로 - 기타,승용,남,65세,상해없음,보행자,여,19세,중상
2013033100100392,2013년 3월 31일 19시,일요일,전라북도 전주시 완산구 효자동3가,경상사고,0,0,3,0,차대차 - 기타,직진우회전진행방해,건조,맑음,교차로 - 교차로안,승용,남,47세,상해없음,승용,여,47세,경상
2013033100100393,2013년 3월 31일 19시,일요일,전라북도 부안군 부안읍,경상사고,0,0,1,0,차대차 - 측면직각충돌,중앙선침범,건조,맑음,교차로 - 교차로안,승용,남,43세,상해없음,승용,남,46세,경상
2013033100100434,2013년 3월 31일 20시,일요일,전라북도 무주군 부남면,사망사고,1,45,10,1,차대차 - 기타,안전운전불이행,건조,맑음,단일로 - 기타,승합,남,42세,중상,승합,남,50세,경상
2013033100100465,2013년 3월 31일 21시,일요일,전라북도 군산시 오식도동,경상사고,0,0,2,0,차대차 - 추돌 - 주정차중,안전거리미확보,건조,맑음,교차로 - 교차로부근,승용,남,44세,상해없음,승용,남,24세,경상
2013033100100466,2013년 3월 31일 21시,일요일,전라북도 임실군 관촌면,중상사고,0,1,0,0,차대차 - 추돌 - 진행중,안전운전불이행,건조,맑음,단일로 - 기타,승용,남,49세,상해없음,농기계,남,57세,중상
2013033100100490,2013년 3월 31일 22시,일요일,전라북도 김제시 검산동,경상사고,0,0,3,0,차대차 - 측면직각충돌,신호위반,건조,맑음,교차로 - 교차로안,승용,남,18세,경상,승용,여,67세,경상
2013033100100515,2013년 3월 31일 23시,일요일,전라북도 전주시 완산구 삼천동1가,중상사고,0,2,0,0,차대사람 - 횡단중,안전운전불이행,건조,맑음,단일로 - 기타,승합,남,28세,상해없음,보행자,남,53세,중상
2013033100100516,2013년 3월 31일 23시,일요일,전라북도 전주시 덕진구 호성동1가,경상사고,0,0,2,0,차대차 - 기타,차로위반,건조,맑음,단일로 - 기타,승용,남,49세,상해없음,승용,남,37세,경상
2013040100100004,2013년 4월 1일 00시,월요일,전라북도 전주시 완산구 서신동,경상사고,0,0,2,0,차대차 - 기타,신호위반,건조,맑음,교차로 - 교차로안,승용,남,29세,상해없음,승용,남,68세,경상
2013040100100047,2013년 4월 1일 05시,월요일,전라북도 익산시 삼기면,사망사고,1,1,0,0,차량단독 - 도로외이탈 - 기타,과속,건조,맑음,단일로 - 기타,승용,남,23세,중상,,,,
2013040100100060,2013년 4월 1일 06시,월요일,전라북도 군산시 오식도동,중상사고,0,1,4,0,차대차 - 측면직각충돌,불법유턴,건조,맑음,교차로 - 교차로안,승합,남,46세,경상,승용,남,50세,중상
2013040100100061,2013년 4월 1일 06시,월요일,전라북도 정읍시 시기동,중상사고,0,1,0,0,차대차 - 측면직각충돌,직진우회전진행방해,건조,맑음,교차로 - 교차로안,승합,남,45세,상해없음,자전거,여,51세,중상
2013040100100111,2013년 4월 1일 08시,월요일,전라북도 전주시 덕진구 인후동1가,경상사고,0,0,1,0,차대차 - 측면직각충돌,신호위반,건조,맑음,단일로 - 기타,승용,남,56세,상해없음,승용,여,44세,상해없음
2013040100100112,2013년 4월 1일 08시,월요일,전라북도 군산시 수송동,경상사고,0,0,2,0,차대차 - 측면직각충돌,신호위반,건조,맑음,교차로 - 교차로안,승용,남,72세,상해없음,승용,남,38세,경상
2013040100100133,2013년 4월 1일 09시,월요일,전라북도 전주시 덕진구 덕진동2가,중상사고,0,1,0,0,차대차 - 측면직각충돌,신호위반,건조,맑음,교차로 - 교차로안,화물,남,25세,상해없음,원동기,남,71세,중상
2013040100100134,2013년 4월 1일 09시,월요일,전라북도 남원시 산내면,경상사고,0,0,1,0,차대차 - 기타,안전운전불이행,건조,맑음,교차로 - 교차로안,화물,남,44세,상해없음,이륜,남,65세,경상
2013040100100135,2013년 4월 1일 09시,월요일,전라북도 순창군 구림면,경상사고,0,0,1,0,차량단독 - 공작물충돌,안전운전불이행,건조,맑음,단일로 - 기타,화물,남,54세,경상,,,,
2013040100100156,2013년 4월 1일 10시,월요일,전라북도 익산시 신동,경상사고,0,0,1,0,차대차 - 기타,안전거리미확보,건조,맑음,단일로 - 기타,승용,여,50세,상해없음,승용,남,59세,경상
2013040100100209,2013년 4월 1일 12시,월요일,전라북도 전주시 완산구 동완산동,중상사고,0,1,0,0,차대사람 - 기타,안전운전불이행,건조,맑음,교차로 - 교차로안,승용,남,26세,상해없음,보행자,여,82세,중상
2013040100100210,2013년 4월 1일 12시,월요일,전라북도 군산시 구암동,중상사고,0,1,0,0,차대차 - 측면직각충돌,안전거리미확보,건조,맑음,단일로 - 기타,원동기,남,64세,중상,승용,여,40세,상해없음
2013040100100211,2013년 4월 1일 12시,월요일,전라북도 익산시 금강동,중상사고,0,1,0,0,차대사람 - 횡단중,안전운전불이행,건조,맑음,단일로 - 횡단보도상,승용,여,48세,상해없음,보행자,여,72세,중상
2013040100100212,2013년 4월 1일 12시,월요일,전라북도 익산시 영등동,경상사고,0,0,2,0,차대차 - 측면직각충돌,안전운전불이행,건조,맑음,단일로 - 기타,승용,여,41세,상해없음,승용,남,34세,경상
2013040100100238,2013년 4월 1일 13시,월요일,전라북도 익산시 갈산동,경상사고,0,0,1,0,차대사람 - 횡단중,신호위반,건조,맑음,단일로 - 횡단보도상,승용,남,62세,상해없음,보행자,남,7세,경상
2013040100100264,2013년 4월 1일 14시,월요일,전라북도 군산시 소룡동,경상사고,0,0,1,0,차대차 - 기타,안전운전불이행,건조,맑음,단일로 - 기타,승용,남,43세,상해없음,원동기,남,75세,경상
2013040100100265,2013년 4월 1일 14시,월요일,전라북도 군산시 미룡동,경상사고,0,0,4,0,차대차 - 측면직각충돌,중앙선침범,건조,맑음,단일로 - 기타,승용,남,49세,상해없음,승용,여,42세,경상
2013040100100266,2013년 4월 1일 14시,월요일,전라북도 정읍시 수성동,경상사고,0,0,2,0,차대차 - 추돌 - 주정차중,안전운전불이행,건조,맑음,단일로 - 기타,화물,남,35세,상해없음,승용,남,64세,경상
2013040100100267,2013년 4월 1일 14시,월요일,전라북도 임실군 임실읍,경상사고,0,0,2,0,차대차 - 측면직각충돌,중앙선침범,건조,맑음,단일로 - 기타,승합,남,36세,상해없음,승용,남,55세,경상
2013040100100323,2013년 4월 1일 16시,월요일,전라북도 전주시 완산구 서완산동1가,경상사고,0,0,3,0,차대차 - 기타,안전운전불이행,건조,맑음,교차로 - 교차로안,승용,남,84세,상해없음,승용,남,52세,경상
2013040100100324,2013년 4월 1일 16시,월요일,전라북도 전주시 완산구 삼천동1가,경상사고,0,0,1,0,차대차 - 기타,직진우회전진행방해,건조,맑음,교차로 - 교차로안,승용,여,44세,상해없음,승용,남,46세,경상
2013040100100384,2013년 4월 1일 18시,월요일,전라북도 익산시 신용동,경상사고,0,0,1,0,차대차 - 측면직각충돌,직진우회전진행방해,건조,맑음,교차로 - 교차로안,승용,여,44세,상해없음,승용,여,44세,경상
2013040100100410,2013년 4월 1일 19시,월요일,전라북도 진안군 동향면,중상사고,0,1,0,0,차량단독 - 공작물충돌,안전운전불이행,건조,맑음,단일로 - 기타,화물,남,51세,중상,,,,
2013040100100444,2013년 4월 1일 20시,월요일,전라북도 익산시 신용동,중상사고,0,1,0,0,차대차 - 측면직각충돌,안전운전불이행,건조,맑음,교차로 - 교차로안,승용,남,32세,상해없음,이륜,남,18세,중상
2013040100100467,2013년 4월 1일 21시,월요일,전라북도 익산시 마동,중상사고,0,1,0,0,차대사람 - 기타,안전운전불이행,건조,맑음,교차로 - 교차로부근,기타불명,기타불명,기타불명,기타불명,보행자,여,40세,중상
2013040100100497,2013년 4월 1일 22시,월요일,전라북도 전주시 덕진구 송천동1가,경상사고,0,0,2,0,차대차 - 측면직각충돌,신호위반,건조,맑음,교차로 - 교차로안,승용,여,38세,상해없음,승용,남,42세,경상
2013040100100498,2013년 4월 1일 22시,월요일,전라북도 정읍시 수성동,경상사고,0,0,1,0,차대차 - 측면직각충돌,직진우회전진행방해,건조,맑음,교차로 - 교차로안,승용,남,21세,상해없음,자전거,남,33세,경상
2013040200100016,2013년 4월 2일 00시,화요일,전라북도 전주시 덕진구 우아동3가,중상사고,0,1,0,0,차대사람 - 횡단중,보행자보호의무위반,건조,맑음,교차로 - 교차로부근,승용,남,52세,상해없음,보행자,남,49세,중상
2013040200100017,2013년 4월 2일 00시,화요일,전라북도 부안군 부안읍,중상사고,0,1,1,0,차대차 - 추돌 - 진행중,안전운전불이행,건조,맑음,단일로 - 기타,화물,남,55세,상해없음,승용,남,68세,경상
2013040200100069,2013년 4월 2일 03시,화요일,전라북도 전주시 완산구 서신동,중상사고,0,1,0,0,차대차 - 측면직각충돌,신호위반,습기,비,교차로 - 교차로안,화물,남,35세,상해없음,승용,남,62세,중상
2013040200100070,2013년 4월 2일 03시,화요일,전라북도 정읍시 하모동,중상사고,0,1,1,0,차대차 - 추돌 - 진행중,안전운전불이행,건조,맑음,단일로 - 기타,화물,남,45세,상해없음,승용,여,40세,중상
2013040200100093,2013년 4월 2일 05시,화요일,전라북도 익산시 마동,경상사고,0,0,1,0,차대차 - 측면직각충돌,안전운전불이행,습기,비,교차로 - 교차로안,승용,여,59세,상해없음,승용,남,55세,경상
2013040200100094,2013년 4월 2일 05시,화요일,전라북도 김제시 순동,경상사고,0,0,1,0,차대차 - 정면충돌,중앙선침범,습기,비,단일로 - 기타,승용,남,33세,상해없음,화물,남,44세,경상
2013040200100224,2013년 4월 2일 10시,화요일,전라북도 전주시 완산구 삼천동1가,중상사고,0,1,1,0,차대차 - 기타,신호위반,건조,맑음,교차로 - 교차로안,승용,남,66세,상해없음,승용,남,60세,중상
2013040200100261,2013년 4월 2일 12시,화요일,전라북도 완주군 이서면,경상사고,0,0,4,0,차대차 - 측면직각충돌,안전거리미확보,건조,맑음,교차로 - 교차로부근,승용,여,44세,경상,승용,남,32세,경상
2013040200100304,2013년 4월 2일 14시,화요일,전라북도 전주시 완산구 삼천동1가,중상사고,0,1,1,0,차대차 - 기타,신호위반,건조,맑음,교차로 - 교차로안,화물,여,50세,상해없음,화물,여,40세,경상
2013040200100305,2013년 4월 2일 14시,화요일,전라북도 군산시 수송동,경상사고,0,0,1,0,차대차 - 측면직각충돌,안전운전불이행,건조,맑음,교차로 - 교차로부근,이륜,남,37세,경상,승용,남,51세,상해없음
2013040200100324,2013년 4월 2일 15시,화요일,전라북도 전주시 덕진구 인후동1가,중상사고,0,1,0,0,차대사람 - 횡단중,보행자보호의무위반,건조,맑음,교차로 - 교차로부근,승용,남,47세,상해없음,보행자,남,63세,중상
2013040200100325,2013년 4월 2일 15시,화요일,전라북도 군산시 지곡동,중상사고,0,1,1,1,차대차 - 추돌 - 진행중,안전거리미확보,건조,맑음,교차로 - 교차로부근,승용,남,60세,상해없음,승용,여,50세,경상
2013040200100359,2013년 4월 2일 16시,화요일,전라북도 정읍시 영원면,경상사고,0,0,1,0,차대차 - 측면직각충돌,교차로운행방법위반,건조,맑음,교차로 - 교차로안,특수,남,31세,상해없음,이륜,남,71세,경상
2013040200100450,2013년 4월 2일 19시,화요일,전라북도 전주시 덕진구 덕진동1가,중상사고,0,1,1,0,차대차 - 정면충돌,신호위반,건조,맑음,교차로 - 교차로안,승용,남,27세,상해없음,승용,남,60세,경상
2013040200100451,2013년 4월 2일 19시,화요일,전라북도 익산시 목천동,중상사고,0,1,0,0,차대사람 - 횡단중,보행자보호의무위반,건조,맑음,교차로 - 교차로안,승용,남,50세,상해없음,보행자,여,72세,중상
2013040200100452,2013년 4월 2일 19시,화요일,전라북도 김제시 청하면,경상사고,0,0,1,0,차대사람 - 기타,안전운전불이행,건조,맑음,단일로 - 기타,승용,기타불명,기타불명,기타불명,보행자,남,45세,경상
2013040200100484,2013년 4월 2일 20시,화요일,전라북도 군산시 수송동,경상사고,0,0,1,0,차대차 - 측면직각충돌,신호위반,건조,맑음,교차로 - 교차로안,화물,남,37세,상해없음,승용,여,42세,경상
2013040200100485,2013년 4월 2일 20시,화요일,전라북도 군산시 조촌동,경상사고,0,0,1,0,차대사람 - 기타,안전운전불이행,건조,맑음,교차로 - 교차로부근,승합,남,48세,상해없음,보행자,남,60세,경상
2013040200100554,2013년 4월 2일 22시,화요일,전라북도 전주시 덕진구 인후동1가,경상사고,0,0,1,0,차대차 - 측면직각충돌,중앙선침범,건조,맑음,단일로 - 기타,승용,여,32세,상해없음,원동기,남,27세,경상
2013040200100581,2013년 4월 2일 23시,화요일,전라북도 전주시 완산구 서신동,경상사고,0,0,2,0,차대차 - 기타,안전운전불이행,건조,맑음,교차로 - 교차로안,승용,남,44세,상해없음,승용,남,24세,경상
2013040200100582,2013년 4월 2일 23시,화요일,전라북도 군산시 나운동,경상사고,0,0,6,0,차대차 - 추돌 - 주정차중,안전운전불이행,건조,맑음,교차로 - 교차로부근,승용,남,31세,상해없음,승합,남,45세,경상
2013040300100034,2013년 4월 3일 01시,수요일,전라북도 전주시 완산구 효자동3가,경상사고,0,0,1,0,차대차 - 기타,안전거리미확보,건조,맑음,단일로 - 기타,승용,남,61세,상해없음,승용,남,45세,상해없음
2013040300100086,2013년 4월 3일 06시,수요일,전라북도 전주시 덕진구 인후동1가,중상사고,0,1,0,0,차대차 - 측면직각충돌,직진우회전진행방해,건조,맑음,교차로 - 교차로안,승용,남,28세,상해없음,승용,남,47세,중상
2013040300100165,2013년 4월 3일 09시,수요일,전라북도 전주시 완산구 효자동1가,경상사고,0,0,1,0,차대차 - 측면직각충돌,안전운전불이행,건조,맑음,교차로 - 교차로안,승용,남,40세,상해없음,승용,여,39세,경상
2013040300100166,2013년 4월 3일 09시,수요일,전라북도 전주시 덕진구 우아동1가,경상사고,0,0,1,0,차대차 - 측면직각충돌,안전운전불이행,건조,맑음,교차로 - 교차로부근,승용,여,43세,상해없음,자전거,남,68세,경상
2013040300100191,2013년 4월 3일 10시,수요일,전라북도 순창군 순창읍,중상사고,0,1,1,0,차대차 - 추돌 - 진행중,안전거리미확보,건조,맑음,단일로 - 기타,건설기계,남,40세,상해없음,승용,여,63세,경상
2013040300100210,2013년 4월 3일 11시,수요일,전라북도 익산시 신용동,경상사고,0,0,3,0,차대차 - 측면직각충돌,안전운전불이행,건조,맑음,단일로 - 기타,화물,남,28세,상해없음,승용,남,54세,경상
2013040300100233,2013년 4월 3일 12시,수요일,전라북도 전주시 덕진구 여의동,중상사고,0,1,1,0,차대차 - 측면직각충돌,안전운전불이행,건조,맑음,교차로 - 교차로안,승용,남,51세,경상,승용,남,62세,중상
2013040300100256,2013년 4월 3일 13시,수요일,전라북도 익산시 남중동,경상사고,0,0,1,0,차대차 - 측면직각충돌,신호위반,건조,맑음,교차로 - 교차로안,승용,남,80세,상해없음,승용,남,68세,경상
2013040300100285,2013년 4월 3일 14시,수요일,전라북도 익산시 성당면,경상사고,0,0,4,0,차대차 - 기타,직진우회전진행방해,건조,맑음,교차로 - 교차로안,농기계,남,60세,상해없음,승용,여,33세,경상
2013040300100317,2013년 4월 3일 15시,수요일,전라북도 익산시 오산면,경상사고,0,0,1,0,차대사람 - 기타,기타,건조,맑음,단일로 - 기타,승용,남,49세,상해없음,보행자,남,10세,경상
2013040300100346,2013년 4월 3일 16시,수요일,전라북도 전주시 완산구 태평동,경상사고,0,0,1,0,차대차 - 기타,불법유턴,건조,맑음,단일로 - 기타,승용,남,35세,상해없음,자전거,여,48세,경상
2013040300100347,2013년 4월 3일 16시,수요일,전라북도 전주시 덕진구 우아동3가,경상사고,0,0,1,0,차대차 - 측면직각충돌,안전운전불이행,건조,맑음,단일로 - 기타,원동기,남,19세,상해없음,승용,남,58세,상해없음
2013040300100348,2013년 4월 3일 16시,수요일,전라북도 김제시 금산면,중상사고,0,2,9,0,차대차 - 측면직각충돌,직진우회전진행방해,건조,맑음,교차로 - 교차로안,승용,여,41세,상해없음,승합,남,24세,중상
2013040300100349,2013년 4월 3일 16시,수요일,전라북도 남원시 왕정동,경상사고,0,0,1,0,차대차 - 측면직각충돌,직진우회전진행방해,건조,맑음,교차로 - 교차로안,승용,여,53세,상해없음,원동기,남,66세,경상
2013040300100385,2013년 4월 3일 17시,수요일,전라북도 전주시 완산구 효자동1가,경상사고,0,0,1,0,차대차 - 기타,안전운전불이행,건조,맑음,교차로 - 교차로부근,화물,남,53세,상해없음,자전거,남,13세,경상
2013040300100386,2013년 4월 3일 17시,수요일,전라북도 익산시 함열읍,중상사고,0,1,0,0,차대사람 - 기타,안전운전불이행,건조,맑음,단일로 - 기타,승용,남,48세,상해없음,보행자,여,73세,중상
2013040300100387,2013년 4월 3일 17시,수요일,전라북도 익산시 황등면,중상사고,0,1,0,0,차대사람 - 횡단중,안전운전불이행,건조,맑음,단일로 - 기타,승용,여,52세,상해없음,보행자,여,11세,중상
2013040300100388,2013년 4월 3일 17시,수요일,전라북도 익산시 영등동,중상사고,0,1,0,0,차대사람 - 기타,안전운전불이행,건조,맑음,교차로 - 교차로안,승용,남,67세,상해없음,보행자,남,12세,중상
2013040300100424,2013년 4월 3일 18시,수요일,전라북도 전주시 완산구 평화동1가,경상사고,0,0,1,0,차대차 - 기타,교차로운행방법위반,건조,맑음,교차로 - 교차로안,화물,남,40세,상해없음,승용,남,61세,경상
2013040300100425,2013년 4월 3일 18시,수요일,전라북도 전주시 덕진구 우아동1가,경상사고,0,0,2,0,차대차 - 측면직각충돌,중앙선침범,건조,맑음,교차로 - 교차로안,승용,여,27세,상해없음,승용,남,38세,경상
2013040300100426,2013년 4월 3일 18시,수요일,전라북도 군산시 수송동,중상사고,0,1,0,0,차대차 - 측면직각충돌,신호위반,건조,맑음,교차로 - 교차로안,승합,남,40세,상해없음,자전거,남,57세,중상
2013040300100427,2013년 4월 3일 18시,수요일,전라북도 익산시 남중동,경상사고,0,0,1,0,차대차 - 기타,신호위반,건조,맑음,교차로 - 교차로안,화물,남,49세,상해없음,승용,여,35세,경상
2013040300100472,2013년 4월 3일 19시,수요일,전라북도 익산시 부송동,경상사고,0,0,1,0,차대사람 - 횡단중,안전운전불이행,건조,맑음,단일로 - 기타,승용,여,39세,상해없음,보행자,여,57세,경상
2013040300100473,2013년 4월 3일 19시,수요일,전라북도 완주군 봉동읍,경상사고,0,0,1,0,차량단독 - 전도전복,안전운전불이행,건조,맑음,교차로 - 교차로안,이륜,남,58세,경상,,,,
2013040300100549,2013년 4월 3일 21시,수요일,전라북도 군산시 나운동,경상사고,0,0,1,0,차대차 - 추돌 - 진행중,신호위반,건조,맑음,교차로 - 교차로안,승용,여,54세,상해없음,승용,남,31세,경상
2013040300100584,2013년 4월 3일 22시,수요일,전라북도 임실군 성수면,중상사고,0,1,0,0,차대차 - 추돌 - 진행중,안전운전불이행,건조,맑음,단일로 - 기타,승용,남,40세,상해없음,승용,남,37세,중상
2013040300100611,2013년 4월 3일 23시,수요일,전라북도 군산시 사정동,중상사고,0,1,0,0,차대사람 - 차도통행중,안전운전불이행,건조,맑음,단일로 - 기타,승용,남,42세,상해없음,보행자,남,43세,중상
2013040400100089,2013년 4월 4일 06시,목요일,전라북도 군산시 경장동,중상사고,0,1,0,0,차대차 - 측면직각충돌,신호위반,건조,맑음,교차로 - 교차로안,승용,남,49세,상해없음,이륜,남,71세,중상
2013040400100112,2013년 4월 4일 07시,목요일,전라북도 진안군 진안읍,중상사고,0,1,0,0,차대차 - 기타,직진우회전진행방해,건조,맑음,교차로 - 교차로안,화물,남,68세,상해없음,자전거,여,62세,중상
2013040400100146,2013년 4월 4일 08시,목요일,전라북도 군산시 수송동,경상사고,0,0,1,0,차대차 - 기타,신호위반,건조,맑음,교차로 - 교차로안,승용,남,57세,상해없음,자전거,남,27세,경상
2013040400100147,2013년 4월 4일 08시,목요일,전라북도 익산시 송학동,경상사고,0,0,2,0,차대차 - 측면직각충돌,기타,건조,맑음,단일로 - 기타,승용,남,33세,상해없음,자전거,남,11세,경상
2013040400100148,2013년 4월 4일 08시,목요일,전라북도 익산시 신흥동,경상사고,0,0,4,0,차대차 - 측면직각충돌,신호위반,건조,맑음,교차로 - 교차로안,승용,남,27세,경상,승용,남,34세,경상
2013040400100149,2013년 4월 4일 08시,목요일,전라북도 정읍시 용계동,경상사고,0,0,1,0,차대사람 - 횡단중,신호위반,건조,맑음,교차로 - 교차로안,승용,남,39세,상해없음,보행자,여,12세,경상
2013040400100197,2013년 4월 4일 10시,목요일,전라북도 전주시 덕진구 덕진동1가,경상사고,0,0,1,0,차대차 - 기타,안전운전불이행,건조,맑음,단일로 - 기타,승용,남,58세,상해없음,자전거,여,47세,경상
2013040400100198,2013년 4월 4일 10시,목요일,전라북도 익산시 용제동,중상사고,0,1,0,0,차대차 - 측면직각충돌,직진우회전진행방해,건조,맑음,교차로 - 교차로안,승용,여,31세,상해없음,이륜,남,62세,중상
2013040400100199,2013년 4월 4일 10시,목요일,전라북도 익산시 함열읍,경상사고,0,0,1,0,차대차 - 추돌 - 진행중,안전운전불이행,건조,맑음,단일로 - 기타,승용,여,37세,상해없음,승용,남,73세,경상
2013040400100200,2013년 4월 4일 10시,목요일,전라북도 정읍시 시기동,경상사고,0,0,1,0,차대사람 - 기타,기타,건조,맑음,단일로 - 기타,승용,남,53세,상해없음,보행자,여,49세,경상
2013040400100222,2013년 4월 4일 11시,목요일,전라북도 군산시 수송동,중상사고,0,2,1,0,차대차 - 기타,신호위반,건조,맑음,교차로 - 교차로안,이륜,남,20세,중상,승용,남,50세,경상
2013040400100223,2013년 4월 4일 11시,목요일,전라북도 군산시 내초동,경상사고,0,0,1,0,차대차 - 측면직각충돌,신호위반,건조,맑음,교차로 - 교차로안,승용,남,57세,상해없음,건설기계,남,43세,경상
2013040400100224,2013년 4월 4일 11시,목요일,전라북도 익산시 오산면,경상사고,0,0,3,0,차대차 - 측면직각충돌,중앙선침범,건조,맑음,단일로 - 기타,승용,남,56세,상해없음,이륜,남,34세,경상
2013040400100225,2013년 4월 4일 11시,목요일,전라북도 진안군 진안읍,중상사고,0,1,1,0,차대차 - 기타,차로위반,건조,맑음,단일로 - 기타,승용,여,39세,상해없음,승용,남,63세,중상
2013040400100266,2013년 4월 4일 13시,목요일,전라북도 정읍시 농소동,중상사고,0,1,2,0,차대차 - 추돌 - 진행중,안전거리미확보,건조,맑음,교차로 - 교차로부근,건설기계,남,50세,상해없음,승용,여,35세,경상
2013040400100268,2013년 4월 4일 13시,목요일,전라북도 익산시 왕궁면,사망사고,1,0,0,0,차량단독 - 공작물충돌,안전운전불이행,건조,맑음,단일로 - 기타,승용,남,43세,사망,,,,
2013040400100339,2013년 4월 4일 16시,목요일,전라북도 군산시 내초동,경상사고,0,0,2,0,차대차 - 기타,안전거리미확보,건조,맑음,단일로 - 기타,승용,남,50세,상해없음,승용,남,57세,경상
2013040400100415,2013년 4월 4일 18시,목요일,전라북도 순창군 유등면,경상사고,0,0,1,0,차량단독 - 도로외이탈 - 추락,안전운전불이행,건조,맑음,단일로 - 기타,이륜,남,40세,경상,,,,
2013040400100457,2013년 4월 4일 19시,목요일,전라북도 전주시 완산구 평화동2가,중상사고,0,1,0,0,차대차 - 측면직각충돌,중앙선침범,건조,맑음,단일로 - 기타,승용,남,53세,상해없음,이륜,남,53세,중상
2013040400100458,2013년 4월 4일 19시,목요일,전라북도 진안군 진안읍,중상사고,0,1,0,0,차대차 - 측면직각충돌,직진우회전진행방해,건조,맑음,교차로 - 교차로안,승용,여,53세,상해없음,이륜,남,74세,중상
2013040400100517,2013년 4월 4일 21시,목요일,전라북도 전주시 덕진구 인후동1가,경상사고,0,0,2,0,차대차 - 추돌 - 주정차중,안전거리미확보,건조,맑음,단일로 - 기타,승용,남,46세,상해없음,승용,남,42세,경상
2013040400100518,2013년 4월 4일 21시,목요일,전라북도 남원시 도통동,경상사고,0,0,1,0,차대차 - 추돌 - 진행중,안전거리미확보,건조,맑음,단일로 - 기타,승용,남,45세,상해없음,화물,남,52세,경상
2013040400100580,2013년 4월 4일 23시,목요일,전라북도 전주시 완산구 효자동1가,경상사고,0,0,1,0,차대사람 - 횡단중,보행자보호의무위반,건조,맑음,교차로 - 교차로부근,승용,남,28세,상해없음,보행자,남,29세,경상
2013040400100581,2013년 4월 4일 23시,목요일,전라북도 전주시 덕진구 인후동1가,중상사고,0,2,1,0,차대차 - 추돌 - 주정차중,안전운전불이행,건조,맑음,단일로 - 기타,승용,남,50세,상해없음,승용,남,35세,중상
2013040400100582,2013년 4월 4일 23시,목요일,전라북도 전주시 덕진구 덕진동1가,중상사고,0,1,0,0,차대차 - 정면충돌,안전운전불이행,건조,맑음,단일로 - 기타,승용,남,42세,상해없음,원동기,남,26세,중상
2013040400100583,2013년 4월 4일 23시,목요일,전라북도 전주시 덕진구 여의동,경상사고,0,0,1,0,차대사람 - 횡단중,보행자보호의무위반,건조,맑음,단일로 - 기타,승용,남,43세,상해없음,보행자,여,19세,경상
2013040500100094,2013년 4월 5일 06시,금요일,전라북도 전주시 완산구 평화동1가,중상사고,0,1,0,0,차대차 - 기타,안전운전불이행,건조,맑음,교차로 - 교차로부근,승용,남,69세,상해없음,승용,여,44세,상해없음
2013040500100132,2013년 4월 5일 08시,금요일,전라북도 군산시 소룡동,경상사고,0,0,2,0,차대차 - 측면직각충돌,교차로운행방법위반,건조,맑음,교차로 - 교차로안,승용,남,57세,상해없음,승용,남,57세,경상
2013040500100176,2013년 4월 5일 09시,금요일,전라북도 익산시 오산면,경상사고,0,0,3,0,차대차 - 측면직각충돌,안전거리미확보,건조,맑음,단일로 - 기타,승용,여,47세,상해없음,승용,남,53세,경상
2013040500100204,2013년 4월 5일 10시,금요일,전라북도 익산시 금강동,경상사고,0,0,2,0,차대차 - 측면직각충돌,신호위반,건조,맑음,교차로 - 교차로안,승용,남,75세,상해없음,승용,여,28세,경상