사고번호,사고일시,요일,시군구,사고내용,사망자수,중상자수,경상자수,부상신고자수,사고유형,법규위반,노면상태,기상상태,도로형태,가해운전자 차종,가해운전자 성별,가해운전자 연령,가해운전자 상해정도,피해운전자 차종,피해운전자 성별,피해운전자 연령,피해운전자 상해정도
2013041900100467,2013년 4월 19일 18시,금요일,전라북도 전주시 덕진구 송천동1가,경상사고,0,0,1,0,차대차 - 기타,안전거리미확보,건조,맑음,단일로 - 기타,승용,여,51세,상해없음,승용,남,53세,상해없음
2013041900100468,2013년 4월 19일 18시,금요일,전라북도 군산시 옥산면,경상사고,0,0,1,0,차대차 - 기타,교차로운행방법위반,건조,맑음,교차로 - 교차로안,승용,남,33세,상해없음,승용,여,48세,경상
2013041900100469,2013년 4월 19일 18시,금요일,전라북도 군산시 나운동,중상사고,0,1,0,0,차대사람 - 기타,기타,건조,맑음,단일로 - 기타,승용,남,57세,상해없음,보행자,여,11세,중상
2013041900100506,2013년 4월 19일 19시,금요일,전라북도 전주시 덕진구 우아동1가,중상사고,0,1,1,0,차대차 - 정면충돌,신호위반,건조,맑음,교차로 - 교차로안,화물,남,25세,상해없음,승용,남,36세,경상
2013041900100507,2013년 4월 19일 19시,금요일,전라북도 전주시 덕진구 인후동1가,경상사고,0,0,2,0,차대차 - 측면직각충돌,기타,건조,맑음,교차로 - 교차로안,승용,남,27세,상해없음,승용,남,43세,경상
2013041900100508,2013년 4월 19일 19시,금요일,전라북도 군산시 서흥남동,경상사고,0,0,1,0,차대차 - 기타,신호위반,건조,맑음,교차로 - 교차로안,승용,여,36세,상해없음,승용,여,28세,경상
2013041900100509,2013년 4월 19일 19시,금요일,전라북도 무주군 무주읍,중상사고,0,1,0,0,차대차 - 측면직각충돌,안전운전불이행,건조,맑음,단일로 - 기타,화물,남,45세,상해없음,원동기,남,17세,중상
2013041900100545,2013년 4월 19일 20시,금요일,전라북도 군산시 옥산면,사망사고,1,0,0,0,차대사람 - 보도통행중,보행자보호의무위반,건조,맑음,단일로 - 횡단보도상,승용,남,30세,상해없음,보행자,남,62세,사망
2013041900100546,2013년 4월 19일 20시,금요일,전라북도 익산시 신동,경상사고,0,0,1,0,차대차 - 측면직각충돌,안전운전불이행,건조,맑음,교차로 - 교차로안,승용,여,43세,상해없음,이륜,여,45세,경상
2013041900100547,2013년 4월 19일 20시,금요일,전라북도 김제시 요촌동,경상사고,0,0,1,0,차대차 - 정면충돌,직진우회전진행방해,건조,맑음,교차로 - 교차로안,승용,여,70세,상해없음,승용,남,38세,경상
2013041900100586,2013년 4월 19일 21시,금요일,전라북도 전주시 완산구 평화동1가,경상사고,0,0,2,0,차대차 - 측면직각충돌,신호위반,건조,맑음,교차로 - 교차로안,승용,남,60세,상해없음,승용,남,43세,경상
2013041900100587,2013년 4월 19일 21시,금요일,전라북도 정읍시 수성동,경상사고,0,0,3,0,차대차 - 측면직각충돌,신호위반,건조,맑음,교차로 - 교차로안,승용,남,51세,상해없음,승용,남,48세,경상
2013041900100624,2013년 4월 19일 22시,금요일,전라북도 고창군 고창읍,부상신고사고,0,0,0,1,차대차 - 측면직각충돌,교차로운행방법위반,건조,맑음,교차로 - 교차로안,이륜,남,17세,부상신고,승용,남,35세,상해없음
2013041900100668,2013년 4월 19일 23시,금요일,전라북도 전주시 완산구 삼천동1가,경상사고,0,0,1,0,차대차 - 정면충돌,중앙선침범,건조,맑음,교차로 - 교차로부근,승용,남,50세,상해없음,승용,남,35세,경상
2013042000100022,2013년 4월 20일 00시,토요일,전라북도 전주시 완산구 효자동3가,경상사고,0,0,2,0,차대차 - 측면직각충돌,직진우회전진행방해,건조,맑음,교차로 - 교차로안,승용,남,36세,상해없음,승용,남,32세,경상
2013042000100023,2013년 4월 20일 00시,토요일,전라북도 익산시 신흥동,중상사고,0,1,0,0,차량단독 - 공작물충돌,안전운전불이행,건조,맑음,단일로 - 기타,승용,남,25세,상해없음,,,,
2013042000100053,2013년 4월 20일 01시,토요일,전라북도 전주시 덕진구 인후동2가,경상사고,0,0,4,0,차대차 - 추돌 - 주정차중,안전거리미확보,건조,맑음,단일로 - 기타,승용,남,32세,상해없음,승용,남,41세,경상
2013042000100068,2013년 4월 20일 02시,토요일,전라북도 군산시 소룡동,중상사고,0,1,2,0,차대차 - 기타,신호위반,건조,맑음,교차로 - 교차로안,승용,남,35세,상해없음,이륜,남,15세,경상
2013042000100181,2013년 4월 20일 08시,토요일,전라북도 전주시 덕진구 송천동1가,중상사고,0,1,0,0,차대사람 - 차도통행중,안전운전불이행,건조,맑음,단일로 - 기타,승용,여,52세,상해없음,보행자,여,29세,중상
2013042000100182,2013년 4월 20일 08시,토요일,전라북도 익산시 오산면,경상사고,0,0,1,0,차대차 - 측면직각충돌,신호위반,습기,비,교차로 - 교차로안,승용,남,52세,상해없음,화물,여,49세,경상
2013042000100209,2013년 4월 20일 09시,토요일,전라북도 전주시 덕진구 팔복동3가,경상사고,0,0,1,0,차대차 - 측면직각충돌,안전운전불이행,습기,흐림,교차로 - 교차로부근,승용,남,40세,상해없음,승용,여,22세,경상
2013042000100210,2013년 4월 20일 09시,토요일,전라북도 익산시 남중동,경상사고,0,0,1,0,차대차 - 추돌 - 진행중,신호위반,습기,비,교차로 - 교차로안,승용,남,18세,상해없음,승용,여,46세,경상
2013042000100289,2013년 4월 20일 11시,토요일,전라북도 무주군 무주읍,경상사고,0,0,1,0,차대차 - 기타,안전운전불이행,습기,눈,교차로 - 교차로부근,승용,여,63세,상해없음,화물,남,48세,경상
2013042000100354,2013년 4월 20일 13시,토요일,전라북도 익산시 마동,경상사고,0,0,2,0,차대차 - 측면직각충돌,안전운전불이행,습기,비,교차로 - 교차로부근,화물,남,58세,상해없음,승용,남,35세,경상
2013042000100355,2013년 4월 20일 13시,토요일,전라북도 익산시 모현동1가,경상사고,0,0,2,0,차대차 - 기타,안전운전불이행,습기,비,단일로 - 기타,승용,남,46세,상해없음,승용,남,54세,경상
2013042000100389,2013년 4월 20일 14시,토요일,전라북도 군산시 옥산면,경상사고,0,0,1,0,차량단독 - 공작물충돌,안전운전불이행,습기,비,단일로 - 기타,승용,남,35세,상해없음,,,,
2013042000100390,2013년 4월 20일 14시,토요일,전라북도 익산시 모현동1가,경상사고,0,0,2,0,차대차 - 측면직각충돌,중앙선침범,습기,비,교차로 - 교차로부근,승용,남,44세,상해없음,승용,여,46세,경상
2013042000100391,2013년 4월 20일 14시,토요일,전라북도 익산시 금마면,경상사고,0,0,2,0,차대차 - 측면직각충돌,안전운전불이행,습기,비,단일로 - 기타,특수,남,46세,상해없음,화물,남,57세,경상
2013042000100426,2013년 4월 20일 15시,토요일,전라북도 전주시 완산구 서신동,경상사고,0,0,1,0,차대사람 - 횡단중,보행자보호의무위반,습기,비,교차로 - 교차로부근,승용,남,29세,상해없음,보행자,남,61세,경상
2013042000100463,2013년 4월 20일 16시,토요일,전라북도 전주시 완산구 태평동,중상사고,0,1,0,0,차대사람 - 차도통행중,안전운전불이행,습기,비,교차로 - 교차로안,승용,남,53세,상해없음,보행자,남,41세,중상
2013042000100464,2013년 4월 20일 16시,토요일,전라북도 익산시 영등동,경상사고,0,0,2,0,차대차 - 기타,중앙선침범,습기,비,교차로 - 교차로부근,승용,여,50세,상해없음,승용,남,31세,경상
2013042000100465,2013년 4월 20일 16시,토요일,전라북도 익산시 황등면,경상사고,0,0,1,0,차대차 - 기타,안전운전불이행,건조,맑음,단일로 - 기타,승용,남,63세,상해없음,자전거,남,49세,경상
2013042000100486,2013년 4월 20일 17시,토요일,전라북도 군산시 옥산면,중상사고,0,2,1,0,차대차 - 측면직각충돌,직진우회전진행방해,건조,맑음,교차로 - 교차로안,승용,남,36세,경상,승용,남,59세,상해없음
2013042000100487,2013년 4월 20일 17시,토요일,전라북도 군산시 소룡동,경상사고,0,0,1,0,차대차 - 측면직각충돌,중앙선침범,건조,맑음,단일로 - 기타,화물,남,54세,상해없음,승용,남,43세,경상
2013042000100515,2013년 4월 20일 18시,토요일,전라북도 군산시 나운동,경상사고,0,0,1,0,차대차 - 측면직각충돌,교차로운행방법위반,건조,맑음,교차로 - 교차로안,승용,여,30세,상해없음,승용,남,48세,상해없음
2013042000100516,2013년 4월 20일 18시,토요일,전라북도 남원시 왕정동,경상사고,0,0,1,0,차대차 - 정면충돌,중앙선침범,습기,비,단일로 - 기타,승용,남,42세,상해없음,승용,여,46세,경상
2013042000100550,2013년 4월 20일 19시,토요일,전라북도 전주시 덕진구 진북동,경상사고,0,0,1,0,차대차 - 측면직각충돌,안전거리미확보,건조,맑음,단일로 - 기타,승용,여,54세,상해없음,이륜,남,48세,경상
2013042000100551,2013년 4월 20일 19시,토요일,전라북도 군산시 수송동,경상사고,0,0,1,0,차대사람 - 횡단중,안전운전불이행,건조,맑음,단일로 - 기타,승용,여,28세,상해없음,보행자,남,13세,경상
2013042000100600,2013년 4월 20일 20시,토요일,전라북도 군산시 수송동,경상사고,0,0,1,0,차대차 - 측면직각충돌,신호위반,건조,맑음,교차로 - 교차로안,이륜,남,17세,경상,승용,남,54세,상해없음
2013042000100601,2013년 4월 20일 20시,토요일,전라북도 군산시 수송동,경상사고,0,0,2,0,차대차 - 측면직각충돌,신호위반,건조,맑음,교차로 - 교차로안,화물,남,46세,상해없음,승용,남,31세,경상
2013042000100647,2013년 4월 20일 21시,토요일,전라북도 전주시 완산구 중화산동2가,경상사고,0,0,1,0,차대사람 - 차도통행중,안전운전불이행,건조,흐림,단일로 - 기타,화물,남,20세,상해없음,보행자,남,17세,경상
2013042000100648,2013년 4월 20일 21시,토요일,전라북도 전주시 완산구 삼천동1가,중상사고,0,1,0,0,차대사람 - 기타,안전운전불이행,건조,맑음,교차로 - 교차로안,승합,남,59세,상해없음,보행자,남,41세,중상
2013042000100649,2013년 4월 20일 21시,토요일,전라북도 전주시 덕진구 인후동1가,경상사고,0,0,2,0,차대차 - 추돌 - 진행중,안전거리미확보,건조,맑음,단일로 - 기타,승용,남,55세,상해없음,승용,남,58세,경상
2013042000100650,2013년 4월 20일 21시,토요일,전라북도 정읍시 상동,중상사고,0,1,1,0,차대차 - 측면직각충돌,직진우회전진행방해,습기,비,교차로 - 교차로안,이륜,남,20세,중상,승용,남,38세,경상
2013042000100700,2013년 4월 20일 23시,토요일,전라북도 진안군 마령면,중상사고,0,2,0,0,차량단독 - 공작물충돌,안전운전불이행,습기,비,단일로 - 기타,승용,남,23세,상해없음,,,,
2013042100100024,2013년 4월 21일 00시,일요일,전라북도 전주시 덕진구 인후동1가,경상사고,0,0,1,0,차대차 - 측면직각충돌,안전거리미확보,습기,비,단일로 - 기타,승용,남,31세,상해없음,승용,남,54세,상해없음
2013042100100127,2013년 4월 21일 08시,일요일,전라북도 전주시 완산구 서신동,중상사고,0,2,2,0,차대차 - 측면직각충돌,신호위반,건조,맑음,교차로 - 교차로안,화물,남,60세,경상,승용,남,49세,중상
2013042100100144,2013년 4월 21일 09시,일요일,전라북도 익산시 부송동,경상사고,0,0,2,0,차대차 - 추돌 - 진행중,안전운전불이행,건조,맑음,교차로 - 교차로부근,승용,남,55세,상해없음,승용,남,50세,경상
2013042100100159,2013년 4월 21일 10시,일요일,전라북도 전주시 덕진구 송천동1가,중상사고,0,1,0,1,차대차 - 측면직각충돌,안전운전불이행,건조,맑음,교차로 - 교차로안,이륜,남,21세,부상신고,화물,남,44세,상해없음
2013042100100244,2013년 4월 21일 14시,일요일,전라북도 군산시 창성동,중상사고,0,1,0,0,차대차 - 측면직각충돌,안전운전불이행,건조,맑음,교차로 - 교차로안,승용,남,30세,상해없음,자전거,남,23세,중상
2013042100100245,2013년 4월 21일 14시,일요일,전라북도 군산시 내흥동,중상사고,0,1,3,0,차대차 - 추돌 - 진행중,안전운전불이행,건조,맑음,단일로 - 기타,승합,여,38세,상해없음,승용,남,76세,경상
2013042100100308,2013년 4월 21일 16시,일요일,전라북도 전주시 완산구 다가동3가,중상사고,0,1,0,0,차대사람 - 기타,신호위반,건조,맑음,단일로 - 횡단보도상,승용,남,35세,상해없음,보행자,여,19세,중상
2013042100100309,2013년 4월 21일 16시,일요일,전라북도 익산시 부송동,경상사고,0,0,1,0,차대차 - 측면직각충돌,안전운전불이행,건조,맑음,교차로 - 교차로부근,승용,남,58세,상해없음,승용,남,30세,경상
2013042100100310,2013년 4월 21일 16시,일요일,전라북도 정읍시 금붕동,경상사고,0,0,2,0,차대차 - 측면직각충돌,불법유턴,건조,맑음,단일로 - 기타,승합,남,76세,상해없음,승용,여,43세,경상
2013042100100377,2013년 4월 21일 18시,일요일,전라북도 군산시 산북동,경상사고,0,0,1,0,차대차 - 측면직각충돌,신호위반,건조,맑음,교차로 - 교차로안,승용,남,60세,상해없음,승용,남,29세,경상
2013042100100404,2013년 4월 21일 19시,일요일,전라북도 군산시 나운동,경상사고,0,0,1,0,차대사람 - 기타,안전운전불이행,건조,맑음,단일로 - 기타,승용,여,31세,상해없음,보행자,여,57세,경상
2013042100100445,2013년 4월 21일 20시,일요일,전라북도 군산시 삼학동,중상사고,0,1,0,0,차대차 - 기타,안전운전불이행,건조,맑음,단일로 - 기타,화물,남,52세,상해없음,화물,남,42세,상해없음
2013042100100446,2013년 4월 21일 20시,일요일,전라북도 완주군 삼례읍,사망사고,1,0,0,0,차대사람 - 기타,안전운전불이행,건조,맑음,단일로 - 기타,승용,남,20세,상해없음,보행자,여,45세,사망
2013042100100447,2013년 4월 21일 20시,일요일,전라북도 완주군 용진면,경상사고,0,0,1,0,차대차 - 측면직각충돌,신호위반,건조,맑음,교차로 - 교차로안,승합,남,57세,상해없음,원동기,남,55세,경상
2013042100100475,2013년 4월 21일 21시,일요일,전라북도 익산시 인화동1가,경상사고,0,0,1,0,차대사람 - 기타,안전운전불이행,건조,맑음,교차로 - 교차로부근,승용,남,36세,상해없음,보행자,남,47세,경상
2013042100100506,2013년 4월 21일 22시,일요일,전라북도 진안군 성수면,중상사고,0,1,0,0,차량단독 - 공작물충돌,안전운전불이행,건조,맑음,단일로 - 기타,승용,남,50세,중상,,,,
2013042100100523,2013년 4월 21일 23시,일요일,전라북도 전주시 덕진구 진북동,중상사고,0,1,3,0,차대차 - 정면충돌,신호위반,건조,맑음,교차로 - 교차로안,승용,여,26세,상해없음,승용,남,69세,경상
2013042100100524,2013년 4월 21일 23시,일요일,전라북도 군산시 나운동,중상사고,0,1,0,0,차대차 - 추돌 - 주정차중,안전운전불이행,건조,맑음,교차로 - 교차로부근,화물,남,39세,상해없음,승용,남,56세,중상
2013042200100046,2013년 4월 22일 05시,월요일,전라북도 완주군 용진면,중상사고,0,1,0,0,차대차 - 측면직각충돌,교차로운행방법위반,습기,안개,교차로 - 교차로안,화물,남,67세,상해없음,승용,남,41세,중상
2013042200100083,2013년 4월 22일 07시,월요일,전라북도 전주시 완산구 서완산동1가,경상사고,0,0,1,0,차대차 - 측면직각충돌,신호위반,건조,맑음,단일로 - 횡단보도부근,승용,여,27세,상해없음,자전거,남,12세,경상
2013042200100128,2013년 4월 22일 08시,월요일,전라북도 군산시 개정동,경상사고,0,0,4,0,차대차 - 추돌 - 진행중,안전운전불이행,건조,맑음,교차로 - 교차로부근,승용,남,38세,상해없음,승용,남,50세,경상
2013042200100129,2013년 4월 22일 08시,월요일,전라북도 익산시 부송동,경상사고,0,0,1,0,차대차 - 측면직각충돌,안전운전불이행,건조,맑음,단일로 - 기타,승용,여,32세,상해없음,자전거,남,13세,경상
2013042200100130,2013년 4월 22일 08시,월요일,전라북도 익산시 평화동,경상사고,0,0,2,0,차대차 - 측면직각충돌,안전운전불이행,건조,맑음,단일로 - 기타,승합,남,49세,상해없음,승용,여,22세,경상
2013042200100162,2013년 4월 22일 09시,월요일,전라북도 전주시 덕진구 팔복동1가,경상사고,0,0,1,0,차대차 - 추돌 - 주정차중,안전운전불이행,건조,맑음,교차로 - 교차로부근,화물,남,52세,상해없음,승용,여,54세,경상
2013042200100193,2013년 4월 22일 10시,월요일,전라북도 전주시 덕진구 덕진동1가,경상사고,0,0,1,0,차대차 - 측면직각충돌,안전운전불이행,건조,맑음,단일로 - 기타,승용,여,52세,상해없음,자전거,남,22세,경상
2013042200100194,2013년 4월 22일 10시,월요일,전라북도 부안군 위도면,경상사고,0,0,2,0,차대차 - 추돌 - 주정차중,안전운전불이행,건조,맑음,단일로 - 기타,화물,남,58세,상해없음,승용,남,56세,경상
2013042200100195,2013년 4월 22일 10시,월요일,전라북도 부안군 주산면,중상사고,0,1,0,0,차량단독 - 전도전복,불법유턴,기타,맑음,기타 - 기타,건설기계,남,37세,중상,,,,
2013042200100196,2013년 4월 22일 10시,월요일,전라북도 완주군 고산면,중상사고,0,1,0,0,차량단독 - 공작물충돌,안전운전불이행,건조,맑음,단일로 - 기타,승용,여,50세,상해없음,,,,
2013042200100280,2013년 4월 22일 13시,월요일,전라북도 전주시 완산구 평화동2가,경상사고,0,0,1,0,차대차 - 측면직각충돌,안전운전불이행,건조,맑음,단일로 - 기타,승용,남,65세,상해없음,원동기,남,70세,경상
2013042200100308,2013년 4월 22일 14시,월요일,전라북도 완주군 삼례읍,중상사고,0,1,0,0,차대사람 - 횡단중,안전운전불이행,건조,맑음,단일로 - 기타,승용,남,22세,상해없음,보행자,남,70세,중상
2013042200100334,2013년 4월 22일 15시,월요일,전라북도 군산시 경장동,중상사고,0,1,0,0,차대사람 - 횡단중,보행자보호의무위반,건조,맑음,단일로 - 횡단보도상,승용,남,58세,상해없음,보행자,여,36세,중상
2013042200100360,2013년 4월 22일 16시,월요일,전라북도 군산시 옥산면,경상사고,0,0,4,0,차대차 - 추돌 - 진행중,안전운전불이행,건조,맑음,단일로 - 기타,승용,남,50세,상해없음,승용,남,29세,경상
2013042200100361,2013년 4월 22일 16시,월요일,전라북도 군산시 금암동,중상사고,0,1,0,0,차대사람 - 기타,안전운전불이행,건조,맑음,단일로 - 기타,화물,남,57세,상해없음,보행자,남,74세,중상
2013042200100362,2013년 4월 22일 16시,월요일,전라북도 익산시 남중동,중상사고,0,1,0,0,차대사람 - 보도통행중,보행자보호의무위반,건조,맑음,단일로 - 기타,승용,남,31세,상해없음,보행자,여,78세,중상
2013042200100363,2013년 4월 22일 16시,월요일,전라북도 익산시 모현동1가,중상사고,0,1,0,0,차대차 - 측면직각충돌,안전운전불이행,건조,맑음,교차로 - 교차로안,화물,남,62세,상해없음,이륜,남,83세,중상
2013042200100402,2013년 4월 22일 17시,월요일,전라북도 전주시 완산구 중화산동2가,경상사고,0,0,1,0,차대사람 - 기타,안전운전불이행,건조,맑음,교차로 - 교차로부근,기타불명,기타불명,기타불명,기타불명,보행자,남,10세,경상
2013042200100472,2013년 4월 22일 19시,월요일,전라북도 전주시 완산구 중화산동1가,경상사고,0,0,1,0,차대차 - 정면충돌,신호위반,건조,맑음,교차로 - 교차로부근,승용,여,22세,상해없음,승용,남,38세,경상
2013042200100473,2013년 4월 22일 19시,월요일,전라북도 남원시 노암동,중상사고,0,1,0,0,차대사람 - 차도통행중,안전운전불이행,건조,맑음,교차로 - 교차로안,승용,여,43세,상해없음,보행자,여,83세,중상
2013042200100538,2013년 4월 22일 21시,월요일,전라북도 전주시 덕진구 덕진동1가,중상사고,0,1,0,0,차대차 - 측면직각충돌,신호위반,건조,맑음,교차로 - 교차로안,승용,남,58세,상해없음,이륜,남,21세,중상
2013042200100573,2013년 4월 22일 22시,월요일,전라북도 김제시 공덕면,중상사고,0,1,0,0,차량단독 - 공작물충돌,안전운전불이행,건조,맑음,단일로 - 기타,승용,여,41세,상해없음,,,,
2013042300100014,2013년 4월 23일 00시,화요일,전라북도 전주시 덕진구 금암동,경상사고,0,0,1,0,차대차 - 추돌 - 주정차중,안전운전불이행,건조,맑음,단일로 - 기타,승용,남,47세,상해없음,승용,여,49세,경상
2013042300100030,2013년 4월 23일 01시,화요일,전라북도 익산시 창인동2가,경상사고,0,0,1,0,차대차 - 측면직각충돌,교차로운행방법위반,건조,맑음,교차로 - 교차로안,승용,남,47세,상해없음,승용,여,52세,경상
2013042300100045,2013년 4월 23일 02시,화요일,전라북도 군산시 지곡동,중상사고,0,1,1,0,차대차 - 측면직각충돌,안전운전불이행,건조,흐림,교차로 - 교차로안,승용,남,28세,상해없음,승용,남,62세,경상
2013042300100061,2013년 4월 23일 04시,화요일,전라북도 익산시 목천동,경상사고,0,0,1,0,차량단독 - 공작물충돌,안전운전불이행,건조,맑음,단일로 - 기타,승용,남,28세,경상,,,,
2013042300100102,2013년 4월 23일 07시,화요일,전라북도 전주시 완산구 서신동,경상사고,0,0,1,0,차대차 - 기타,신호위반,습기,비,교차로 - 교차로안,승용,남,42세,상해없음,승용,남,49세,경상
2013042300100103,2013년 4월 23일 07시,화요일,전라북도 전주시 완산구 효자동3가,경상사고,0,0,1,0,차대사람 - 횡단중,보행자보호의무위반,습기,비,교차로 - 교차로안,기타불명,기타불명,기타불명,기타불명,보행자,여,18세,경상
2013042300100104,2013년 4월 23일 07시,화요일,전라북도 군산시 수송동,경상사고,0,0,2,0,차대차 - 측면직각충돌,직진우회전진행방해,습기,비,교차로 - 교차로안,승용,여,30세,상해없음,승용,남,49세,경상
2013042300100105,2013년 4월 23일 07시,화요일,전라북도 익산시 평화동,중상사고,0,1,0,0,차대사람 - 보도통행중,안전운전불이행,습기,비,단일로 - 기타,승용,남,37세,상해없음,보행자,여,49세,중상
2013042300100129,2013년 4월 23일 08시,화요일,전라북도 군산시 미장동,경상사고,0,0,1,0,차대차 - 측면직각충돌,교차로운행방법위반,습기,비,교차로 - 교차로안,승용,여,46세,상해없음,승용,여,37세,경상
2013042300100192,2013년 4월 23일 10시,화요일,전라북도 부안군 동진면,경상사고,0,0,1,1,차대차 - 측면직각충돌,교차로운행방법위반,습기,비,교차로 - 교차로안,화물,여,58세,부상신고,승용,남,53세,경상
2013042300100239,2013년 4월 23일 12시,화요일,전라북도 전주시 완산구 서신동,경상사고,0,0,2,0,차대차 - 기타,신호위반,습기,비,교차로 - 교차로안,승용,여,44세,상해없음,승용,여,56세,경상
2013042300100292,2013년 4월 23일 14시,화요일,전라북도 장수군 장계면,중상사고,0,1,0,0,차대사람 - 횡단중,교차로운행방법위반,습기,비,교차로 - 교차로부근,승용,남,45세,상해없음,보행자,남,47세,중상
2013042300100322,2013년 4월 23일 15시,화요일,전라북도 전주시 덕진구 금암동,경상사고,0,0,1,0,차대차 - 측면직각충돌,안전거리미확보,적설,비,단일로 - 기타,승용,남,55세,상해없음,이륜,남,44세,경상
2013042300100354,2013년 4월 23일 16시,화요일,전라북도 완주군 구이면,경상사고,0,0,2,0,차대차 - 기타,교차로운행방법위반,습기,맑음,교차로 - 교차로안,승용,남,63세,상해없음,화물,남,60세,경상
2013042300100386,2013년 4월 23일 17시,화요일,전라북도 김제시 공덕면,중상사고,0,1,2,0,차대차 - 측면직각충돌,안전거리미확보,습기,비,단일로 - 기타,기타불명,기타불명,기타불명,기타불명,승용,남,39세,경상
2013042300100426,2013년 4월 23일 18시,화요일,전라북도 군산시 오식도동,중상사고,0,1,0,0,차대차 - 측면직각충돌,안전운전불이행,습기,비,교차로 - 교차로안,승용,남,62세,기타불명,승용,남,58세,중상
2013042300100487,2013년 4월 23일 19시,화요일,전라북도 전주시 완산구 평화동1가,중상사고,0,1,0,0,차대차 - 측면직각충돌,안전운전불이행,습기,비,단일로 - 기타,승합,남,50세,상해없음,승용,남,31세,중상
2013042300100541,2013년 4월 23일 20시,화요일,전라북도 전주시 완산구 중화산동2가,중상사고,0,1,2,0,차대차 - 측면직각충돌,안전운전불이행,건조,흐림,교차로 - 교차로안,화물,남,30세,상해없음,승용,남,32세,경상
2013042300100595,2013년 4월 23일 21시,화요일,전라북도 전주시 덕진구 진북동,경상사고,0,0,1,0,차대차 - 기타,안전운전불이행,습기,비,단일로 - 기타,승용,남,65세,상해없음,자전거,여,55세,경상
2013042300100596,2013년 4월 23일 21시,화요일,전라북도 전주시 덕진구 산정동,경상사고,0,0,3,0,차대차 - 추돌 - 주정차중,안전운전불이행,적설,비,교차로 - 교차로부근,화물,남,41세,상해없음,승용,남,60세,경상
2013042300100639,2013년 4월 23일 22시,화요일,전라북도 전주시 덕진구 동산동,중상사고,0,1,0,0,차대사람 - 횡단중,안전운전불이행,적설,비,단일로 - 기타,승용,남,24세,상해없음,보행자,여,32세,중상
2013042300100640,2013년 4월 23일 22시,화요일,전라북도 익산시 어양동,경상사고,0,0,1,0,차대사람 - 횡단중,안전운전불이행,습기,비,단일로 - 기타,승용,여,54세,상해없음,보행자,여,44세,경상
2013042300100689,2013년 4월 23일 23시,화요일,전라북도 전주시 완산구 남노송동,경상사고,0,0,1,0,차대차 - 측면직각충돌,신호위반,습기,비,교차로 - 교차로안,승용,남,29세,상해없음,승용,남,42세,경상
2013042400100088,2013년 4월 24일 05시,수요일,전라북도 익산시 춘포면,경상사고,0,0,4,0,차대차 - 추돌 - 주정차중,안전운전불이행,건조,맑음,단일로 - 기타,승용,남,53세,상해없음,화물,남,68세,경상
2013042400100100,2013년 4월 24일 06시,수요일,전라북도 전주시 덕진구 여의동,경상사고,0,0,1,0,차대차 - 추돌 - 주정차중,안전운전불이행,적설,비,단일로 - 기타,화물,남,60세,상해없음,승용,남,53세,경상
2013042400100115,2013년 4월 24일 07시,수요일,전라북도 전주시 덕진구 금암동,중상사고,0,1,0,0,차대차 - 측면직각충돌,안전운전불이행,습기,비,교차로 - 교차로부근,승용,여,31세,상해없음,승용,남,59세,중상
2013042400100116,2013년 4월 24일 07시,수요일,전라북도 익산시 황등면,경상사고,0,0,2,0,차대차 - 측면직각충돌,신호위반,습기,비,교차로 - 교차로안,승용,남,55세,상해없음,승용,남,54세,경상
2013042400100147,2013년 4월 24일 08시,수요일,전라북도 전주시 완산구 중화산동1가,중상사고,0,1,1,0,차대차 - 기타,신호위반,건조,맑음,교차로 - 교차로안,승용,남,48세,상해없음,이륜,남,23세,중상
2013042400100148,2013년 4월 24일 08시,수요일,전라북도 군산시 지곡동,중상사고,0,1,1,0,차대차 - 측면직각충돌,안전운전불이행,건조,맑음,교차로 - 교차로안,승용,남,78세,상해없음,승용,남,62세,경상
2013042400100149,2013년 4월 24일 08시,수요일,전라북도 익산시 낭산면,중상사고,0,1,0,0,차대차 - 정면충돌,중앙선침범,건조,맑음,단일로 - 기타,승용,남,65세,상해없음,승용,남,29세,중상
2013042400100150,2013년 4월 24일 08시,수요일,전라북도 익산시 부송동,경상사고,0,0,1,0,차대차 - 추돌 - 주정차중,안전운전불이행,습기,흐림,교차로 - 교차로부근,승합,남,71세,상해없음,승용,남,54세,경상
2013042400100178,2013년 4월 24일 09시,수요일,전라북도 정읍시 용계동,경상사고,0,0,2,0,차대차 - 측면직각충돌,직진우회전진행방해,건조,맑음,교차로 - 교차로안,승용,남,27세,상해없음,화물,남,47세,경상
2013042400100213,2013년 4월 24일 11시,수요일,전라북도 군산시 월명동,경상사고,0,0,1,0,차대차 - 기타,교차로운행방법위반,건조,맑음,교차로 - 교차로안,화물,남,77세,상해없음,이륜,남,25세,경상
2013042400100214,2013년 4월 24일 11시,수요일,전라북도 군산시 중앙로1가,경상사고,0,0,1,0,차대사람 - 보도통행중,안전운전불이행,건조,맑음,단일로 - 기타,승용,여,31세,상해없음,보행자,여,57세,경상
2013042400100215,2013년 4월 24일 11시,수요일,전라북도 익산시 남중동,경상사고,0,0,1,0,차대사람 - 기타,안전운전불이행,건조,맑음,단일로 - 기타,승용,남,58세,상해없음,보행자,남,53세,경상
2013042400100261,2013년 4월 24일 13시,수요일,전라북도 익산시 금마면,경상사고,0,0,1,0,차대차 - 측면직각충돌,안전거리미확보,건조,맑음,단일로 - 기타,승용,남,58세,상해없음,원동기,남,70세,경상