사고번호,사고일시,요일,시군구,사고내용,사망자수,중상자수,경상자수,부상신고자수,사고유형,법규위반,노면상태,기상상태,도로형태,가해운전자 차종,가해운전자 성별,가해운전자 연령,가해운전자 상해정도,피해운전자 차종,피해운전자 성별,피해운전자 연령,피해운전자 상해정도
2013042900100225,2013년 4월 29일 12시,월요일,전라북도 고창군 고창읍,중상사고,0,4,0,0,차대차 - 측면직각충돌,직진우회전진행방해,습기,비,교차로 - 교차로안,승용,여,36세,상해없음,승용,여,44세,중상
2013042900100226,2013년 4월 29일 12시,월요일,전라북도 부안군 부안읍,부상신고사고,0,0,0,1,차량단독 - 기타,안전운전불이행,습기,비,단일로 - 기타,농기계,남,71세,부상신고,,,,
2013042900100279,2013년 4월 29일 14시,월요일,전라북도 전주시 덕진구 덕진동2가,경상사고,0,0,1,0,차대차 - 측면직각충돌,신호위반,건조,맑음,교차로 - 교차로안,승용,남,34세,상해없음,승합,남,37세,경상
2013042900100303,2013년 4월 29일 15시,월요일,전라북도 군산시 나운동,경상사고,0,0,2,0,차대차 - 추돌 - 진행중,안전거리미확보,건조,맑음,교차로 - 교차로안,승용,남,39세,상해없음,승용,남,57세,경상
2013042900100304,2013년 4월 29일 15시,월요일,전라북도 익산시 남중동,중상사고,0,1,1,0,차대차 - 기타,안전운전불이행,건조,맑음,교차로 - 교차로부근,승용,남,77세,상해없음,승용,남,51세,경상
2013042900100331,2013년 4월 29일 16시,월요일,전라북도 전주시 완산구 삼천동1가,중상사고,0,1,0,0,차대차 - 측면직각충돌,안전운전불이행,건조,맑음,단일로 - 기타,승용,여,41세,상해없음,이륜,남,69세,중상
2013042900100332,2013년 4월 29일 16시,월요일,전라북도 군산시 산북동,중상사고,0,1,0,0,차대사람 - 기타,안전운전불이행,건조,맑음,단일로 - 기타,승용,남,48세,상해없음,보행자,남,49세,중상
2013042900100364,2013년 4월 29일 17시,월요일,전라북도 전주시 덕진구 송천동1가,경상사고,0,0,1,0,차대사람 - 차도통행중,안전운전불이행,건조,맑음,단일로 - 기타,승용,남,38세,상해없음,보행자,남,55세,경상
2013042900100365,2013년 4월 29일 17시,월요일,전라북도 익산시 부송동,경상사고,0,0,3,0,차대차 - 측면직각충돌,안전운전불이행,건조,맑음,교차로 - 교차로안,승용,여,50세,상해없음,승용,여,37세,경상
2013042900100414,2013년 4월 29일 19시,월요일,전라북도 김제시 요촌동,경상사고,0,0,2,0,차대차 - 추돌 - 진행중,안전운전불이행,건조,맑음,교차로 - 교차로안,승용,남,45세,상해없음,화물,남,54세,경상
2013042900100443,2013년 4월 29일 20시,월요일,전라북도 전주시 덕진구 여의동,중상사고,0,1,0,0,차대사람 - 횡단중,보행자보호의무위반,건조,흐림,교차로 - 교차로안,건설기계,남,50세,상해없음,보행자,여,46세,중상
2013042900100444,2013년 4월 29일 20시,월요일,전라북도 남원시 왕정동,경상사고,0,0,1,0,차대차 - 측면직각충돌,직진우회전진행방해,습기,흐림,교차로 - 교차로안,승용,여,49세,상해없음,승용,여,57세,경상
2013042900100445,2013년 4월 29일 20시,월요일,전라북도 장수군 장수읍,사망사고,1,0,0,0,차량단독 - 공작물충돌,안전운전불이행,건조,맑음,단일로 - 기타,화물,남,59세,사망,,,,
2013042900100483,2013년 4월 29일 21시,월요일,전라북도 전주시 완산구 효자동2가,중상사고,0,1,0,0,차대사람 - 횡단중,안전운전불이행,건조,맑음,교차로 - 교차로부근,승용,여,37세,상해없음,보행자,여,52세,중상
2013042900100484,2013년 4월 29일 21시,월요일,전라북도 전주시 완산구 중화산동2가,경상사고,0,0,1,0,차대사람 - 기타,안전운전불이행,건조,맑음,단일로 - 기타,승용,남,48세,상해없음,보행자,남,42세,경상
2013042900100485,2013년 4월 29일 21시,월요일,전라북도 전주시 덕진구 덕진동2가,경상사고,0,0,3,0,차대차 - 측면직각충돌,중앙선침범,건조,흐림,단일로 - 기타,승용,남,32세,상해없음,승용,남,28세,경상
2013042900100506,2013년 4월 29일 22시,월요일,전라북도 전주시 완산구 효자동3가,중상사고,0,1,0,0,차대차 - 기타,안전거리미확보,건조,맑음,교차로 - 교차로부근,승용,남,46세,상해없음,원동기,남,18세,중상
2013042900100507,2013년 4월 29일 22시,월요일,전라북도 남원시 금동,중상사고,0,1,0,0,차대사람 - 기타,안전운전불이행,건조,맑음,단일로 - 기타,승용,여,30세,상해없음,보행자,남,45세,중상
2013043000100026,2013년 4월 30일 01시,화요일,전라북도 김제시 백구면,중상사고,0,1,2,0,차대차 - 추돌 - 주정차중,안전운전불이행,기타,안개,단일로 - 기타,승용,남,47세,경상,화물,남,35세,중상
2013043000100060,2013년 4월 30일 05시,화요일,전라북도 익산시 춘포면,중상사고,0,2,0,0,차량단독 - 도로외이탈 - 추락,안전운전불이행,건조,맑음,단일로 - 기타,화물,여,47세,상해없음,,,,
2013043000100092,2013년 4월 30일 07시,화요일,전라북도 남원시 수지면,중상사고,0,1,0,0,차대차 - 기타,안전운전불이행,건조,맑음,단일로 - 기타,화물,남,27세,상해없음,농기계,여,61세,중상
2013043000100120,2013년 4월 30일 08시,화요일,전라북도 전주시 덕진구 덕진동1가,경상사고,0,0,1,0,차대차 - 측면직각충돌,신호위반,건조,맑음,교차로 - 교차로부근,승용,남,28세,상해없음,자전거,남,50세,경상
2013043000100121,2013년 4월 30일 08시,화요일,전라북도 고창군 심원면,사망사고,1,2,0,0,차대차 - 정면충돌,중앙선침범,건조,맑음,단일로 - 기타,승용,여,58세,사망,승용,남,52세,중상
2013043000100156,2013년 4월 30일 09시,화요일,전라북도 부안군 부안읍,경상사고,0,0,3,0,차대차 - 측면직각충돌,안전운전불이행,건조,맑음,교차로 - 교차로안,승용,여,46세,경상,승용,남,72세,경상
2013043000100188,2013년 4월 30일 10시,화요일,전라북도 순창군 쌍치면,사망사고,1,0,0,0,차대사람 - 기타,안전운전불이행,건조,맑음,단일로 - 기타,건설기계,남,39세,상해없음,보행자,남,80세,사망
2013043000100235,2013년 4월 30일 12시,화요일,전라북도 전주시 완산구 효자동3가,경상사고,0,0,4,0,차대차 - 측면직각충돌,안전운전불이행,건조,맑음,교차로 - 교차로안,승합,남,56세,상해없음,화물,남,33세,경상
2013043000100236,2013년 4월 30일 12시,화요일,전라북도 군산시 산북동,중상사고,0,1,0,0,차대차 - 측면직각충돌,직진우회전진행방해,건조,맑음,교차로 - 교차로안,승용,남,40세,상해없음,원동기,남,39세,중상
2013043000100237,2013년 4월 30일 12시,화요일,전라북도 익산시 금마면,경상사고,0,0,2,0,차대차 - 측면직각충돌,신호위반,건조,맑음,교차로 - 교차로안,화물,남,60세,상해없음,화물,남,56세,경상
2013043000100238,2013년 4월 30일 12시,화요일,전라북도 완주군 삼례읍,중상사고,0,1,0,0,차대사람 - 기타,안전운전불이행,건조,맑음,기타 - 기타,승합,남,48세,상해없음,보행자,여,23세,중상
2013043000100263,2013년 4월 30일 13시,화요일,전라북도 정읍시 영파동,중상사고,0,1,0,0,차량단독 - 기타,안전운전불이행,건조,맑음,교차로 - 교차로안,이륜,남,80세,중상,,,,
2013043000100264,2013년 4월 30일 13시,화요일,전라북도 김제시 신풍동,중상사고,0,1,0,0,차대사람 - 횡단중,안전운전불이행,건조,맑음,교차로 - 교차로부근,화물,남,49세,상해없음,보행자,남,78세,중상
2013043000100289,2013년 4월 30일 14시,화요일,전라북도 전주시 덕진구 인후동2가,경상사고,0,0,3,0,차대차 - 기타,안전운전불이행,건조,맑음,교차로 - 교차로부근,건설기계,남,31세,상해없음,승합,남,40세,경상
2013043000100290,2013년 4월 30일 14시,화요일,전라북도 익산시 동산동,경상사고,0,0,1,0,차대사람 - 횡단중,안전운전불이행,건조,맑음,교차로 - 교차로안,화물,여,52세,상해없음,보행자,여,13세,경상
2013043000100291,2013년 4월 30일 14시,화요일,전라북도 정읍시 감곡면,중상사고,0,1,0,0,차대차 - 추돌 - 진행중,기타,건조,맑음,교차로 - 교차로안,승합,남,49세,상해없음,이륜,남,79세,중상
2013043000100292,2013년 4월 30일 14시,화요일,전라북도 완주군 봉동읍,경상사고,0,0,3,0,차대차 - 측면직각충돌,안전운전불이행,건조,맑음,교차로 - 교차로부근,승용,남,77세,상해없음,승용,여,28세,경상
2013043000100323,2013년 4월 30일 15시,화요일,전라북도 전주시 완산구 고사동,경상사고,0,0,1,0,차대차 - 추돌 - 진행중,안전운전불이행,건조,맑음,단일로 - 기타,승용,남,18세,상해없음,자전거,남,84세,경상
2013043000100364,2013년 4월 30일 16시,화요일,전라북도 전주시 덕진구 우아동3가,경상사고,0,0,1,0,차대사람 - 횡단중,안전운전불이행,건조,맑음,단일로 - 기타,승용,남,34세,상해없음,보행자,남,13세,경상
2013043000100365,2013년 4월 30일 16시,화요일,전라북도 진안군 진안읍,경상사고,0,0,1,0,차대차 - 기타,안전운전불이행,건조,맑음,단일로 - 기타,승용,남,58세,상해없음,자전거,여,64세,경상
2013043000100397,2013년 4월 30일 17시,화요일,전라북도 전주시 덕진구 금암동,중상사고,0,1,0,0,차대사람 - 기타,기타,건조,맑음,단일로 - 기타,승합,남,50세,상해없음,보행자,여,60세,중상
2013043000100398,2013년 4월 30일 17시,화요일,전라북도 군산시 나운동,경상사고,0,0,1,0,차대차 - 측면직각충돌,안전운전불이행,건조,맑음,교차로 - 교차로안,승용,남,58세,상해없음,승용,남,33세,경상
2013043000100399,2013년 4월 30일 17시,화요일,전라북도 군산시 수송동,경상사고,0,0,1,0,차대차 - 측면직각충돌,중앙선침범,건조,맑음,교차로 - 교차로부근,승용,여,65세,상해없음,원동기,남,22세,경상
2013043000100400,2013년 4월 30일 17시,화요일,전라북도 익산시 부송동,경상사고,0,0,1,0,차대차 - 측면직각충돌,안전운전불이행,건조,맑음,교차로 - 교차로안,승용,남,45세,상해없음,자전거,여,57세,경상
2013043000100436,2013년 4월 30일 18시,화요일,전라북도 전주시 완산구 서신동,중상사고,0,1,0,0,차대사람 - 횡단중,보행자보호의무위반,건조,맑음,단일로 - 횡단보도상,승용,남,44세,상해없음,보행자,여,62세,중상
2013043000100437,2013년 4월 30일 18시,화요일,전라북도 군산시 성산면,중상사고,0,1,0,0,차대차 - 측면직각충돌,과속,건조,맑음,단일로 - 횡단보도상,승용,남,27세,상해없음,자전거,남,31세,중상
2013043000100438,2013년 4월 30일 18시,화요일,전라북도 익산시 남중동,경상사고,0,0,2,0,차대차 - 추돌 - 진행중,안전운전불이행,건조,맑음,단일로 - 기타,승용,남,49세,상해없음,승용,남,64세,경상
2013043000100439,2013년 4월 30일 18시,화요일,전라북도 남원시 주생면,경상사고,0,0,1,0,차대차 - 기타,중앙선침범,건조,맑음,단일로 - 기타,농기계,남,67세,상해없음,화물,남,31세,경상
2013043000100440,2013년 4월 30일 18시,화요일,전라북도 남원시 금동,경상사고,0,0,4,0,차대차 - 측면직각충돌,직진우회전진행방해,건조,맑음,교차로 - 교차로안,승용,남,53세,상해없음,승용,여,54세,경상
2013043000100441,2013년 4월 30일 18시,화요일,전라북도 남원시 운봉읍,경상사고,0,0,2,0,차대차 - 추돌 - 진행중,안전운전불이행,건조,맑음,단일로 - 기타,승용,남,52세,상해없음,승용,남,39세,경상
2013043000100442,2013년 4월 30일 18시,화요일,전라북도 완주군 삼례읍,경상사고,0,0,1,0,차대차 - 추돌 - 진행중,안전운전불이행,건조,맑음,교차로 - 교차로부근,화물,남,50세,상해없음,승용,남,39세,경상
2013043000100478,2013년 4월 30일 19시,화요일,전라북도 익산시 목천동,경상사고,0,0,1,0,차대차 - 추돌 - 진행중,안전운전불이행,건조,맑음,단일로 - 기타,승용,여,26세,상해없음,자전거,남,43세,경상
2013043000100546,2013년 4월 30일 21시,화요일,전라북도 전주시 완산구 다가동4가,경상사고,0,0,1,0,차대차 - 측면직각충돌,신호위반,건조,맑음,교차로 - 교차로안,승용,여,35세,상해없음,승용,남,24세,경상
2013043000100547,2013년 4월 30일 21시,화요일,전라북도 군산시 지곡동,경상사고,0,0,1,0,차대차 - 기타,차로위반,건조,맑음,교차로 - 교차로안,승용,남,44세,상해없음,승용,여,50세,경상
2013043000100580,2013년 4월 30일 22시,화요일,전라북도 전주시 완산구 효자동3가,경상사고,0,0,1,0,차대차 - 기타,안전거리미확보,건조,맑음,단일로 - 기타,승용,남,32세,상해없음,승용,남,40세,상해없음
2013043000100581,2013년 4월 30일 22시,화요일,전라북도 전주시 덕진구 인후동1가,경상사고,0,0,1,0,차대차 - 기타,안전운전불이행,건조,맑음,단일로 - 횡단보도부근,기타불명,기타불명,기타불명,기타불명,승용,여,43세,경상
2013043000100615,2013년 4월 30일 23시,화요일,전라북도 남원시 쌍교동,중상사고,0,1,1,0,차대사람 - 횡단중,보행자보호의무위반,건조,맑음,교차로 - 교차로부근,승용,남,22세,상해없음,보행자,여,25세,중상
2013043000100616,2013년 4월 30일 23시,화요일,전라북도 부안군 변산면,중상사고,0,1,0,0,차대사람 - 차도통행중,안전운전불이행,건조,맑음,교차로 - 교차로부근,승용,남,37세,상해없음,보행자,남,55세,중상
2013050100100091,2013년 5월 1일 04시,수요일,전라북도 전주시 덕진구 진북동,중상사고,0,1,0,0,차대사람 - 횡단중,신호위반,건조,맑음,교차로 - 교차로안,승용,남,71세,상해없음,보행자,여,79세,중상
2013050100100118,2013년 5월 1일 06시,수요일,전라북도 익산시 신용동,중상사고,0,1,0,0,차대차 - 추돌 - 주정차중,안전운전불이행,건조,맑음,단일로 - 기타,승용,남,30세,상해없음,이륜,남,70세,중상
2013050100100137,2013년 5월 1일 07시,수요일,전라북도 익산시 왕궁면,경상사고,0,0,1,0,차대차 - 기타,안전거리미확보,건조,맑음,교차로 - 교차로안,승용,남,71세,상해없음,승용,남,44세,경상
2013050100100161,2013년 5월 1일 08시,수요일,전라북도 익산시 모현동1가,부상신고사고,0,0,0,1,차대사람 - 기타,안전운전불이행,건조,맑음,단일로 - 기타,기타불명,기타불명,기타불명,기타불명,보행자,남,7세,부상신고
2013050100100162,2013년 5월 1일 08시,수요일,전라북도 익산시 모현동1가,경상사고,0,0,1,0,차대차 - 측면직각충돌,안전운전불이행,건조,맑음,단일로 - 기타,승용,여,34세,상해없음,자전거,여,57세,경상
2013050100100192,2013년 5월 1일 09시,수요일,전라북도 전주시 덕진구 인후동2가,중상사고,0,1,0,0,차대차 - 측면직각충돌,안전운전불이행,건조,맑음,교차로 - 교차로안,승용,여,33세,상해없음,자전거,여,61세,중상
2013050100100193,2013년 5월 1일 09시,수요일,전라북도 김제시 백산면,사망사고,1,0,0,0,차대차 - 기타,중앙선침범,건조,맑음,단일로 - 기타,이륜,남,77세,사망,화물,남,71세,상해없음
2013050100100264,2013년 5월 1일 12시,수요일,전라북도 전주시 덕진구 덕진동1가,중상사고,0,1,0,0,차대차 - 측면직각충돌,신호위반,건조,맑음,교차로 - 교차로안,화물,남,53세,상해없음,승용,남,71세,중상
2013050100100286,2013년 5월 1일 13시,수요일,전라북도 전주시 덕진구 팔복동1가,경상사고,0,0,4,0,차대차 - 측면직각충돌,신호위반,건조,맑음,교차로 - 교차로안,승용,남,33세,상해없음,승용,여,33세,경상
2013050100100287,2013년 5월 1일 13시,수요일,전라북도 부안군 동진면,경상사고,0,0,4,0,차대차 - 측면직각충돌,신호위반,건조,맑음,교차로 - 교차로안,승용,남,63세,경상,승용,남,32세,경상
2013050100100336,2013년 5월 1일 15시,수요일,전라북도 군산시 나운동,경상사고,0,0,1,0,차대차 - 측면직각충돌,안전운전불이행,건조,맑음,단일로 - 기타,승용,여,61세,상해없음,자전거,남,85세,경상
2013050100100337,2013년 5월 1일 15시,수요일,전라북도 익산시 남중동,경상사고,0,0,1,0,차대사람 - 횡단중,보행자보호의무위반,건조,맑음,단일로 - 횡단보도상,승용,남,68세,상해없음,보행자,여,67세,경상
2013050100100374,2013년 5월 1일 16시,수요일,전라북도 전주시 완산구 경원동1가,경상사고,0,0,1,0,차대사람 - 횡단중,보행자보호의무위반,건조,맑음,단일로 - 횡단보도상,승용,여,41세,상해없음,보행자,남,6세,경상
2013050100100375,2013년 5월 1일 16시,수요일,전라북도 전주시 완산구 효자동1가,경상사고,0,0,3,0,차대차 - 측면직각충돌,신호위반,건조,맑음,교차로 - 교차로안,승용,남,19세,경상,승용,남,37세,경상
2013050100100416,2013년 5월 1일 17시,수요일,전라북도 전주시 완산구 고사동,중상사고,0,1,0,0,차대사람 - 차도통행중,안전운전불이행,건조,맑음,단일로 - 기타,승용,여,27세,상해없음,보행자,여,81세,중상
2013050100100417,2013년 5월 1일 17시,수요일,전라북도 전주시 완산구 효자동1가,경상사고,0,0,1,0,차대사람 - 기타,안전운전불이행,건조,맑음,단일로 - 기타,승용,여,47세,상해없음,보행자,여,5세,경상
2013050100100455,2013년 5월 1일 18시,수요일,전라북도 무주군 무풍면,중상사고,0,2,0,0,차대사람 - 길가장자리구역통행중,안전운전불이행,건조,흐림,단일로 - 기타,승용,남,42세,상해없음,보행자,남,36세,중상
2013050100100487,2013년 5월 1일 19시,수요일,전라북도 전주시 완산구 효자동3가,중상사고,0,1,0,0,차대차 - 측면직각충돌,교차로운행방법위반,건조,맑음,교차로 - 교차로안,승용,남,36세,상해없음,화물,남,55세,중상
2013050200100012,2013년 5월 2일 01시,목요일,전라북도 전주시 완산구 중화산동2가,경상사고,0,0,5,0,차대차 - 측면직각충돌,직진우회전진행방해,건조,맑음,교차로 - 교차로안,승용,남,40세,상해없음,승용,남,27세,경상
2013050200100070,2013년 5월 2일 07시,목요일,전라북도 무주군 설천면,중상사고,0,1,0,0,차대차 - 정면충돌,중앙선침범,건조,맑음,단일로 - 기타,승용,남,19세,상해없음,승용,여,43세,중상
2013050200100148,2013년 5월 2일 09시,목요일,전라북도 익산시 신용동,경상사고,0,0,1,0,차대차 - 추돌 - 주정차중,안전운전불이행,건조,맑음,기타 - 기타,승용,남,62세,상해없음,승용,남,32세,경상
2013050200100149,2013년 5월 2일 09시,목요일,전라북도 정읍시 수성동,경상사고,0,0,1,0,차대차 - 측면직각충돌,신호위반,건조,맑음,교차로 - 교차로안,승용,남,77세,상해없음,승용,여,49세,경상
2013050200100150,2013년 5월 2일 09시,목요일,전라북도 김제시 신풍동,중상사고,0,1,0,0,차대차 - 측면직각충돌,신호위반,건조,맑음,교차로 - 교차로안,화물,남,65세,상해없음,승용,남,53세,중상
2013050200100175,2013년 5월 2일 10시,목요일,전라북도 전주시 완산구 중노송동,경상사고,0,0,1,0,차대차 - 추돌 - 진행중,안전거리미확보,건조,맑음,단일로 - 기타,승용,남,56세,상해없음,승용,남,63세,상해없음
2013050200100176,2013년 5월 2일 10시,목요일,전라북도 익산시 덕기동,경상사고,0,0,1,0,차대차 - 추돌 - 주정차중,안전거리미확보,건조,맑음,교차로 - 교차로부근,화물,남,51세,상해없음,승용,남,67세,경상
2013050200100200,2013년 5월 2일 11시,목요일,전라북도 익산시 오산면,경상사고,0,0,1,0,차대차 - 추돌 - 진행중,안전운전불이행,건조,맑음,단일로 - 기타,화물,남,50세,기타불명,승용,여,51세,경상
2013050200100218,2013년 5월 2일 12시,목요일,전라북도 군산시 삼학동,경상사고,0,0,1,0,차대사람 - 횡단중,불법유턴,건조,맑음,단일로 - 횡단보도부근,승용,남,51세,상해없음,보행자,남,64세,경상
2013050200100219,2013년 5월 2일 12시,목요일,전라북도 익산시 목천동,경상사고,0,0,2,0,차대차 - 정면충돌,중앙선침범,건조,맑음,교차로 - 교차로부근,화물,남,52세,기타불명,화물,남,61세,경상
2013050200100244,2013년 5월 2일 13시,목요일,전라북도 군산시 신관동,중상사고,0,1,3,0,차대차 - 측면직각충돌,안전운전불이행,건조,맑음,교차로 - 교차로안,승용,여,45세,경상,승합,남,26세,경상
2013050200100283,2013년 5월 2일 14시,목요일,전라북도 전주시 덕진구 송천동2가,경상사고,0,0,1,0,차대차 - 추돌 - 진행중,차로위반,건조,맑음,단일로 - 기타,승용,여,36세,경상,승용,남,43세,상해없음
2013050200100284,2013년 5월 2일 14시,목요일,전라북도 전주시 덕진구 송천동1가,경상사고,0,0,1,0,차대차 - 추돌 - 주정차중,안전운전불이행,건조,맑음,교차로 - 교차로부근,승용,여,22세,상해없음,승용,여,47세,경상
2013050200100285,2013년 5월 2일 14시,목요일,전라북도 익산시 동산동,경상사고,0,0,1,0,차대차 - 측면직각충돌,신호위반,건조,맑음,교차로 - 교차로안,승용,여,35세,기타불명,승용,남,36세,경상
2013050200100307,2013년 5월 2일 15시,목요일,전라북도 남원시 도통동,중상사고,0,1,1,0,차대차 - 측면직각충돌,신호위반,건조,맑음,교차로 - 교차로안,화물,남,56세,상해없음,승용,여,42세,경상
2013050200100373,2013년 5월 2일 17시,목요일,전라북도 전주시 완산구 효자동3가,경상사고,0,0,3,0,차대차 - 정면충돌,안전운전불이행,건조,맑음,교차로 - 교차로안,승용,남,52세,상해없음,승용,남,38세,경상
2013050200100374,2013년 5월 2일 17시,목요일,전라북도 군산시 중앙로2가,중상사고,0,1,0,0,차대사람 - 횡단중,보행자보호의무위반,건조,맑음,단일로 - 횡단보도상,승용,여,56세,상해없음,보행자,여,63세,중상
2013050200100375,2013년 5월 2일 17시,목요일,전라북도 익산시 영등동,경상사고,0,0,1,0,차대사람 - 기타,기타,건조,맑음,교차로 - 교차로부근,자전거,남,9세,상해없음,보행자,여,48세,경상
2013050200100414,2013년 5월 2일 18시,목요일,전라북도 전주시 덕진구 덕진동2가,중상사고,0,1,0,0,차대사람 - 횡단중,안전운전불이행,건조,맑음,단일로 - 기타,승용,여,21세,상해없음,보행자,여,58세,중상
2013050200100415,2013년 5월 2일 18시,목요일,전라북도 익산시 함열읍,중상사고,0,1,0,0,차대차 - 측면직각충돌,안전운전불이행,건조,맑음,교차로 - 교차로안,승용,남,65세,상해없음,자전거,여,50세,중상
2013050200100416,2013년 5월 2일 18시,목요일,전라북도 익산시 용제동,경상사고,0,0,1,0,차대차 - 측면직각충돌,직진우회전진행방해,건조,맑음,교차로 - 교차로안,특수,남,40세,상해없음,승용,여,32세,경상
2013050200100453,2013년 5월 2일 19시,목요일,전라북도 군산시 경장동,경상사고,0,0,1,0,차대차 - 측면직각충돌,중앙선침범,건조,맑음,단일로 - 기타,원동기,남,55세,상해없음,승용,남,48세,경상
2013050200100454,2013년 5월 2일 19시,목요일,전라북도 익산시 중앙동1가,경상사고,0,0,1,0,차대사람 - 기타,보행자보호의무위반,건조,맑음,단일로 - 기타,화물,남,64세,상해없음,보행자,여,51세,경상
2013050200100455,2013년 5월 2일 19시,목요일,전라북도 부안군 변산면,중상사고,0,1,3,0,차대차 - 추돌 - 진행중,안전거리미확보,건조,맑음,단일로 - 기타,승용,남,50세,경상,승합,남,52세,경상
2013050200100521,2013년 5월 2일 21시,목요일,전라북도 김제시 공덕면,경상사고,0,0,5,0,차대차 - 기타,안전거리미확보,건조,맑음,단일로 - 기타,승용,남,19세,상해없음,승용,남,30세,경상
2013050200100561,2013년 5월 2일 22시,목요일,전라북도 전주시 완산구 중화산동2가,경상사고,0,0,2,0,차대차 - 측면직각충돌,교차로운행방법위반,건조,맑음,교차로 - 교차로안,승용,남,38세,상해없음,이륜,여,65세,경상
2013050300100019,2013년 5월 3일 00시,금요일,전라북도 전주시 완산구 고사동,중상사고,0,1,0,0,차대차 - 기타,안전거리미확보,건조,맑음,교차로 - 교차로안,승용,남,66세,상해없음,이륜,남,32세,중상
2013050300100020,2013년 5월 3일 00시,금요일,전라북도 전주시 완산구 효자동3가,경상사고,0,0,1,0,차대차 - 측면직각충돌,중앙선침범,건조,맑음,단일로 - 기타,승합,남,31세,상해없음,이륜,남,30세,경상
2013050300100091,2013년 5월 3일 06시,금요일,전라북도 전주시 완산구 삼천동1가,경상사고,0,0,2,0,차대차 - 기타,안전운전불이행,건조,맑음,교차로 - 교차로안,승용,남,56세,경상,승용,남,28세,경상
2013050300100109,2013년 5월 3일 07시,금요일,전라북도 임실군 관촌면,중상사고,0,1,0,0,차대사람 - 기타,안전운전불이행,건조,맑음,교차로 - 교차로안,승합,남,59세,상해없음,보행자,여,86세,중상
2013050300100184,2013년 5월 3일 09시,금요일,전라북도 정읍시 수성동,경상사고,0,0,2,0,차대차 - 측면직각충돌,직진우회전진행방해,건조,맑음,교차로 - 교차로안,화물,남,55세,상해없음,이륜,남,68세,경상
2013050300100185,2013년 5월 3일 09시,금요일,전라북도 김제시 교동,경상사고,0,0,4,0,차대차 - 측면직각충돌,직진우회전진행방해,건조,맑음,교차로 - 교차로안,승합,남,48세,상해없음,화물,남,64세,상해없음
2013050300100213,2013년 5월 3일 10시,금요일,전라북도 김제시 광활면,경상사고,0,0,2,0,차대차 - 추돌 - 진행중,안전거리미확보,건조,맑음,교차로 - 교차로안,화물,남,41세,상해없음,승용,남,53세,경상
2013050300100239,2013년 5월 3일 11시,금요일,전라북도 군산시 나운동,경상사고,0,0,1,0,차대사람 - 횡단중,신호위반,건조,맑음,교차로 - 교차로안,화물,남,53세,상해없음,보행자,여,74세,경상
2013050300100261,2013년 5월 3일 12시,금요일,전라북도 고창군 성내면,경상사고,0,0,1,0,차대차 - 기타,안전운전불이행,건조,맑음,단일로 - 기타,농기계,남,53세,상해없음,승용,여,29세,경상
2013050300100354,2013년 5월 3일 15시,금요일,전라북도 익산시 영등동,중상사고,0,1,0,0,차대사람 - 횡단중,보행자보호의무위반,건조,맑음,단일로 - 횡단보도상,승용,여,41세,상해없음,보행자,여,7세,중상
2013050300100379,2013년 5월 3일 16시,금요일,전라북도 익산시 함라면,경상사고,0,0,1,0,차대차 - 측면직각충돌,신호위반,건조,맑음,교차로 - 교차로안,승용,남,54세,상해없음,승용,여,36세,경상
2013050300100380,2013년 5월 3일 16시,금요일,전라북도 정읍시 태인면,경상사고,0,0,1,0,차대차 - 추돌 - 주정차중,안전운전불이행,건조,흐림,단일로 - 기타,화물,남,52세,상해없음,화물,여,45세,경상
2013050300100381,2013년 5월 3일 16시,금요일,전라북도 완주군 상관면,경상사고,0,0,1,0,차량단독 - 기타,안전운전불이행,건조,맑음,단일로 - 기타,건설기계,남,47세,상해없음,,,,
2013050300100416,2013년 5월 3일 17시,금요일,전라북도 익산시 부송동,중상사고,0,1,0,0,차대사람 - 횡단중,안전운전불이행,습기,비,교차로 - 교차로안,화물,남,53세,상해없음,보행자,여,34세,중상
2013050300100417,2013년 5월 3일 17시,금요일,전라북도 정읍시 수성동,경상사고,0,0,1,0,차대차 - 측면직각충돌,안전운전불이행,건조,맑음,단일로 - 기타,화물,남,64세,상해없음,자전거,남,11세,경상
2013050300100459,2013년 5월 3일 18시,금요일,전라북도 전주시 완산구 효자동2가,경상사고,0,0,1,0,차대차 - 기타,안전거리미확보,습기,비,단일로 - 횡단보도부근,승용,남,55세,상해없음,승용,남,27세,경상
2013050300100460,2013년 5월 3일 18시,금요일,전라북도 부안군 부안읍,경상사고,0,0,2,0,차대차 - 측면직각충돌,직진우회전진행방해,습기,비,교차로 - 교차로안,승용,여,37세,상해없음,승용,여,30세,경상
2013050300100461,2013년 5월 3일 18시,금요일,전라북도 부안군 부안읍,중상사고,0,1,0,0,차대사람 - 횡단중,과속,습기,비,교차로 - 교차로부근,승합,남,50세,상해없음,보행자,남,11세,중상
2013050300100500,2013년 5월 3일 19시,금요일,전라북도 전주시 완산구 서신동,경상사고,0,0,2,0,차대차 - 측면직각충돌,교차로운행방법위반,습기,비,교차로 - 교차로안,승용,남,32세,상해없음,승용,남,54세,경상
2013050300100501,2013년 5월 3일 19시,금요일,전라북도 전주시 덕진구 덕진동1가,중상사고,0,1,0,0,차대사람 - 횡단중,중앙선침범,습기,비,교차로 - 교차로부근,원동기,남,86세,상해없음,보행자,여,28세,중상
2013050300100502,2013년 5월 3일 19시,금요일,전라북도 전주시 덕진구 송천동1가,경상사고,0,0,3,0,차대차 - 추돌 - 진행중,안전거리미확보,습기,비,단일로 - 기타,승합,남,39세,상해없음,승용,남,36세,경상