사고번호,사고일시,요일,시군구,사고내용,사망자수,중상자수,경상자수,부상신고자수,사고유형,법규위반,노면상태,기상상태,도로형태,가해운전자 차종,가해운전자 성별,가해운전자 연령,가해운전자 상해정도,피해운전자 차종,피해운전자 성별,피해운전자 연령,피해운전자 상해정도
2013050300100503,2013년 5월 3일 19시,금요일,전라북도 군산시 해망동,경상사고,0,0,3,0,차대차 - 추돌 - 진행중,안전운전불이행,습기,비,교차로 - 교차로부근,승용,남,58세,상해없음,화물,여,62세,경상
2013050300100504,2013년 5월 3일 19시,금요일,전라북도 군산시 소룡동,중상사고,0,2,1,0,차대차 - 측면직각충돌,신호위반,습기,비,교차로 - 교차로안,승용,남,47세,중상,승용,남,70세,경상
2013050300100505,2013년 5월 3일 19시,금요일,전라북도 익산시 평화동,경상사고,0,0,3,0,차대차 - 추돌 - 진행중,안전운전불이행,습기,비,교차로 - 교차로부근,화물,남,53세,상해없음,승용,남,61세,경상
2013050300100506,2013년 5월 3일 19시,금요일,전라북도 익산시 마동,경상사고,0,0,4,0,차대차 - 기타,안전운전불이행,습기,비,단일로 - 기타,승용,남,59세,상해없음,승용,여,44세,경상
2013050300100539,2013년 5월 3일 20시,금요일,전라북도 전주시 덕진구 덕진동1가,경상사고,0,0,5,0,차대차 - 측면직각충돌,신호위반,습기,비,교차로 - 교차로안,승용,남,54세,상해없음,승합,여,34세,경상
2013050300100540,2013년 5월 3일 20시,금요일,전라북도 군산시 수송동,중상사고,0,1,8,0,차대차 - 측면직각충돌,직진우회전진행방해,습기,비,교차로 - 교차로안,승용,남,27세,상해없음,승합,남,62세,경상
2013050300100541,2013년 5월 3일 20시,금요일,전라북도 익산시 부송동,경상사고,0,0,1,0,차대차 - 추돌 - 주정차중,안전운전불이행,습기,비,교차로 - 교차로부근,승용,여,32세,상해없음,승용,남,48세,경상
2013050300100633,2013년 5월 3일 22시,금요일,전라북도 전주시 완산구 효자동3가,경상사고,0,0,5,0,차대차 - 기타,신호위반,습기,비,교차로 - 교차로안,승용,여,48세,상해없음,승용,남,47세,경상
2013050300100634,2013년 5월 3일 22시,금요일,전라북도 전주시 덕진구 우아동1가,경상사고,0,0,1,0,차대차 - 추돌 - 진행중,안전운전불이행,건조,맑음,교차로 - 교차로부근,승용,남,36세,상해없음,승용,남,40세,경상
2013050300100675,2013년 5월 3일 23시,금요일,전라북도 익산시 팔봉동,경상사고,0,0,1,0,차대차 - 추돌 - 진행중,안전운전불이행,건조,맑음,단일로 - 기타,승용,남,46세,상해없음,승용,남,39세,경상
2013050400100016,2013년 5월 4일 00시,토요일,전라북도 전주시 덕진구 우아동3가,경상사고,0,0,2,0,차대차 - 측면직각충돌,안전거리미확보,습기,비,단일로 - 기타,승용,남,43세,상해없음,승용,남,44세,경상
2013050400100019,2013년 5월 4일 00시,토요일,전라북도 익산시 왕궁면,경상사고,0,0,1,0,차대차 - 기타,안전운전불이행,습기,비,단일로 - 기타,승용,남,47세,상해없음,승용,남,60세,경상
2013050400100071,2013년 5월 4일 02시,토요일,전라북도 군산시 나운동,경상사고,0,0,3,0,차대차 - 추돌 - 진행중,안전운전불이행,건조,맑음,교차로 - 교차로안,승용,남,60세,상해없음,승용,여,27세,경상
2013050400100078,2013년 5월 4일 03시,토요일,전라북도 익산시 석암동,경상사고,0,0,2,0,차대차 - 추돌 - 주정차중,중앙선침범,건조,맑음,단일로 - 기타,승용,남,24세,상해없음,승용,남,59세,경상
2013050400100114,2013년 5월 4일 06시,토요일,전라북도 군산시 산북동,중상사고,0,1,1,0,차대차 - 측면직각충돌,불법유턴,건조,맑음,교차로 - 교차로안,화물,남,53세,상해없음,이륜,남,75세,경상
2013050400100129,2013년 5월 4일 07시,토요일,전라북도 군산시 미원동,경상사고,0,0,1,0,차대사람 - 횡단중,보행자보호의무위반,건조,맑음,단일로 - 횡단보도상,승용,여,53세,상해없음,보행자,여,73세,경상
2013050400100130,2013년 5월 4일 07시,토요일,전라북도 익산시 오산면,경상사고,0,0,6,0,차대차 - 추돌 - 주정차중,안전운전불이행,건조,맑음,교차로 - 교차로부근,승용,여,40세,상해없음,승용,남,67세,경상
2013050400100131,2013년 5월 4일 07시,토요일,전라북도 익산시 남중동,경상사고,0,0,1,0,차대차 - 측면직각충돌,안전운전불이행,건조,맑음,교차로 - 교차로안,승용,남,61세,상해없음,화물,여,47세,경상
2013050400100189,2013년 5월 4일 10시,토요일,전라북도 익산시 남중동,경상사고,0,0,1,0,차대차 - 추돌 - 진행중,안전운전불이행,건조,맑음,단일로 - 기타,승용,남,29세,상해없음,승용,남,56세,상해없음
2013050400100218,2013년 5월 4일 11시,토요일,전라북도 정읍시 내장동,중상사고,0,2,0,0,차대차 - 측면직각충돌,차로위반,건조,맑음,단일로 - 기타,승용,남,47세,상해없음,승용,남,45세,중상
2013050400100219,2013년 5월 4일 11시,토요일,전라북도 진안군 진안읍,중상사고,0,2,0,0,차대차 - 측면직각충돌,중앙선침범,건조,맑음,단일로 - 기타,이륜,남,17세,중상,승용,남,43세,상해없음
2013050400100247,2013년 5월 4일 12시,토요일,전라북도 전주시 덕진구 금암동,경상사고,0,0,1,0,차대사람 - 보도통행중,기타,건조,맑음,단일로 - 기타,승용,남,55세,상해없음,보행자,여,69세,경상
2013050400100277,2013년 5월 4일 13시,토요일,전라북도 군산시 나운동,중상사고,0,2,0,0,차대차 - 기타,교차로운행방법위반,건조,맑음,교차로 - 교차로부근,승용,남,53세,상해없음,이륜,남,61세,중상
2013050400100357,2013년 5월 4일 15시,토요일,전라북도 전주시 완산구 평화동1가,사망사고,1,0,0,0,차대차 - 측면직각충돌,신호위반,건조,맑음,교차로 - 교차로안,화물,남,42세,사망,승합,남,42세,상해없음
2013050400100358,2013년 5월 4일 15시,토요일,전라북도 완주군 삼례읍,중상사고,0,1,0,0,차대차 - 측면직각충돌,교차로운행방법위반,건조,맑음,교차로 - 교차로안,승용,남,18세,상해없음,자전거,남,78세,중상
2013050400100402,2013년 5월 4일 16시,토요일,전라북도 완주군 봉동읍,중상사고,0,1,0,0,차대차 - 기타,교차로운행방법위반,건조,맑음,교차로 - 교차로안,승용,남,36세,상해없음,자전거,여,44세,중상
2013050400100427,2013년 5월 4일 17시,토요일,전라북도 전주시 덕진구 동산동,경상사고,0,0,1,0,차대사람 - 차도통행중,안전운전불이행,건조,맑음,단일로 - 기타,승용,여,32세,상해없음,보행자,남,39세,경상
2013050400100428,2013년 5월 4일 17시,토요일,전라북도 익산시 왕궁면,경상사고,0,0,2,0,차대차 - 기타,안전운전불이행,건조,맑음,단일로 - 기타,승용,남,53세,상해없음,승용,여,44세,경상
2013050400100429,2013년 5월 4일 17시,토요일,전라북도 김제시 봉남면,경상사고,0,0,1,0,차대차 - 기타,안전운전불이행,건조,맑음,단일로 - 기타,화물,남,67세,상해없음,승용,남,70세,상해없음
2013050400100523,2013년 5월 4일 20시,토요일,전라북도 전주시 완산구 효자동2가,경상사고,0,0,2,0,차대차 - 측면직각충돌,안전운전불이행,건조,맑음,교차로 - 교차로안,화물,남,30세,상해없음,승용,남,29세,경상
2013050400100524,2013년 5월 4일 20시,토요일,전라북도 전주시 덕진구 송천동1가,경상사고,0,0,1,0,차대차 - 측면직각충돌,안전운전불이행,건조,맑음,단일로 - 기타,승용,남,33세,기타불명,승용,남,51세,경상
2013050400100562,2013년 5월 4일 21시,토요일,전라북도 군산시 구암동,경상사고,0,0,1,0,차대차 - 기타,안전운전불이행,건조,맑음,단일로 - 기타,기타불명,기타불명,기타불명,기타불명,원동기,남,19세,경상
2013050400100593,2013년 5월 4일 22시,토요일,전라북도 부안군 진서면,경상사고,0,0,4,0,차대차 - 기타,중앙선침범,건조,맑음,단일로 - 기타,승용,남,43세,상해없음,승용,남,25세,상해없음
2013050400100609,2013년 5월 4일 23시,토요일,전라북도 전주시 덕진구 덕진동1가,중상사고,0,1,0,0,차대차 - 측면직각충돌,기타,건조,맑음,단일로 - 기타,승용,남,51세,상해없음,원동기,남,52세,중상
2013050500100113,2013년 5월 5일 07시,일요일,전라북도 전주시 덕진구 덕진동1가,경상사고,0,0,1,0,차대차 - 측면직각충돌,중앙선침범,건조,맑음,단일로 - 기타,승용,남,21세,상해없음,승용,남,45세,경상
2013050500100143,2013년 5월 5일 09시,일요일,전라북도 남원시 산동면,경상사고,0,0,1,0,차대차 - 기타,안전운전불이행,건조,맑음,단일로 - 기타,원동기,남,16세,기타불명,화물,남,66세,경상
2013050500100159,2013년 5월 5일 10시,일요일,전라북도 전주시 완산구 전동3가,경상사고,0,0,1,0,차대사람 - 기타,안전운전불이행,건조,맑음,단일로 - 기타,기타불명,기타불명,기타불명,기타불명,보행자,남,21세,경상
2013050500100161,2013년 5월 5일 10시,일요일,전라북도 익산시 함열읍,경상사고,0,0,1,0,차대차 - 측면직각충돌,안전운전불이행,건조,맑음,교차로 - 교차로안,화물,남,70세,상해없음,승용,남,26세,경상
2013050500100233,2013년 5월 5일 13시,일요일,전라북도 전주시 완산구 효자동1가,경상사고,0,0,5,0,차대차 - 추돌 - 진행중,안전거리미확보,건조,맑음,단일로 - 기타,승용,남,43세,상해없음,승용,남,56세,경상
2013050500100234,2013년 5월 5일 13시,일요일,전라북도 진안군 부귀면,중상사고,0,2,3,0,차대차 - 측면직각충돌,직진우회전진행방해,건조,맑음,교차로 - 교차로안,승용,남,52세,상해없음,승용,남,38세,중상
2013050500100262,2013년 5월 5일 14시,일요일,전라북도 군산시 옥도면,중상사고,0,1,0,0,차대사람 - 기타,안전운전불이행,건조,맑음,단일로 - 기타,특수,남,73세,상해없음,보행자,여,52세,중상
2013050500100263,2013년 5월 5일 14시,일요일,전라북도 군산시 중앙로1가,경상사고,0,0,1,0,차대사람 - 기타,안전운전불이행,건조,맑음,단일로 - 기타,승용,남,65세,상해없음,보행자,남,83세,경상
2013050500100301,2013년 5월 5일 15시,일요일,전라북도 익산시 부송동,경상사고,0,0,1,0,차대사람 - 횡단중,안전운전불이행,건조,맑음,단일로 - 기타,승용,남,44세,상해없음,보행자,여,53세,경상
2013050500100333,2013년 5월 5일 16시,일요일,전라북도 전주시 덕진구 팔복동1가,경상사고,0,0,3,0,차대차 - 추돌 - 진행중,안전거리미확보,건조,맑음,교차로 - 교차로부근,승용,남,40세,상해없음,승용,남,60세,경상
2013050500100334,2013년 5월 5일 16시,일요일,전라북도 전주시 덕진구 인후동1가,경상사고,0,0,1,0,차대차 - 추돌 - 진행중,안전운전불이행,건조,맑음,단일로 - 기타,승용,여,52세,상해없음,이륜,남,16세,경상
2013050500100335,2013년 5월 5일 16시,일요일,전라북도 전주시 덕진구 여의동,경상사고,0,0,3,0,차대차 - 추돌 - 진행중,안전거리미확보,건조,맑음,단일로 - 기타,승용,남,44세,상해없음,승용,남,37세,경상
2013050500100336,2013년 5월 5일 16시,일요일,전라북도 군산시 비응도동,경상사고,0,0,3,0,차대차 - 추돌 - 진행중,교차로운행방법위반,건조,맑음,교차로 - 교차로안,승용,여,49세,상해없음,승용,남,33세,경상
2013050500100337,2013년 5월 5일 16시,일요일,전라북도 고창군 심원면,중상사고,0,1,1,0,차량단독 - 도로외이탈 - 기타,안전운전불이행,건조,맑음,단일로 - 기타,승용,여,25세,경상,,,,
2013050500100338,2013년 5월 5일 16시,일요일,전라북도 부안군 부안읍,경상사고,0,0,2,0,차대차 - 측면직각충돌,교차로운행방법위반,건조,맑음,교차로 - 교차로안,승용,남,48세,상해없음,승용,남,38세,상해없음
2013050500100379,2013년 5월 5일 17시,일요일,전라북도 정읍시 농소동,중상사고,0,1,3,0,차대차 - 측면직각충돌,신호위반,건조,맑음,교차로 - 교차로안,승용,여,55세,경상,승용,남,52세,경상
2013050500100380,2013년 5월 5일 17시,일요일,전라북도 정읍시 시기동,경상사고,0,0,1,0,차대차 - 측면직각충돌,직진우회전진행방해,건조,맑음,교차로 - 교차로안,승용,남,29세,상해없음,원동기,남,16세,경상
2013050500100381,2013년 5월 5일 17시,일요일,전라북도 고창군 아산면,중상사고,0,1,0,0,차대차 - 정면충돌,중앙선침범,건조,맑음,단일로 - 기타,화물,남,63세,상해없음,승용,여,51세,중상
2013050500100420,2013년 5월 5일 18시,일요일,전라북도 전주시 덕진구 진북동,중상사고,0,1,1,0,차대차 - 추돌 - 주정차중,안전거리미확보,건조,맑음,단일로 - 기타,승용,남,62세,상해없음,승용,남,36세,경상
2013050500100485,2013년 5월 5일 20시,일요일,전라북도 전주시 덕진구 덕진동1가,경상사고,0,0,1,0,차대사람 - 횡단중,보행자보호의무위반,건조,맑음,교차로 - 교차로안,승용,남,61세,상해없음,보행자,여,13세,경상
2013050500100515,2013년 5월 5일 21시,일요일,전라북도 부안군 행안면,중상사고,0,1,0,0,차대차 - 측면직각충돌,교차로운행방법위반,건조,맑음,교차로 - 교차로안,승용,남,54세,상해없음,승용,여,48세,중상
2013050600100027,2013년 5월 6일 01시,월요일,전라북도 익산시 신동,경상사고,0,0,1,0,차대차 - 측면직각충돌,직진우회전진행방해,건조,맑음,교차로 - 교차로안,승용,남,50세,상해없음,승용,남,32세,상해없음
2013050600100073,2013년 5월 6일 07시,월요일,전라북도 익산시 동산동,경상사고,0,0,1,0,차대차 - 측면직각충돌,안전운전불이행,건조,맑음,교차로 - 교차로부근,승용,여,40세,상해없음,자전거,남,11세,경상
2013050600100074,2013년 5월 6일 07시,월요일,전라북도 익산시 남중동,경상사고,0,0,1,0,차대차 - 측면직각충돌,직진우회전진행방해,건조,맑음,교차로 - 교차로안,화물,남,57세,상해없음,승용,남,28세,경상
2013050600100111,2013년 5월 6일 08시,월요일,전라북도 전주시 덕진구 인후동1가,경상사고,0,0,1,0,차대차 - 기타,안전운전불이행,건조,맑음,단일로 - 기타,승용,여,46세,상해없음,원동기,남,17세,경상
2013050600100112,2013년 5월 6일 08시,월요일,전라북도 익산시 함열읍,경상사고,0,0,1,0,차대차 - 추돌 - 진행중,안전거리미확보,건조,맑음,교차로 - 교차로부근,승합,남,51세,상해없음,승용,여,44세,경상
2013050600100113,2013년 5월 6일 08시,월요일,전라북도 익산시 신용동,중상사고,0,1,1,0,차대차 - 측면직각충돌,직진우회전진행방해,건조,맑음,교차로 - 교차로안,승용,여,47세,상해없음,화물,남,34세,경상
2013050600100149,2013년 5월 6일 09시,월요일,전라북도 전주시 덕진구 덕진동2가,중상사고,0,1,0,0,차대차 - 기타,중앙선침범,건조,맑음,단일로 - 기타,화물,남,73세,상해없음,원동기,남,64세,중상
2013050600100150,2013년 5월 6일 09시,월요일,전라북도 순창군 순창읍,중상사고,0,1,0,0,차대차 - 측면직각충돌,안전운전불이행,건조,맑음,단일로 - 기타,승용,남,43세,상해없음,자전거,여,72세,중상
2013050600100151,2013년 5월 6일 09시,월요일,전라북도 완주군 봉동읍,경상사고,0,0,4,0,차대차 - 측면직각충돌,안전거리미확보,건조,맑음,단일로 - 기타,승합,남,52세,상해없음,승용,남,37세,경상
2013050600100190,2013년 5월 6일 11시,월요일,전라북도 전주시 완산구 평화동1가,중상사고,0,1,1,0,차대차 - 기타,안전운전불이행,건조,맑음,단일로 - 기타,승용,여,53세,상해없음,승용,여,56세,경상
2013050600100214,2013년 5월 6일 12시,월요일,전라북도 전주시 완산구 효자동2가,경상사고,0,0,1,0,차대차 - 기타,신호위반,건조,맑음,교차로 - 교차로안,승용,남,19세,상해없음,승용,남,63세,경상
2013050600100248,2013년 5월 6일 13시,월요일,전라북도 전주시 덕진구 송천동1가,경상사고,0,0,3,0,차대차 - 기타,안전운전불이행,건조,맑음,단일로 - 기타,승용,남,28세,상해없음,승용,남,25세,경상
2013050600100303,2013년 5월 6일 15시,월요일,전라북도 전주시 덕진구 진북동,사망사고,1,0,0,0,차대차 - 기타,안전운전불이행,건조,맑음,단일로 - 횡단보도상,승용,여,38세,상해없음,자전거,남,74세,사망
2013050600100345,2013년 5월 6일 16시,월요일,전라북도 전주시 덕진구 금암동,경상사고,0,0,4,0,차대차 - 기타,직진우회전진행방해,건조,맑음,교차로 - 교차로안,특수,남,49세,상해없음,승용,남,44세,경상
2013050600100377,2013년 5월 6일 17시,월요일,전라북도 완주군 봉동읍,중상사고,0,1,0,0,차대차 - 정면충돌,안전운전불이행,건조,맑음,단일로 - 기타,승용,남,58세,상해없음,자전거,남,37세,중상
2013050600100414,2013년 5월 6일 18시,월요일,전라북도 전주시 덕진구 진북동,경상사고,0,0,1,0,차대차 - 기타,안전운전불이행,건조,맑음,교차로 - 교차로안,승용,여,29세,상해없음,승용,여,45세,경상
2013050600100415,2013년 5월 6일 18시,월요일,전라북도 전주시 덕진구 인후동1가,경상사고,0,0,1,0,차대차 - 기타,안전운전불이행,건조,맑음,교차로 - 교차로안,승용,남,44세,상해없음,원동기,남,42세,경상
2013050600100416,2013년 5월 6일 18시,월요일,전라북도 완주군 상관면,경상사고,0,0,1,0,차대차 - 기타,차로위반,건조,맑음,단일로 - 터널,승용,남,30세,상해없음,승용,여,21세,경상
2013050600100445,2013년 5월 6일 19시,월요일,전라북도 전주시 덕진구 진북동,부상신고사고,0,0,0,1,차대차 - 기타,안전운전불이행,건조,맑음,교차로 - 교차로부근,승용,남,24세,상해없음,승용,남,52세,상해없음
2013050600100530,2013년 5월 6일 22시,월요일,전라북도 전주시 완산구 효자동1가,중상사고,0,1,0,0,차대차 - 기타,교차로운행방법위반,건조,맑음,교차로 - 교차로안,승용,여,50세,상해없음,원동기,여,40세,중상
2013050600100560,2013년 5월 6일 23시,월요일,전라북도 전주시 덕진구 진북동,경상사고,0,0,2,0,차대차 - 기타,신호위반,건조,맑음,교차로 - 교차로안,이륜,남,45세,상해없음,승용,여,27세,경상
2013050600100561,2013년 5월 6일 23시,월요일,전라북도 익산시 왕궁면,경상사고,0,0,1,0,차량단독 - 공작물충돌,안전운전불이행,건조,맑음,단일로 - 기타,승용,남,44세,상해없음,,,,
2013050700100161,2013년 5월 7일 09시,화요일,전라북도 군산시 조촌동,경상사고,0,0,1,0,차대차 - 추돌 - 진행중,안전거리미확보,건조,맑음,교차로 - 교차로부근,승합,남,41세,상해없음,승용,여,52세,경상
2013050700100162,2013년 5월 7일 09시,화요일,전라북도 진안군 안천면,경상사고,0,0,1,0,차대차 - 측면직각충돌,안전운전불이행,건조,맑음,교차로 - 교차로안,화물,남,70세,경상,승용,남,27세,상해없음
2013050700100286,2013년 5월 7일 14시,화요일,전라북도 부안군 부안읍,중상사고,0,1,0,0,차대차 - 측면직각충돌,직진우회전진행방해,습기,맑음,교차로 - 교차로안,원동기,남,62세,중상,화물,남,61세,상해없음
2013050700100317,2013년 5월 7일 15시,화요일,전라북도 임실군 삼계면,중상사고,0,1,0,0,차대사람 - 기타,불법유턴,건조,맑음,단일로 - 기타,화물,남,50세,상해없음,보행자,여,76세,중상
2013050700100343,2013년 5월 7일 16시,화요일,전라북도 군산시 소룡동,경상사고,0,0,1,0,차대차 - 추돌 - 주정차중,안전운전불이행,건조,맑음,단일로 - 기타,승용,여,48세,상해없음,승합,남,39세,경상
2013050700100374,2013년 5월 7일 17시,화요일,전라북도 전주시 덕진구 인후동1가,중상사고,0,1,0,0,차대차 - 기타,기타,건조,맑음,교차로 - 교차로안,승용,여,36세,상해없음,자전거,남,72세,중상
2013050700100405,2013년 5월 7일 18시,화요일,전라북도 전주시 완산구 서서학동,경상사고,0,0,1,0,차대차 - 기타,안전운전불이행,건조,맑음,단일로 - 기타,승용,남,41세,상해없음,승용,남,44세,경상
2013050700100406,2013년 5월 7일 18시,화요일,전라북도 군산시 오식도동,경상사고,0,0,1,0,차대차 - 측면직각충돌,신호위반,건조,맑음,단일로 - 기타,승용,남,18세,상해없음,승용,남,24세,경상
2013050700100436,2013년 5월 7일 19시,화요일,전라북도 부안군 보안면,사망사고,1,0,0,0,차량단독 - 전도전복,안전운전불이행,건조,맑음,단일로 - 기타,원동기,남,45세,사망,,,,
2013050700100464,2013년 5월 7일 20시,화요일,전라북도 익산시 함열읍,중상사고,0,1,0,0,차대사람 - 횡단중,안전운전불이행,건조,맑음,단일로 - 기타,승용,남,37세,상해없음,보행자,남,65세,중상
2013050700100491,2013년 5월 7일 21시,화요일,전라북도 익산시 신동,중상사고,0,1,2,0,차대차 - 추돌 - 진행중,안전운전불이행,건조,맑음,교차로 - 교차로부근,승용,남,23세,상해없음,승용,여,50세,중상
2013050700100521,2013년 5월 7일 22시,화요일,전라북도 익산시 영등동,경상사고,0,0,1,0,차대차 - 측면직각충돌,직진우회전진행방해,건조,맑음,교차로 - 교차로안,승용,남,52세,상해없음,승용,남,36세,경상
2013050700100522,2013년 5월 7일 22시,화요일,전라북도 남원시 도통동,경상사고,0,0,2,0,차대차 - 측면직각충돌,안전운전불이행,건조,맑음,교차로 - 교차로안,승용,여,49세,상해없음,이륜,남,17세,경상
2013050800100014,2013년 5월 8일 00시,수요일,전라북도 익산시 어양동,중상사고,0,1,0,0,차대사람 - 횡단중,안전운전불이행,건조,맑음,단일로 - 기타,승용,남,23세,상해없음,보행자,남,31세,중상
2013050800100103,2013년 5월 8일 07시,수요일,전라북도 익산시 송학동,중상사고,0,1,0,0,차대차 - 추돌 - 진행중,안전운전불이행,건조,맑음,단일로 - 기타,승용,여,45세,상해없음,원동기,남,23세,중상
2013050800100104,2013년 5월 8일 07시,수요일,전라북도 익산시 모현동1가,경상사고,0,0,1,0,차대차 - 추돌 - 주정차중,안전운전불이행,건조,맑음,기타 - 기타,승용,남,49세,상해없음,승용,남,28세,경상
2013050800100105,2013년 5월 8일 07시,수요일,전라북도 진안군 진안읍,경상사고,0,0,1,0,차대차 - 추돌 - 주정차중,안전운전불이행,건조,맑음,교차로 - 교차로안,화물,남,63세,상해없음,화물,남,31세,경상
2013050800100137,2013년 5월 8일 08시,수요일,전라북도 전주시 완산구 효자동2가,경상사고,0,0,2,0,차대차 - 추돌 - 주정차중,안전운전불이행,건조,맑음,교차로 - 교차로부근,특수,남,48세,경상,승합,남,65세,경상
2013050800100138,2013년 5월 8일 08시,수요일,전라북도 익산시 신동,경상사고,0,0,2,0,차대차 - 추돌 - 진행중,안전운전불이행,건조,맑음,교차로 - 교차로부근,승합,남,38세,상해없음,승용,여,55세,경상
2013050800100139,2013년 5월 8일 08시,수요일,전라북도 부안군 부안읍,경상사고,0,0,3,0,차대차 - 측면직각충돌,안전운전불이행,건조,맑음,단일로 - 기타,승용,남,68세,상해없음,화물,남,43세,경상
2013050800100179,2013년 5월 8일 09시,수요일,전라북도 전주시 완산구 삼천동1가,경상사고,0,0,1,0,차대차 - 측면직각충돌,신호위반,건조,맑음,교차로 - 교차로안,승용,여,24세,상해없음,승용,여,43세,경상
2013050800100180,2013년 5월 8일 09시,수요일,전라북도 전주시 덕진구 여의동,중상사고,0,1,0,0,차대차 - 측면직각충돌,안전운전불이행,건조,맑음,교차로 - 교차로안,승용,여,56세,상해없음,승용,여,33세,중상
2013050800100208,2013년 5월 8일 10시,수요일,전라북도 진안군 진안읍,중상사고,0,1,1,0,차량단독 - 도로외이탈 - 기타,안전운전불이행,건조,맑음,단일로 - 기타,승용,남,84세,경상,,,,
2013050800100256,2013년 5월 8일 12시,수요일,전라북도 전주시 덕진구 진북동,중상사고,0,1,0,0,차대차 - 측면직각충돌,안전거리미확보,건조,맑음,교차로 - 교차로부근,원동기,남,65세,상해없음,승용,여,51세,상해없음
2013050800100281,2013년 5월 8일 13시,수요일,전라북도 남원시 동충동,경상사고,0,0,1,0,차대차 - 기타,안전운전불이행,건조,맑음,단일로 - 기타,승합,남,69세,상해없음,이륜,남,23세,경상
2013050800100314,2013년 5월 8일 14시,수요일,전라북도 군산시 나운동,경상사고,0,0,1,0,차대차 - 측면직각충돌,직진우회전진행방해,건조,맑음,교차로 - 교차로안,승용,남,28세,상해없음,승용,남,46세,경상
2013050800100315,2013년 5월 8일 14시,수요일,전라북도 익산시 모현동1가,경상사고,0,0,1,0,차대사람 - 횡단중,안전운전불이행,건조,맑음,교차로 - 교차로안,승용,여,34세,상해없음,보행자,여,10세,경상
2013050800100347,2013년 5월 8일 15시,수요일,전라북도 전주시 덕진구 송천동1가,경상사고,0,0,1,0,차대사람 - 길가장자리구역통행중,안전운전불이행,건조,맑음,교차로 - 교차로부근,승용,남,38세,상해없음,보행자,여,13세,경상
2013050800100374,2013년 5월 8일 16시,수요일,전라북도 전주시 완산구 서신동,경상사고,0,0,3,0,차대차 - 측면직각충돌,안전운전불이행,건조,맑음,단일로 - 기타,승용,여,25세,상해없음,승용,남,51세,상해없음
2013050800100375,2013년 5월 8일 16시,수요일,전라북도 군산시 나운동,중상사고,0,1,0,0,차대사람 - 횡단중,안전운전불이행,건조,맑음,교차로 - 교차로안,승용,남,22세,상해없음,보행자,남,7세,중상
2013050800100376,2013년 5월 8일 16시,수요일,전라북도 익산시 목천동,중상사고,0,1,0,0,차량단독 - 전도전복,안전운전불이행,건조,맑음,단일로 - 기타,원동기,남,61세,중상,,,,
2013050800100411,2013년 5월 8일 17시,수요일,전라북도 군산시 나운동,경상사고,0,0,1,0,차대사람 - 횡단중,보행자보호의무위반,건조,맑음,단일로 - 횡단보도상,승용,남,55세,상해없음,보행자,여,8세,경상
2013050800100412,2013년 5월 8일 17시,수요일,전라북도 부안군 부안읍,중상사고,0,1,0,0,차대차 - 측면직각충돌,교차로운행방법위반,건조,맑음,교차로 - 교차로안,승용,남,39세,상해없음,이륜,남,17세,중상
2013050800100461,2013년 5월 8일 18시,수요일,전라북도 고창군 무장면,중상사고,0,1,2,0,차대차 - 측면직각충돌,안전운전불이행,건조,맑음,교차로 - 교차로부근,승용,남,47세,상해없음,화물,남,51세,중상
2013050800100499,2013년 5월 8일 19시,수요일,전라북도 익산시 함열읍,경상사고,0,0,1,0,차대사람 - 횡단중,보행자보호의무위반,건조,맑음,교차로 - 교차로부근,승용,남,49세,상해없음,보행자,남,9세,경상
2013050800100500,2013년 5월 8일 19시,수요일,전라북도 익산시 신동,경상사고,0,0,2,0,차대차 - 추돌 - 진행중,안전운전불이행,건조,맑음,교차로 - 교차로부근,승용,남,65세,상해없음,승용,남,57세,경상
2013050800100501,2013년 5월 8일 19시,수요일,전라북도 익산시 함열읍,경상사고,0,0,1,0,차대차 - 측면직각충돌,신호위반,건조,맑음,교차로 - 교차로안,화물,남,67세,상해없음,승용,여,52세,경상
2013050800100544,2013년 5월 8일 20시,수요일,전라북도 전주시 완산구 태평동,경상사고,0,0,2,0,차대차 - 측면직각충돌,교차로운행방법위반,건조,맑음,교차로 - 교차로안,승용,남,56세,상해없음,승용,남,23세,경상
2013050800100545,2013년 5월 8일 20시,수요일,전라북도 군산시 미장동,경상사고,0,0,3,0,차대차 - 추돌 - 주정차중,안전운전불이행,건조,맑음,교차로 - 교차로부근,승용,남,50세,상해없음,승용,여,37세,경상
2013050800100546,2013년 5월 8일 20시,수요일,전라북도 군산시 경장동,경상사고,0,0,1,0,차대차 - 기타,중앙선침범,건조,맑음,단일로 - 기타,자전거,남,64세,경상,화물,남,44세,상해없음
2013050800100547,2013년 5월 8일 20시,수요일,전라북도 남원시 향교동,경상사고,0,0,2,0,차대차 - 추돌 - 주정차중,안전운전불이행,건조,맑음,단일로 - 기타,화물,남,66세,상해없음,승용,여,41세,경상
2013050800100589,2013년 5월 8일 21시,수요일,전라북도 군산시 나운동,중상사고,0,1,0,0,차대차 - 측면직각충돌,교차로운행방법위반,건조,맑음,교차로 - 교차로안,승용,여,38세,상해없음,승용,여,49세,중상
2013050800100590,2013년 5월 8일 21시,수요일,전라북도 익산시 영등동,경상사고,0,0,1,0,차대차 - 기타,안전운전불이행,건조,맑음,단일로 - 기타,승용,여,39세,상해없음,승용,남,36세,경상
2013050800100622,2013년 5월 8일 22시,수요일,전라북도 전주시 덕진구 팔복동3가,경상사고,0,0,3,0,차대차 - 측면직각충돌,신호위반,건조,맑음,교차로 - 교차로안,승용,남,30세,상해없음,화물,남,48세,경상
2013050800100623,2013년 5월 8일 22시,수요일,전라북도 익산시 마동,경상사고,0,0,1,0,차대차 - 추돌 - 진행중,안전운전불이행,건조,맑음,교차로 - 교차로부근,승용,남,59세,상해없음,승용,여,41세,경상