사고번호,사고일시,요일,시군구,사고내용,사망자수,중상자수,경상자수,부상신고자수,사고유형,법규위반,노면상태,기상상태,도로형태,가해운전자 차종,가해운전자 성별,가해운전자 연령,가해운전자 상해정도,피해운전자 차종,피해운전자 성별,피해운전자 연령,피해운전자 상해정도
2013050800100624,2013년 5월 8일 22시,수요일,전라북도 익산시 부송동,경상사고,0,0,1,0,차량단독 - 기타,기타,건조,맑음,교차로 - 교차로부근,승용,남,52세,상해없음,,,,
2013050800100648,2013년 5월 8일 23시,수요일,전라북도 전주시 완산구 효자동1가,중상사고,0,1,0,0,차대차 - 측면직각충돌,안전거리미확보,건조,맑음,단일로 - 기타,승용,여,46세,상해없음,이륜,남,16세,중상
2013050900100020,2013년 5월 9일 01시,목요일,전라북도 전주시 덕진구 덕진동2가,경상사고,0,0,4,0,차대차 - 추돌 - 주정차중,안전운전불이행,건조,맑음,단일로 - 기타,승용,남,18세,상해없음,승용,남,17세,경상
2013050900100058,2013년 5월 9일 06시,목요일,전라북도 전주시 완산구 효자동2가,중상사고,0,1,0,0,차대차 - 측면직각충돌,신호위반,건조,맑음,교차로 - 교차로안,승용,남,42세,상해없음,승용,남,31세,중상
2013050900100080,2013년 5월 9일 07시,목요일,전라북도 전주시 덕진구 팔복동1가,중상사고,0,1,0,0,차대사람 - 횡단중,보행자보호의무위반,건조,흐림,단일로 - 횡단보도상,승용,남,55세,상해없음,보행자,여,26세,중상
2013050900100081,2013년 5월 9일 07시,목요일,전라북도 고창군 고창읍,중상사고,0,1,0,0,차대차 - 측면직각충돌,신호위반,건조,맑음,교차로 - 교차로안,농기계,남,35세,상해없음,승용,여,42세,중상
2013050900100082,2013년 5월 9일 07시,목요일,전라북도 완주군 용진면,경상사고,0,0,3,0,차대차 - 기타,신호위반,건조,맑음,교차로 - 교차로안,승용,남,23세,상해없음,승용,여,34세,경상
2013050900100103,2013년 5월 9일 08시,목요일,전라북도 익산시 신동,경상사고,0,0,1,0,차대차 - 추돌 - 진행중,안전거리미확보,건조,맑음,교차로 - 교차로부근,화물,남,54세,상해없음,승용,남,31세,경상
2013050900100149,2013년 5월 9일 09시,목요일,전라북도 정읍시 농소동,경상사고,0,0,2,0,차대차 - 측면직각충돌,안전거리미확보,건조,흐림,단일로 - 기타,승용,남,42세,상해없음,승용,남,48세,경상
2013050900100171,2013년 5월 9일 10시,목요일,전라북도 부안군 부안읍,경상사고,0,0,1,0,차대사람 - 기타,불법유턴,건조,맑음,기타 - 기타,승용,여,51세,상해없음,보행자,남,74세,경상
2013050900100194,2013년 5월 9일 11시,목요일,전라북도 익산시 금마면,경상사고,0,0,1,0,차대차 - 기타,안전운전불이행,건조,맑음,단일로 - 기타,승용,여,47세,상해없음,자전거,남,74세,경상
2013050900100221,2013년 5월 9일 12시,목요일,전라북도 익산시 함라면,경상사고,0,0,3,0,차대차 - 측면직각충돌,직진우회전진행방해,습기,흐림,교차로 - 교차로안,승용,남,53세,상해없음,승용,남,52세,경상
2013050900100222,2013년 5월 9일 12시,목요일,전라북도 남원시 운봉읍,경상사고,0,0,1,0,차대차 - 정면충돌,중앙선침범,건조,맑음,단일로 - 기타,화물,여,48세,상해없음,승용,여,36세,경상
2013050900100223,2013년 5월 9일 12시,목요일,전라북도 임실군 지사면,중상사고,0,1,0,0,차대차 - 측면직각충돌,안전운전불이행,건조,맑음,교차로 - 교차로안,승용,여,44세,상해없음,이륜,여,52세,중상
2013050900100253,2013년 5월 9일 13시,목요일,전라북도 군산시 소룡동,중상사고,0,1,0,0,차대차 - 측면직각충돌,안전운전불이행,건조,맑음,단일로 - 기타,화물,남,72세,상해없음,화물,남,36세,중상
2013050900100286,2013년 5월 9일 14시,목요일,전라북도 김제시 신풍동,경상사고,0,0,2,0,차대차 - 측면직각충돌,직진우회전진행방해,건조,맑음,교차로 - 교차로안,승용,여,49세,상해없음,화물,남,33세,경상
2013050900100310,2013년 5월 9일 15시,목요일,전라북도 군산시 수송동,경상사고,0,0,2,0,차대차 - 측면직각충돌,안전운전불이행,건조,맑음,단일로 - 기타,승용,남,42세,상해없음,승용,여,34세,경상
2013050900100311,2013년 5월 9일 15시,목요일,전라북도 익산시 팔봉동,경상사고,0,0,4,0,차대차 - 기타,신호위반,건조,맑음,교차로 - 교차로안,승용,여,62세,상해없음,승용,여,47세,경상
2013050900100312,2013년 5월 9일 15시,목요일,전라북도 김제시 교동,경상사고,0,0,1,0,차대차 - 측면직각충돌,신호위반,건조,흐림,교차로 - 교차로안,승용,남,50세,상해없음,특수,남,23세,경상
2013050900100313,2013년 5월 9일 15시,목요일,전라북도 고창군 고창읍,중상사고,0,2,0,0,차대차 - 측면직각충돌,직진우회전진행방해,건조,맑음,교차로 - 교차로안,승용,여,36세,상해없음,승용,여,47세,중상
2013050900100342,2013년 5월 9일 16시,목요일,전라북도 군산시 나운동,경상사고,0,0,1,0,차대사람 - 횡단중,보행자보호의무위반,건조,맑음,단일로 - 기타,원동기,남,17세,상해없음,보행자,여,66세,경상
2013050900100375,2013년 5월 9일 17시,목요일,전라북도 전주시 덕진구 진북동,경상사고,0,0,1,0,차대차 - 측면직각충돌,교차로운행방법위반,건조,흐림,교차로 - 교차로안,승용,여,39세,상해없음,승용,남,46세,경상
2013050900100376,2013년 5월 9일 17시,목요일,전라북도 익산시 동산동,경상사고,0,0,1,0,차대사람 - 횡단중,기타,건조,맑음,교차로 - 교차로안,승용,여,38세,상해없음,보행자,남,6세,경상
2013050900100377,2013년 5월 9일 17시,목요일,전라북도 고창군 고창읍,경상사고,0,0,1,0,차대차 - 측면직각충돌,안전운전불이행,습기,비,교차로 - 교차로부근,화물,남,59세,상해없음,자전거,남,8세,경상
2013050900100417,2013년 5월 9일 18시,목요일,전라북도 전주시 완산구 다가동2가,경상사고,0,0,1,0,차대차 - 측면직각충돌,안전거리미확보,건조,흐림,단일로 - 기타,승용,남,61세,상해없음,승용,여,55세,경상
2013050900100418,2013년 5월 9일 18시,목요일,전라북도 전주시 덕진구 산정동,경상사고,0,0,1,0,차대차 - 측면직각충돌,직진우회전진행방해,건조,맑음,교차로 - 교차로안,승용,여,47세,기타불명,승용,남,21세,경상
2013050900100487,2013년 5월 9일 20시,목요일,전라북도 군산시 경암동,경상사고,0,0,1,0,차대사람 - 횡단중,보행자보호의무위반,습기,비,단일로 - 기타,승용,남,51세,상해없음,보행자,남,28세,경상
2013050900100488,2013년 5월 9일 20시,목요일,전라북도 정읍시 시기동,경상사고,0,0,1,0,차대사람 - 횡단중,안전운전불이행,습기,비,교차로 - 교차로안,승용,남,48세,상해없음,보행자,여,48세,경상
2013050900100528,2013년 5월 9일 21시,목요일,전라북도 전주시 덕진구 인후동1가,중상사고,0,1,0,0,차대사람 - 기타,안전운전불이행,습기,비,단일로 - 기타,승용,남,50세,상해없음,보행자,여,46세,중상
2013050900100529,2013년 5월 9일 21시,목요일,전라북도 정읍시 시기동,경상사고,0,0,3,0,차대차 - 측면직각충돌,직진우회전진행방해,습기,비,교차로 - 교차로안,승용,남,57세,상해없음,화물,남,50세,경상
2013050900100652,2013년 5월 9일 23시,목요일,전라북도 전주시 완산구 효자동1가,경상사고,0,0,3,0,차대차 - 측면직각충돌,불법유턴,습기,비,단일로 - 기타,승용,남,58세,경상,승용,여,51세,경상
2013051000100026,2013년 5월 10일 00시,금요일,전라북도 전주시 완산구 효자동1가,경상사고,0,0,1,0,차대사람 - 기타,안전운전불이행,습기,비,단일로 - 기타,승용,남,46세,상해없음,보행자,남,44세,경상
2013051000100027,2013년 5월 10일 00시,금요일,전라북도 전주시 덕진구 덕진동2가,경상사고,0,0,1,0,차대사람 - 횡단중,보행자보호의무위반,습기,비,단일로 - 횡단보도상,승용,남,58세,상해없음,보행자,여,49세,경상
2013051000100028,2013년 5월 10일 00시,금요일,전라북도 군산시 지곡동,경상사고,0,0,1,0,차량단독 - 기타,안전운전불이행,습기,맑음,단일로 - 기타,승용,남,38세,상해없음,,,,
2013051000100029,2013년 5월 10일 00시,금요일,전라북도 정읍시 수성동,경상사고,0,0,1,0,차대사람 - 횡단중,안전운전불이행,습기,비,교차로 - 교차로부근,승용,남,45세,상해없음,보행자,여,51세,경상
2013051000100116,2013년 5월 10일 03시,금요일,전라북도 전주시 덕진구 진북동,중상사고,0,1,1,0,차량단독 - 공작물충돌,안전운전불이행,습기,비,단일로 - 기타,승용,남,27세,중상,,,,
2013051000100117,2013년 5월 10일 03시,금요일,전라북도 군산시 수송동,경상사고,0,0,2,0,차대차 - 추돌 - 주정차중,안전운전불이행,습기,비,교차로 - 교차로부근,승용,남,23세,상해없음,승용,남,47세,경상
2013051000100159,2013년 5월 10일 05시,금요일,전라북도 전주시 완산구 전동,경상사고,0,0,1,0,차대차 - 기타,신호위반,습기,비,단일로 - 기타,승용,여,19세,상해없음,기타불명,여,64세,경상
2013051000100274,2013년 5월 10일 09시,금요일,전라북도 익산시 모현동1가,경상사고,0,0,1,0,차대차 - 측면직각충돌,직진우회전진행방해,습기,비,교차로 - 교차로안,화물,남,48세,상해없음,자전거,남,65세,경상
2013051000100275,2013년 5월 10일 09시,금요일,전라북도 정읍시 수성동,경상사고,0,0,1,0,차대차 - 기타,안전운전불이행,습기,비,교차로 - 교차로부근,승용,여,50세,경상,승용,남,68세,상해없음
2013051000100276,2013년 5월 10일 09시,금요일,전라북도 장수군 천천면,사망사고,2,3,0,0,차량단독 - 공작물충돌,안전운전불이행,습기,흐림,기타 - 기타,화물,남,50세,중상,,,,
2013051000100320,2013년 5월 10일 10시,금요일,전라북도 전주시 완산구 서노송동,중상사고,0,1,0,0,차대사람 - 횡단중,보행자보호의무위반,건조,맑음,단일로 - 횡단보도상,화물,남,43세,상해없음,보행자,남,66세,중상
2013051000100351,2013년 5월 10일 12시,금요일,전라북도 익산시 오산면,중상사고,0,1,0,0,차량단독 - 전도전복,안전운전불이행,건조,맑음,단일로 - 기타,승용,남,17세,상해없음,,,,
2013051000100378,2013년 5월 10일 13시,금요일,전라북도 전주시 완산구 서완산동1가,경상사고,0,0,1,0,차대차 - 추돌 - 진행중,안전운전불이행,습기,비,단일로 - 기타,화물,남,61세,상해없음,승용,여,49세,경상
2013051000100379,2013년 5월 10일 13시,금요일,전라북도 전주시 덕진구 진북동,경상사고,0,0,1,0,차대사람 - 차도통행중,안전운전불이행,습기,비,교차로 - 교차로부근,승용,여,47세,상해없음,보행자,여,53세,경상
2013051000100400,2013년 5월 10일 14시,금요일,전라북도 정읍시 쌍암동,중상사고,0,1,0,0,차대사람 - 횡단중,안전운전불이행,습기,흐림,단일로 - 기타,승용,남,41세,상해없음,보행자,남,13세,중상
2013051000100461,2013년 5월 10일 16시,금요일,전라북도 전주시 완산구 효자동1가,경상사고,0,0,2,0,차대차 - 측면직각충돌,신호위반,건조,맑음,교차로 - 교차로안,승용,여,53세,상해없음,승용,남,57세,경상
2013051000100497,2013년 5월 10일 17시,금요일,전라북도 전주시 완산구 효자동1가,경상사고,0,0,1,0,차대차 - 추돌 - 진행중,안전운전불이행,건조,맑음,단일로 - 기타,승용,남,22세,상해없음,승용,여,37세,경상
2013051000100498,2013년 5월 10일 17시,금요일,전라북도 군산시 서수면,중상사고,0,1,0,0,차대사람 - 횡단중,안전운전불이행,건조,맑음,단일로 - 횡단보도부근,화물,남,55세,상해없음,보행자,여,14세,중상
2013051000100499,2013년 5월 10일 17시,금요일,전라북도 군산시 수송동,경상사고,0,0,1,0,차대사람 - 기타,안전운전불이행,건조,맑음,단일로 - 기타,이륜,남,18세,기타불명,보행자,여,14세,경상
2013051000100500,2013년 5월 10일 17시,금요일,전라북도 군산시 미룡동,경상사고,0,0,1,0,차대차 - 추돌 - 주정차중,안전운전불이행,건조,맑음,교차로 - 교차로부근,승용,남,48세,상해없음,승용,여,25세,경상
2013051000100531,2013년 5월 10일 18시,금요일,전라북도 익산시 금마면,경상사고,0,0,2,0,차대차 - 측면직각충돌,중앙선침범,건조,맑음,단일로 - 기타,승용,남,67세,상해없음,승용,여,42세,경상
2013051000100532,2013년 5월 10일 18시,금요일,전라북도 남원시 노암동,경상사고,0,0,1,0,차대차 - 기타,중앙선침범,건조,기타,단일로 - 기타,승용,남,44세,상해없음,승용,남,51세,경상
2013051000100611,2013년 5월 10일 20시,금요일,전라북도 전주시 완산구 효자동1가,중상사고,0,1,0,0,차대사람 - 기타,보행자보호의무위반,건조,맑음,교차로 - 교차로부근,원동기,남,23세,상해없음,보행자,남,61세,중상
2013051000100612,2013년 5월 10일 20시,금요일,전라북도 완주군 삼례읍,경상사고,0,0,3,0,차대차 - 기타,신호위반,건조,맑음,교차로 - 교차로안,승용,여,54세,경상,승용,남,26세,경상
2013051000100677,2013년 5월 10일 22시,금요일,전라북도 정읍시 북면,경상사고,0,0,5,0,차대차 - 정면충돌,중앙선침범,건조,맑음,단일로 - 기타,화물,남,36세,상해없음,승용,남,34세,경상
2013051000100678,2013년 5월 10일 22시,금요일,전라북도 완주군 이서면,중상사고,0,1,5,0,차대차 - 추돌 - 진행중,안전운전불이행,건조,맑음,단일로 - 기타,특수,남,47세,상해없음,승용,남,25세,경상
2013051000100706,2013년 5월 10일 23시,금요일,전라북도 전주시 완산구 효자동3가,중상사고,0,1,0,0,차대차 - 기타,교차로운행방법위반,건조,맑음,교차로 - 교차로안,승용,남,50세,상해없음,승용,여,43세,중상
2013051000100707,2013년 5월 10일 23시,금요일,전라북도 전주시 덕진구 송천동1가,경상사고,0,0,1,0,차대사람 - 기타,안전운전불이행,건조,맑음,교차로 - 교차로부근,승용,여,46세,상해없음,보행자,남,47세,경상
2013051000100708,2013년 5월 10일 23시,금요일,전라북도 전주시 덕진구 우아동2가,경상사고,0,0,1,0,차대차 - 측면직각충돌,중앙선침범,건조,맑음,교차로 - 교차로안,승용,남,56세,상해없음,이륜,남,19세,경상
2013051100100025,2013년 5월 11일 00시,토요일,전라북도 군산시 오식도동,중상사고,0,3,1,0,차대차 - 측면직각충돌,신호위반,건조,맑음,교차로 - 교차로안,승용,남,44세,경상,승용,남,40세,중상
2013051100100092,2013년 5월 11일 03시,토요일,전라북도 익산시 신용동,경상사고,0,0,4,0,차대차 - 측면직각충돌,직진우회전진행방해,건조,맑음,교차로 - 교차로안,승용,남,24세,상해없음,승용,남,21세,경상
2013051100100140,2013년 5월 11일 05시,토요일,전라북도 전주시 완산구 남노송동,중상사고,0,1,0,0,차대사람 - 기타,안전운전불이행,건조,맑음,교차로 - 교차로안,승용,남,40세,상해없음,보행자,여,70세,중상
2013051100100141,2013년 5월 11일 05시,토요일,전라북도 군산시 옥구읍,중상사고,0,1,0,0,차대차 - 추돌 - 주정차중,안전운전불이행,건조,맑음,단일로 - 기타,승용,남,30세,중상,화물,남,51세,상해없음
2013051100100158,2013년 5월 11일 06시,토요일,전라북도 전주시 덕진구 우아동3가,경상사고,0,0,2,0,차대차 - 측면직각충돌,신호위반,건조,맑음,교차로 - 교차로안,승용,남,64세,상해없음,승용,남,43세,경상
2013051100100174,2013년 5월 11일 07시,토요일,전라북도 익산시 금마면,경상사고,0,0,1,0,차대차 - 측면직각충돌,신호위반,건조,맑음,교차로 - 교차로안,승용,남,69세,경상,건설기계,남,39세,상해없음
2013051100100279,2013년 5월 11일 11시,토요일,전라북도 전주시 완산구 중화산동1가,중상사고,0,2,0,0,차대사람 - 횡단중,보행자보호의무위반,건조,맑음,단일로 - 횡단보도상,승용,남,59세,상해없음,보행자,여,55세,중상
2013051100100280,2013년 5월 11일 11시,토요일,전라북도 전주시 덕진구 여의동,중상사고,0,1,0,0,차대사람 - 기타,안전운전불이행,건조,맑음,단일로 - 기타,승용,남,27세,상해없음,보행자,남,5세,중상
2013051100100281,2013년 5월 11일 11시,토요일,전라북도 군산시 나운동,중상사고,0,1,0,0,차대사람 - 차도통행중,안전운전불이행,건조,맑음,단일로 - 기타,승용,남,45세,상해없음,보행자,여,78세,중상
2013051100100282,2013년 5월 11일 11시,토요일,전라북도 군산시 나운동,경상사고,0,0,1,0,차대사람 - 차도통행중,보행자보호의무위반,건조,맑음,교차로 - 교차로안,승용,여,57세,상해없음,보행자,남,11세,경상
2013051100100283,2013년 5월 11일 11시,토요일,전라북도 순창군 구림면,사망사고,1,0,0,0,차량단독 - 전도전복,안전운전불이행,건조,맑음,기타 - 기타,이륜,남,72세,사망,,,,
2013051100100324,2013년 5월 11일 12시,토요일,전라북도 군산시 미룡동,경상사고,0,0,1,0,차대차 - 기타,중앙선침범,건조,맑음,단일로 - 기타,승용,남,33세,상해없음,이륜,남,46세,경상
2013051100100325,2013년 5월 11일 12시,토요일,전라북도 익산시 용제동,경상사고,0,0,1,0,차대차 - 정면충돌,중앙선침범,건조,맑음,교차로 - 교차로부근,화물,남,53세,상해없음,화물,남,30세,경상
2013051100100359,2013년 5월 11일 13시,토요일,전라북도 익산시 팔봉동,경상사고,0,0,2,0,차대차 - 추돌 - 주정차중,안전운전불이행,건조,맑음,교차로 - 교차로부근,승용,여,32세,상해없음,승용,남,30세,경상
2013051100100360,2013년 5월 11일 13시,토요일,전라북도 익산시 영등동,경상사고,0,0,2,0,차대차 - 측면직각충돌,직진우회전진행방해,건조,맑음,교차로 - 교차로안,승용,남,60세,기타불명,승용,남,53세,경상
2013051100100400,2013년 5월 11일 14시,토요일,전라북도 전주시 덕진구 팔복동3가,경상사고,0,0,1,0,차대사람 - 기타,안전운전불이행,건조,맑음,단일로 - 기타,승용,남,29세,상해없음,보행자,남,52세,경상
2013051100100401,2013년 5월 11일 14시,토요일,전라북도 군산시 명산동,경상사고,0,0,1,0,차대사람 - 차도통행중,안전운전불이행,건조,맑음,교차로 - 교차로부근,승용,남,73세,상해없음,보행자,남,13세,경상
2013051100100402,2013년 5월 11일 14시,토요일,전라북도 부안군 부안읍,경상사고,0,0,1,0,차대차 - 측면직각충돌,안전거리미확보,건조,맑음,교차로 - 교차로부근,화물,남,40세,상해없음,승용,남,53세,경상
2013051100100428,2013년 5월 11일 15시,토요일,전라북도 전주시 완산구 평화동1가,중상사고,0,1,0,0,차대사람 - 횡단중,보행자보호의무위반,건조,맑음,단일로 - 횡단보도상,승용,여,56세,상해없음,보행자,남,83세,중상
2013051100100501,2013년 5월 11일 17시,토요일,전라북도 정읍시 상동,경상사고,0,0,2,0,차대차 - 추돌 - 진행중,안전운전불이행,건조,맑음,단일로 - 기타,승용,남,24세,상해없음,승용,여,48세,경상
2013051100100610,2013년 5월 11일 20시,토요일,전라북도 군산시 산북동,경상사고,0,0,1,0,차대사람 - 횡단중,안전운전불이행,건조,맑음,단일로 - 기타,승용,남,23세,상해없음,보행자,남,12세,경상
2013051100100611,2013년 5월 11일 20시,토요일,전라북도 김제시 연정동,중상사고,0,2,6,0,차대차 - 추돌 - 주정차중,안전운전불이행,건조,맑음,단일로 - 기타,승용,남,66세,상해없음,승용,남,31세,중상
2013051100100612,2013년 5월 11일 20시,토요일,전라북도 완주군 봉동읍,사망사고,1,0,0,0,차대사람 - 횡단중,안전운전불이행,건조,맑음,단일로 - 기타,승용,남,25세,상해없음,보행자,남,64세,사망
2013051200100077,2013년 5월 12일 04시,일요일,전라북도 완주군 용진면,사망사고,1,0,0,0,차량단독 - 공작물충돌,안전운전불이행,건조,맑음,교차로 - 교차로부근,화물,남,35세,사망,,,,
2013051200100091,2013년 5월 12일 05시,일요일,전라북도 남원시 동충동,중상사고,0,1,0,0,차대사람 - 기타,안전운전불이행,건조,맑음,교차로 - 교차로안,화물,남,59세,상해없음,보행자,남,70세,중상
2013051200100126,2013년 5월 12일 09시,일요일,전라북도 군산시 수송동,경상사고,0,0,2,0,차대차 - 기타,신호위반,건조,맑음,교차로 - 교차로안,승용,남,62세,상해없음,승용,남,72세,경상
2013051200100145,2013년 5월 12일 10시,일요일,전라북도 군산시 조촌동,경상사고,0,0,2,0,차대차 - 기타,직진우회전진행방해,건조,맑음,교차로 - 교차로안,승용,남,24세,상해없음,승용,여,51세,경상
2013051200100146,2013년 5월 12일 10시,일요일,전라북도 익산시 함라면,경상사고,0,0,1,0,차대차 - 측면직각충돌,안전운전불이행,건조,맑음,교차로 - 교차로안,화물,남,55세,상해없음,승용,남,72세,경상
2013051200100147,2013년 5월 12일 10시,일요일,전라북도 익산시 부송동,경상사고,0,0,1,0,차대차 - 추돌 - 주정차중,안전운전불이행,건조,맑음,교차로 - 교차로안,승용,남,30세,상해없음,승용,남,32세,경상
2013051200100168,2013년 5월 12일 11시,일요일,전라북도 군산시 장재동,사망사고,1,0,0,0,차량단독 - 기타,기타,건조,맑음,단일로 - 기타,승용,남,73세,상해없음,,,,
2013051200100201,2013년 5월 12일 13시,일요일,전라북도 전주시 완산구 전동,사망사고,1,0,0,0,차대사람 - 기타,불법유턴,건조,맑음,단일로 - 기타,승용,남,40세,상해없음,보행자,남,83세,사망
2013051200100202,2013년 5월 12일 13시,일요일,전라북도 군산시 옥도면,경상사고,0,0,2,0,차대차 - 기타,안전거리미확보,건조,맑음,단일로 - 기타,승용,남,51세,상해없음,승용,남,45세,경상
2013051200100203,2013년 5월 12일 13시,일요일,전라북도 고창군 심원면,중상사고,0,6,1,0,차량단독 - 공작물충돌,안전운전불이행,건조,맑음,단일로 - 기타,승합,남,60세,상해없음,,,,
2013051200100230,2013년 5월 12일 14시,일요일,전라북도 부안군 줄포면,중상사고,0,1,0,0,차대사람 - 기타,신호위반,건조,맑음,교차로 - 교차로부근,화물,남,49세,상해없음,보행자,남,4세,중상
2013051200100263,2013년 5월 12일 15시,일요일,전라북도 전주시 완산구 고사동,경상사고,0,0,1,0,차대사람 - 기타,불법유턴,건조,맑음,교차로 - 교차로안,승용,여,54세,상해없음,보행자,여,71세,경상
2013051200100264,2013년 5월 12일 15시,일요일,전라북도 전주시 덕진구 송천동1가,경상사고,0,0,1,0,차대차 - 측면직각충돌,기타,건조,맑음,교차로 - 교차로부근,이륜,남,16세,경상,승합,남,56세,상해없음
2013051200100265,2013년 5월 12일 15시,일요일,전라북도 군산시 나운동,경상사고,0,0,3,0,차대차 - 기타,교차로운행방법위반,건조,맑음,교차로 - 교차로안,승용,여,25세,경상,이륜,남,17세,경상
2013051200100266,2013년 5월 12일 15시,일요일,전라북도 익산시 신흥동,경상사고,0,0,1,0,차대차 - 측면직각충돌,직진우회전진행방해,건조,맑음,교차로 - 교차로안,승용,남,28세,상해없음,자전거,남,54세,경상
2013051200100267,2013년 5월 12일 15시,일요일,전라북도 완주군 봉동읍,경상사고,0,0,3,0,차대차 - 측면직각충돌,직진우회전진행방해,건조,맑음,교차로 - 교차로안,승용,남,59세,상해없음,승용,남,50세,경상
2013051200100298,2013년 5월 12일 16시,일요일,전라북도 전주시 덕진구 호성동1가,경상사고,0,0,3,0,차대차 - 추돌 - 진행중,안전운전불이행,건조,맑음,교차로 - 교차로부근,승용,남,49세,상해없음,승용,여,34세,경상
2013051200100299,2013년 5월 12일 16시,일요일,전라북도 군산시 문화동,경상사고,0,0,1,0,차대사람 - 횡단중,불법유턴,건조,맑음,교차로 - 교차로부근,승용,남,38세,상해없음,보행자,여,72세,경상
2013051200100300,2013년 5월 12일 16시,일요일,전라북도 남원시 산내면,사망사고,1,0,3,0,차대차 - 정면충돌,중앙선침범,건조,맑음,단일로 - 기타,원동기,여,40세,사망,승용,남,47세,상해없음
2013051200100334,2013년 5월 12일 17시,일요일,전라북도 전주시 완산구 서신동,경상사고,0,0,1,0,차대차 - 기타,교차로운행방법위반,건조,맑음,교차로 - 교차로안,승용,남,23세,상해없음,승용,남,69세,상해없음
2013051200100335,2013년 5월 12일 17시,일요일,전라북도 순창군 복흥면,중상사고,0,1,0,0,차대차 - 기타,안전운전불이행,건조,맑음,단일로 - 기타,자전거,남,58세,중상,화물,남,57세,기타불명
2013051200100368,2013년 5월 12일 18시,일요일,전라북도 전주시 덕진구 송천동1가,경상사고,0,0,1,0,차대차 - 기타,신호위반,건조,맑음,교차로 - 교차로안,승용,남,50세,상해없음,자전거,남,45세,경상
2013051200100369,2013년 5월 12일 18시,일요일,전라북도 전주시 덕진구 송천동1가,경상사고,0,0,2,0,차대차 - 추돌 - 진행중,안전거리미확보,건조,맑음,교차로 - 교차로부근,승용,남,58세,상해없음,승용,남,30세,경상
2013051200100370,2013년 5월 12일 18시,일요일,전라북도 익산시 어양동,경상사고,0,0,3,0,차대차 - 측면직각충돌,직진우회전진행방해,건조,맑음,교차로 - 교차로안,승용,남,25세,상해없음,승용,남,41세,경상
2013051200100371,2013년 5월 12일 18시,일요일,전라북도 김제시 백구면,경상사고,0,0,3,0,차대차 - 측면직각충돌,안전거리미확보,건조,맑음,단일로 - 기타,승용,남,44세,상해없음,승용,남,26세,경상
2013051200100411,2013년 5월 12일 19시,일요일,전라북도 전주시 덕진구 덕진동2가,경상사고,0,0,2,0,차대차 - 추돌 - 진행중,안전운전불이행,건조,맑음,교차로 - 교차로부근,승용,남,26세,상해없음,승용,여,38세,경상
2013051200100461,2013년 5월 12일 20시,일요일,전라북도 정읍시 농소동,중상사고,0,1,0,0,차대사람 - 횡단중,안전운전불이행,건조,맑음,기타 - 기타,화물,남,52세,상해없음,보행자,남,55세,중상
2013051200100462,2013년 5월 12일 20시,일요일,전라북도 정읍시 상동,중상사고,0,1,0,0,차대사람 - 횡단중,안전운전불이행,건조,맑음,교차로 - 교차로부근,승용,남,55세,상해없음,보행자,남,29세,중상
2013051200100463,2013년 5월 12일 20시,일요일,전라북도 김제시 백구면,경상사고,0,0,5,0,차대차 - 측면직각충돌,불법유턴,건조,맑음,단일로 - 기타,승용,남,58세,상해없음,승용,남,32세,경상
2013051200100503,2013년 5월 12일 21시,일요일,전라북도 전주시 완산구 색장동,중상사고,0,2,0,0,차대차 - 측면직각충돌,신호위반,건조,맑음,교차로 - 교차로안,승용,여,57세,중상,승용,남,62세,중상
2013051200100504,2013년 5월 12일 21시,일요일,전라북도 전주시 완산구 효자동1가,경상사고,0,0,1,0,차량단독 - 기타,안전운전불이행,건조,맑음,단일로 - 기타,승용,남,39세,상해없음,,,,
2013051200100505,2013년 5월 12일 21시,일요일,전라북도 군산시 수송동,경상사고,0,0,2,0,차대사람 - 차도통행중,안전운전불이행,건조,맑음,교차로 - 교차로안,화물,남,43세,상해없음,보행자,여,16세,경상
2013051200100506,2013년 5월 12일 21시,일요일,전라북도 부안군 행안면,중상사고,0,5,0,0,차대차 - 정면충돌,중앙선침범,건조,맑음,단일로 - 기타,화물,남,60세,중상,화물,남,30세,중상
2013051200100534,2013년 5월 12일 22시,일요일,전라북도 군산시 경암동,중상사고,0,1,0,0,차대차 - 추돌 - 진행중,안전운전불이행,건조,맑음,단일로 - 기타,승용,남,67세,상해없음,자전거,남,58세,중상
2013051200100535,2013년 5월 12일 22시,일요일,전라북도 익산시 영등동,경상사고,0,0,1,0,차대사람 - 기타,안전운전불이행,건조,맑음,단일로 - 기타,원동기,남,28세,상해없음,보행자,남,12세,경상
2013051200100562,2013년 5월 12일 23시,일요일,전라북도 익산시 남중동,중상사고,0,1,0,0,차대사람 - 횡단중,신호위반,건조,맑음,교차로 - 교차로안,승용,남,62세,상해없음,보행자,남,76세,중상
2013051200100563,2013년 5월 12일 23시,일요일,전라북도 완주군 이서면,중상사고,0,1,0,0,차대차 - 기타,안전운전불이행,건조,맑음,단일로 - 기타,승용,남,56세,중상,승용,남,27세,상해없음
2013051300100006,2013년 5월 13일 00시,월요일,전라북도 전주시 덕진구 인후동1가,경상사고,0,0,2,0,차대차 - 측면직각충돌,중앙선침범,건조,맑음,교차로 - 교차로부근,승용,남,37세,상해없음,승용,남,29세,경상
2013051300100020,2013년 5월 13일 02시,월요일,전라북도 전주시 덕진구 반월동,경상사고,0,0,2,0,차대차 - 기타,안전운전불이행,건조,맑음,교차로 - 교차로안,승용,여,15세,상해없음,승용,남,25세,경상
2013051300100101,2013년 5월 13일 08시,월요일,전라북도 군산시 수송동,중상사고,0,1,0,0,차대사람 - 기타,안전운전불이행,건조,맑음,교차로 - 교차로안,승용,여,43세,상해없음,보행자,여,55세,중상