사고번호,사고일시,요일,시군구,사고내용,사망자수,중상자수,경상자수,부상신고자수,사고유형,법규위반,노면상태,기상상태,도로형태,가해운전자 차종,가해운전자 성별,가해운전자 연령,가해운전자 상해정도,피해운전자 차종,피해운전자 성별,피해운전자 연령,피해운전자 상해정도
2013052100100268,2013년 5월 21일 13시,화요일,전라북도 익산시 주현동,경상사고,0,0,1,0,차대차 - 기타,안전운전불이행,건조,맑음,단일로 - 기타,승용,남,35세,상해없음,승용,여,40세,경상
2013052100100366,2013년 5월 21일 16시,화요일,전라북도 전주시 완산구 동서학동,경상사고,0,0,1,0,차대사람 - 기타,안전운전불이행,건조,맑음,교차로 - 교차로안,승용,남,62세,상해없음,보행자,여,4세,경상
2013052100100367,2013년 5월 21일 16시,화요일,전라북도 무주군 부남면,부상신고사고,0,0,0,1,차대차 - 측면직각충돌,안전운전불이행,건조,맑음,단일로 - 기타,농기계,남,70세,부상신고,승용,여,23세,상해없음
2013052100100410,2013년 5월 21일 17시,화요일,전라북도 전주시 덕진구 인후동1가,경상사고,0,0,6,0,차대차 - 측면직각충돌,신호위반,건조,맑음,교차로 - 교차로안,승용,남,37세,상해없음,승합,남,55세,경상
2013052100100411,2013년 5월 21일 17시,화요일,전라북도 익산시 함열읍,경상사고,0,0,1,0,차대차 - 측면직각충돌,직진우회전진행방해,건조,맑음,교차로 - 교차로안,승용,남,48세,상해없음,승용,남,28세,경상
2013052100100412,2013년 5월 21일 17시,화요일,전라북도 정읍시 연지동,경상사고,0,0,1,0,차대차 - 기타,안전운전불이행,건조,맑음,단일로 - 기타,승용,남,44세,상해없음,자전거,남,14세,경상
2013052100100463,2013년 5월 21일 18시,화요일,전라북도 군산시 수송동,경상사고,0,0,1,0,차대차 - 기타,안전운전불이행,건조,맑음,교차로 - 교차로안,자전거,남,57세,경상,승용,남,27세,상해없음
2013052100100502,2013년 5월 21일 19시,화요일,전라북도 전주시 완산구 중노송동,경상사고,0,0,1,0,차대차 - 추돌 - 진행중,차로위반,건조,맑음,단일로 - 기타,승용,여,29세,상해없음,승용,여,53세,경상
2013052100100532,2013년 5월 21일 20시,화요일,전라북도 남원시 금동,중상사고,0,1,0,0,차대차 - 추돌 - 주정차중,안전운전불이행,건조,맑음,단일로 - 기타,승용,여,37세,상해없음,원동기,남,51세,중상
2013052100100533,2013년 5월 21일 20시,화요일,전라북도 완주군 삼례읍,중상사고,0,1,0,0,차대차 - 측면직각충돌,중앙선침범,건조,맑음,교차로 - 교차로안,원동기,남,57세,중상,승합,남,40세,상해없음
2013052100100572,2013년 5월 21일 21시,화요일,전라북도 익산시 삼기면,중상사고,0,1,2,0,차대차 - 기타,안전운전불이행,건조,맑음,교차로 - 교차로안,화물,남,71세,상해없음,승합,남,63세,경상
2013052100100573,2013년 5월 21일 21시,화요일,전라북도 익산시 남중동,경상사고,0,0,1,0,차대차 - 측면직각충돌,안전운전불이행,건조,맑음,교차로 - 교차로부근,승합,남,67세,상해없음,승용,남,43세,경상
2013052100100610,2013년 5월 21일 22시,화요일,전라북도 전주시 완산구 효자동1가,중상사고,0,1,0,0,차대차 - 정면충돌,신호위반,건조,맑음,교차로 - 교차로안,승용,여,48세,상해없음,이륜,남,18세,중상
2013052200100069,2013년 5월 22일 05시,수요일,전라북도 전주시 덕진구 팔복동1가,경상사고,0,0,1,0,차대차 - 측면직각충돌,신호위반,건조,맑음,교차로 - 교차로안,승합,남,64세,상해없음,승합,남,51세,경상
2013052200100136,2013년 5월 22일 08시,수요일,전라북도 군산시 조촌동,사망사고,1,0,0,0,차대사람 - 횡단중,안전운전불이행,건조,맑음,교차로 - 교차로안,화물,남,26세,상해없음,보행자,여,57세,사망
2013052200100137,2013년 5월 22일 08시,수요일,전라북도 군산시 조촌동,경상사고,0,0,1,0,차대차 - 측면직각충돌,신호위반,건조,맑음,교차로 - 교차로안,승용,여,26세,상해없음,승용,남,33세,경상
2013052200100168,2013년 5월 22일 09시,수요일,전라북도 정읍시 입암면,경상사고,0,0,1,0,차대차 - 측면직각충돌,차로위반,건조,맑음,단일로 - 기타,승용,여,49세,상해없음,승용,여,56세,경상
2013052200100204,2013년 5월 22일 10시,수요일,전라북도 전주시 덕진구 우아동1가,경상사고,0,0,1,0,차대차 - 기타,안전운전불이행,건조,맑음,단일로 - 기타,승용,남,58세,상해없음,승용,여,38세,경상
2013052200100255,2013년 5월 22일 12시,수요일,전라북도 익산시 함열읍,경상사고,0,0,3,0,차대차 - 추돌 - 진행중,안전운전불이행,건조,맑음,단일로 - 기타,화물,남,32세,상해없음,승용,남,41세,경상
2013052200100256,2013년 5월 22일 12시,수요일,전라북도 임실군 지사면,중상사고,0,2,0,0,차량단독 - 도로외이탈 - 추락,안전운전불이행,건조,맑음,단일로 - 기타,이륜,남,56세,중상,,,,
2013052200100304,2013년 5월 22일 14시,수요일,전라북도 전주시 완산구 서완산동1가,중상사고,0,1,0,0,차대차 - 기타,안전거리미확보,건조,맑음,단일로 - 기타,승합,남,44세,상해없음,자전거,남,85세,중상
2013052200100305,2013년 5월 22일 14시,수요일,전라북도 익산시 남중동,경상사고,0,0,1,0,차대차 - 추돌 - 진행중,안전운전불이행,건조,맑음,단일로 - 기타,승용,여,58세,상해없음,승합,남,38세,경상
2013052200100306,2013년 5월 22일 14시,수요일,전라북도 남원시 천거동,경상사고,0,0,3,0,차대차 - 측면직각충돌,신호위반,건조,맑음,교차로 - 교차로안,승용,남,75세,상해없음,승용,여,53세,경상
2013052200100348,2013년 5월 22일 15시,수요일,전라북도 임실군 삼계면,중상사고,0,3,0,0,차대차 - 측면직각충돌,중앙선침범,건조,맑음,단일로 - 기타,화물,남,63세,상해없음,화물,남,64세,중상
2013052200100385,2013년 5월 22일 16시,수요일,전라북도 남원시 금지면,경상사고,0,0,1,0,차대차 - 측면직각충돌,안전운전불이행,건조,맑음,교차로 - 교차로부근,승용,남,49세,상해없음,화물,남,65세,경상
2013052200100386,2013년 5월 22일 16시,수요일,전라북도 고창군 대산면,중상사고,0,2,0,0,차대차 - 기타,중앙선침범,건조,맑음,단일로 - 기타,화물,여,50세,상해없음,원동기,남,74세,중상
2013052200100418,2013년 5월 22일 17시,수요일,전라북도 전주시 완산구 삼천동1가,중상사고,0,1,0,0,차대사람 - 기타,안전운전불이행,건조,맑음,단일로 - 기타,기타불명,기타불명,기타불명,기타불명,보행자,남,14세,중상
2013052200100488,2013년 5월 22일 19시,수요일,전라북도 부안군 부안읍,경상사고,0,0,3,0,차대차 - 기타,안전운전불이행,건조,맑음,단일로 - 기타,승용,남,44세,상해없음,승용,남,29세,경상
2013052200100489,2013년 5월 22일 19시,수요일,전라북도 순창군 순창읍,중상사고,0,1,0,0,차량단독 - 공작물충돌,안전운전불이행,건조,맑음,단일로 - 기타,화물,여,52세,중상,,,,
2013052200100524,2013년 5월 22일 20시,수요일,전라북도 김제시 성덕면,경상사고,0,0,2,0,차량단독 - 도로외이탈 - 기타,안전운전불이행,건조,맑음,단일로 - 기타,승용,남,50세,상해없음,,,,
2013052200100525,2013년 5월 22일 20시,수요일,전라북도 김제시 교동,경상사고,0,0,1,0,차대차 - 측면직각충돌,안전운전불이행,건조,맑음,단일로 - 기타,승용,남,18세,상해없음,원동기,남,48세,경상
2013052200100566,2013년 5월 22일 21시,수요일,전라북도 군산시 미룡동,경상사고,0,0,1,0,차대차 - 추돌 - 진행중,안전운전불이행,건조,맑음,교차로 - 교차로부근,화물,남,48세,상해없음,승용,남,40세,경상
2013052200100567,2013년 5월 22일 21시,수요일,전라북도 익산시 중앙동1가,중상사고,0,1,1,0,차대사람 - 보도통행중,안전운전불이행,건조,맑음,단일로 - 기타,승합,남,42세,상해없음,보행자,남,76세,중상
2013052200100568,2013년 5월 22일 21시,수요일,전라북도 익산시 신용동,중상사고,0,1,2,0,차대차 - 추돌 - 진행중,안전운전불이행,건조,맑음,단일로 - 기타,승용,남,74세,상해없음,화물,남,56세,경상
2013052300100097,2013년 5월 23일 07시,목요일,전라북도 군산시 수송동,경상사고,0,0,1,0,차대차 - 측면직각충돌,안전운전불이행,건조,맑음,교차로 - 교차로안,승합,남,56세,상해없음,승용,여,35세,경상
2013052300100098,2013년 5월 23일 07시,목요일,전라북도 익산시 평화동,중상사고,0,1,0,0,차대사람 - 횡단중,보행자보호의무위반,건조,맑음,단일로 - 기타,승용,남,53세,상해없음,보행자,여,21세,중상
2013052300100136,2013년 5월 23일 08시,목요일,전라북도 전주시 덕진구 덕진동1가,경상사고,0,0,1,0,차대차 - 추돌 - 주정차중,안전거리미확보,건조,맑음,단일로 - 기타,승용,남,60세,상해없음,승용,남,28세,경상
2013052300100137,2013년 5월 23일 08시,목요일,전라북도 정읍시 내장동,중상사고,0,1,2,0,차대차 - 정면충돌,중앙선침범,건조,맑음,단일로 - 기타,승용,여,46세,경상,승용,여,31세,중상
2013052300100166,2013년 5월 23일 09시,목요일,전라북도 부안군 줄포면,중상사고,0,1,0,0,차대차 - 측면직각충돌,교차로운행방법위반,건조,맑음,교차로 - 교차로안,승용,여,46세,상해없음,이륜,남,79세,중상
2013052300100167,2013년 5월 23일 09시,목요일,전라북도 임실군 오수면,경상사고,0,0,2,0,차대차 - 기타,안전운전불이행,건조,맑음,단일로 - 기타,화물,남,61세,상해없음,승용,여,32세,경상
2013052300100168,2013년 5월 23일 09시,목요일,전라북도 부안군 부안읍,경상사고,0,0,1,0,차대차 - 추돌 - 진행중,안전운전불이행,건조,맑음,단일로 - 기타,화물,남,50세,기타불명,화물,남,51세,경상
2013052300100209,2013년 5월 23일 11시,목요일,전라북도 익산시 영등동,경상사고,0,0,2,0,차대차 - 추돌 - 주정차중,안전운전불이행,건조,맑음,교차로 - 교차로부근,승용,기타불명,기타불명,기타불명,승용,여,51세,경상
2013052300100247,2013년 5월 23일 12시,목요일,전라북도 진안군 진안읍,중상사고,0,1,2,0,차대차 - 측면직각충돌,불법유턴,건조,맑음,교차로 - 교차로안,건설기계,남,44세,상해없음,승용,여,60세,경상
2013052300100270,2013년 5월 23일 13시,목요일,전라북도 전주시 덕진구 송천동2가,경상사고,0,0,1,0,차대차 - 측면직각충돌,신호위반,건조,맑음,교차로 - 교차로안,승용,남,57세,상해없음,이륜,남,47세,경상
2013052300100411,2013년 5월 23일 17시,목요일,전라북도 군산시 옥산면,경상사고,0,0,1,0,차대차 - 기타,안전운전불이행,건조,맑음,단일로 - 기타,화물,남,46세,상해없음,승용,남,28세,경상
2013052300100412,2013년 5월 23일 17시,목요일,전라북도 익산시 신용동,중상사고,0,1,0,0,차대차 - 측면직각충돌,안전운전불이행,건조,맑음,교차로 - 교차로안,승용,남,22세,상해없음,원동기,남,20세,중상
2013052300100413,2013년 5월 23일 17시,목요일,전라북도 익산시 금강동,경상사고,0,0,1,0,차대차 - 측면직각충돌,신호위반,건조,맑음,교차로 - 교차로안,승용,남,33세,상해없음,승용,여,50세,경상
2013052300100414,2013년 5월 23일 17시,목요일,전라북도 정읍시 상동,경상사고,0,0,2,0,차대차 - 측면직각충돌,안전운전불이행,건조,맑음,단일로 - 기타,화물,남,52세,상해없음,승합,남,45세,상해없음
2013052300100453,2013년 5월 23일 18시,목요일,전라북도 전주시 완산구 서노송동,중상사고,0,1,0,0,차대사람 - 차도통행중,안전운전불이행,건조,맑음,단일로 - 기타,화물,남,58세,상해없음,보행자,여,66세,중상
2013052300100454,2013년 5월 23일 18시,목요일,전라북도 군산시 삼학동,경상사고,0,0,1,0,차대차 - 기타,안전운전불이행,건조,맑음,단일로 - 기타,승용,여,46세,상해없음,승용,기타불명,기타불명,기타불명
2013052300100481,2013년 5월 23일 19시,목요일,전라북도 익산시 남중동,경상사고,0,0,1,0,차대차 - 측면직각충돌,신호위반,건조,맑음,교차로 - 교차로안,승용,여,23세,상해없음,승합,남,41세,경상
2013052300100506,2013년 5월 23일 20시,목요일,전라북도 군산시 나운동,경상사고,0,0,1,0,차대차 - 측면직각충돌,안전운전불이행,건조,맑음,교차로 - 교차로안,이륜,남,20세,상해없음,화물,남,62세,경상
2013052300100537,2013년 5월 23일 21시,목요일,전라북도 익산시 주현동,경상사고,0,0,1,0,차대사람 - 기타,안전운전불이행,건조,맑음,단일로 - 기타,자전거,남,16세,상해없음,보행자,여,25세,경상
2013052300100538,2013년 5월 23일 21시,목요일,전라북도 남원시 하정동,경상사고,0,0,1,0,차대차 - 측면직각충돌,안전운전불이행,건조,맑음,단일로 - 기타,이륜,남,17세,경상,승용,남,23세,상해없음
2013052300100604,2013년 5월 23일 23시,목요일,전라북도 전주시 덕진구 동산동,경상사고,0,0,2,0,차대차 - 측면직각충돌,차로위반,습기,흐림,교차로 - 교차로안,승용,남,35세,상해없음,승용,남,60세,경상
2013052300100605,2013년 5월 23일 23시,목요일,전라북도 익산시 모현동2가,경상사고,0,0,2,0,차대차 - 측면직각충돌,안전운전불이행,건조,맑음,교차로 - 교차로안,승용,여,27세,상해없음,승용,남,45세,경상
2013052400100085,2013년 5월 24일 06시,금요일,전라북도 전주시 덕진구 장동,중상사고,0,1,0,0,차대차 - 측면직각충돌,직진우회전진행방해,건조,맑음,교차로 - 교차로안,승용,남,34세,상해없음,승용,남,57세,중상
2013052400100086,2013년 5월 24일 06시,금요일,전라북도 전주시 덕진구 장동,경상사고,0,0,4,0,차대차 - 기타,안전운전불이행,건조,맑음,단일로 - 기타,승용,남,34세,상해없음,승용,남,42세,상해없음
2013052400100112,2013년 5월 24일 07시,금요일,전라북도 군산시 산북동,경상사고,0,0,2,0,차대차 - 추돌 - 주정차중,안전거리미확보,건조,맑음,단일로 - 기타,화물,남,53세,상해없음,승용,남,32세,경상
2013052400100113,2013년 5월 24일 07시,금요일,전라북도 정읍시 망제동,중상사고,0,1,0,0,차대차 - 정면충돌,중앙선침범,기타,안개,단일로 - 기타,화물,남,51세,상해없음,승용,여,40세,중상
2013052400100114,2013년 5월 24일 07시,금요일,전라북도 완주군 소양면,경상사고,0,0,1,0,차대차 - 추돌 - 진행중,안전운전불이행,건조,맑음,교차로 - 교차로안,승용,여,19세,상해없음,승용,남,55세,경상
2013052400100150,2013년 5월 24일 08시,금요일,전라북도 전주시 덕진구 인후동1가,경상사고,0,0,3,0,차대차 - 측면직각충돌,안전운전불이행,건조,맑음,교차로 - 교차로부근,승용,남,29세,경상,승용,남,36세,경상
2013052400100151,2013년 5월 24일 08시,금요일,전라북도 정읍시 수성동,중상사고,0,1,0,0,차대사람 - 횡단중,보행자보호의무위반,건조,맑음,단일로 - 횡단보도상,승용,남,19세,상해없음,보행자,남,56세,중상
2013052400100183,2013년 5월 24일 09시,금요일,전라북도 전주시 완산구 삼천동1가,경상사고,0,0,1,0,차대차 - 추돌 - 주정차중,안전운전불이행,건조,맑음,단일로 - 기타,승용,남,32세,상해없음,승용,여,25세,경상
2013052400100184,2013년 5월 24일 09시,금요일,전라북도 전주시 덕진구 덕진동2가,경상사고,0,0,1,0,차대사람 - 횡단중,안전운전불이행,건조,맑음,단일로 - 기타,승용,남,56세,상해없음,보행자,여,18세,경상
2013052400100185,2013년 5월 24일 09시,금요일,전라북도 익산시 신흥동,중상사고,0,1,0,0,차대차 - 추돌 - 진행중,안전운전불이행,건조,맑음,단일로 - 기타,화물,남,53세,상해없음,자전거,남,74세,중상
2013052400100209,2013년 5월 24일 10시,금요일,전라북도 군산시 소룡동,경상사고,0,0,2,0,차대차 - 측면직각충돌,신호위반,건조,맑음,교차로 - 교차로안,승용,여,37세,경상,특수,남,43세,경상
2013052400100210,2013년 5월 24일 10시,금요일,전라북도 익산시 남중동,경상사고,0,0,1,0,차대차 - 측면직각충돌,안전거리미확보,건조,맑음,단일로 - 기타,승용,남,74세,상해없음,자전거,남,31세,경상
2013052400100211,2013년 5월 24일 10시,금요일,전라북도 무주군 적상면,부상신고사고,0,0,0,1,차량단독 - 전도전복,안전운전불이행,건조,맑음,단일로 - 기타,승용,여,32세,부상신고,,,,
2013052400100253,2013년 5월 24일 12시,금요일,전라북도 전주시 완산구 효자동1가,경상사고,0,0,2,0,차대차 - 측면직각충돌,신호위반,건조,맑음,교차로 - 교차로안,승용,남,51세,상해없음,승용,남,39세,상해없음
2013052400100254,2013년 5월 24일 12시,금요일,전라북도 부안군 부안읍,중상사고,0,3,1,0,차대차 - 측면직각충돌,직진우회전진행방해,건조,맑음,교차로 - 교차로안,건설기계,남,54세,상해없음,승용,남,71세,중상
2013052400100277,2013년 5월 24일 13시,금요일,전라북도 전주시 완산구 평화동1가,경상사고,0,0,3,0,차대차 - 측면직각충돌,안전운전불이행,건조,맑음,단일로 - 기타,승용,남,46세,상해없음,화물,남,69세,경상
2013052400100325,2013년 5월 24일 15시,금요일,전라북도 정읍시 수성동,중상사고,0,1,0,0,차대차 - 기타,직진우회전진행방해,건조,맑음,교차로 - 교차로안,승용,여,29세,상해없음,자전거,남,78세,중상
2013052400100326,2013년 5월 24일 15시,금요일,전라북도 남원시 운봉읍,경상사고,0,0,2,0,차대차 - 측면직각충돌,직진우회전진행방해,건조,맑음,교차로 - 교차로안,승용,남,34세,상해없음,이륜,남,18세,경상
2013052400100366,2013년 5월 24일 16시,금요일,전라북도 전주시 덕진구 인후동1가,경상사고,0,0,1,0,차대차 - 측면직각충돌,교차로운행방법위반,건조,맑음,교차로 - 교차로안,자전거,여,8세,경상,승용,여,36세,상해없음
2013052400100367,2013년 5월 24일 16시,금요일,전라북도 남원시 향교동,경상사고,0,0,1,0,차대사람 - 기타,안전운전불이행,건조,맑음,단일로 - 기타,승용,남,43세,상해없음,보행자,여,59세,경상
2013052400100467,2013년 5월 24일 18시,금요일,전라북도 군산시 금암동,경상사고,0,0,2,0,차대차 - 측면직각충돌,교차로운행방법위반,건조,맑음,교차로 - 교차로안,승용,남,33세,경상,승용,여,55세,경상
2013052400100468,2013년 5월 24일 18시,금요일,전라북도 익산시 마동,경상사고,0,0,1,0,차대차 - 측면직각충돌,안전운전불이행,건조,맑음,단일로 - 기타,승용,남,31세,상해없음,원동기,남,35세,경상
2013052400100469,2013년 5월 24일 18시,금요일,전라북도 정읍시 상평동,경상사고,0,0,1,0,차대사람 - 횡단중,안전운전불이행,건조,맑음,교차로 - 교차로안,승용,남,31세,상해없음,보행자,여,75세,경상
2013052400100507,2013년 5월 24일 19시,금요일,전라북도 익산시 오산면,경상사고,0,0,2,0,차대차 - 측면직각충돌,신호위반,건조,맑음,교차로 - 교차로안,승용,남,68세,상해없음,승용,남,49세,경상
2013052400100537,2013년 5월 24일 20시,금요일,전라북도 전주시 완산구 중화산동1가,경상사고,0,0,2,0,차대차 - 기타,불법유턴,건조,맑음,단일로 - 기타,승용,남,22세,상해없음,승용,남,43세,상해없음
2013052400100538,2013년 5월 24일 20시,금요일,전라북도 전주시 덕진구 진북동,중상사고,0,1,0,0,차대사람 - 보도통행중,신호위반,건조,맑음,단일로 - 횡단보도상,승용,남,55세,상해없음,보행자,여,22세,중상
2013052400100539,2013년 5월 24일 20시,금요일,전라북도 익산시 함열읍,경상사고,0,0,1,0,차대사람 - 기타,안전운전불이행,건조,맑음,단일로 - 기타,기타불명,기타불명,기타불명,기타불명,보행자,여,33세,경상
2013052400100609,2013년 5월 24일 22시,금요일,전라북도 익산시 망성면,중상사고,0,1,0,0,차량단독 - 공작물충돌,안전운전불이행,건조,맑음,단일로 - 기타,승용,남,50세,상해없음,,,,
2013052400100648,2013년 5월 24일 23시,금요일,전라북도 전주시 완산구 서신동,경상사고,0,0,1,1,차대차 - 기타,안전운전불이행,건조,맑음,교차로 - 교차로안,원동기,남,15세,경상,승용,남,33세,부상신고
2013052500100017,2013년 5월 25일 00시,토요일,전라북도 전주시 완산구 중노송동,경상사고,0,0,1,0,차대차 - 기타,안전운전불이행,건조,맑음,교차로 - 교차로안,자전거,남,50세,경상,승용,남,50세,상해없음
2013052500100044,2013년 5월 25일 01시,토요일,전라북도 전주시 완산구 효자동3가,경상사고,0,0,2,0,차대차 - 측면직각충돌,교차로운행방법위반,건조,맑음,교차로 - 교차로안,승용,남,48세,상해없음,승용,남,58세,상해없음
2013052500100160,2013년 5월 25일 07시,토요일,전라북도 부안군 백산면,부상신고사고,0,0,0,1,차량단독 - 전도전복,안전운전불이행,건조,맑음,단일로 - 기타,원동기,남,67세,부상신고,,,,
2013052500100215,2013년 5월 25일 09시,토요일,전라북도 군산시 선양동,경상사고,0,0,1,0,차대차 - 기타,안전운전불이행,건조,맑음,단일로 - 기타,승용,여,46세,상해없음,자전거,남,73세,경상
2013052500100216,2013년 5월 25일 09시,토요일,전라북도 익산시 함열읍,중상사고,0,1,1,0,차대차 - 측면직각충돌,안전운전불이행,건조,맑음,교차로 - 교차로안,이륜,남,72세,중상,승용,남,75세,경상
2013052500100217,2013년 5월 25일 09시,토요일,전라북도 남원시 주생면,경상사고,0,0,1,0,차대차 - 측면직각충돌,직진우회전진행방해,건조,맑음,교차로 - 교차로안,농기계,남,77세,경상,승용,남,52세,상해없음
2013052500100250,2013년 5월 25일 10시,토요일,전라북도 전주시 덕진구 우아동1가,경상사고,0,0,2,0,차대차 - 측면직각충돌,안전운전불이행,건조,맑음,교차로 - 교차로안,승용,남,79세,상해없음,승용,여,57세,경상
2013052500100251,2013년 5월 25일 10시,토요일,전라북도 군산시 수송동,경상사고,0,0,2,0,차대차 - 기타,보행자보호의무위반,건조,맑음,교차로 - 교차로부근,승용,여,25세,상해없음,자전거,남,7세,경상
2013052500100252,2013년 5월 25일 10시,토요일,전라북도 익산시 금강동,경상사고,0,0,2,0,차대차 - 기타,안전운전불이행,건조,맑음,단일로 - 기타,건설기계,남,56세,상해없음,화물,여,55세,경상
2013052500100253,2013년 5월 25일 10시,토요일,전라북도 익산시 신동,경상사고,0,0,2,0,차대차 - 추돌 - 진행중,안전거리미확보,건조,맑음,단일로 - 기타,화물,남,58세,상해없음,승용,여,40세,경상
2013052500100254,2013년 5월 25일 10시,토요일,전라북도 부안군 백산면,경상사고,0,0,1,0,차대차 - 측면직각충돌,안전거리미확보,건조,맑음,교차로 - 교차로부근,화물,남,51세,경상,화물,남,59세,상해없음
2013052500100283,2013년 5월 25일 11시,토요일,전라북도 군산시 경암동,경상사고,0,0,2,0,차대차 - 추돌 - 진행중,안전거리미확보,건조,맑음,교차로 - 교차로부근,원동기,남,75세,경상,승용,남,57세,상해없음
2013052500100284,2013년 5월 25일 11시,토요일,전라북도 부안군 줄포면,경상사고,0,0,2,0,차대차 - 측면직각충돌,안전운전불이행,건조,맑음,교차로 - 교차로안,원동기,남,75세,경상,원동기,남,60세,경상
2013052500100318,2013년 5월 25일 12시,토요일,전라북도 장수군 계남면,중상사고,0,1,7,0,차량단독 - 기타,안전운전불이행,건조,맑음,기타 - 기타,승용,남,21세,상해없음,,,,
2013052500100350,2013년 5월 25일 13시,토요일,전라북도 익산시 남중동,경상사고,0,0,2,0,차대차 - 측면직각충돌,안전운전불이행,건조,맑음,단일로 - 기타,승용,남,54세,상해없음,승용,남,30세,경상
2013052500100351,2013년 5월 25일 13시,토요일,전라북도 익산시 신동,경상사고,0,0,5,0,차대차 - 추돌 - 진행중,안전거리미확보,건조,맑음,단일로 - 기타,화물,남,41세,상해없음,승용,남,46세,경상
2013052500100392,2013년 5월 25일 14시,토요일,전라북도 전주시 완산구 효자동1가,경상사고,0,0,1,0,차대사람 - 보도통행중,기타,건조,맑음,단일로 - 기타,승용,여,56세,상해없음,보행자,남,64세,경상
2013052500100393,2013년 5월 25일 14시,토요일,전라북도 김제시 죽산면,경상사고,0,0,1,0,차대차 - 추돌 - 진행중,안전운전불이행,건조,맑음,교차로 - 교차로부근,승용,남,50세,상해없음,화물,여,52세,경상
2013052500100394,2013년 5월 25일 14시,토요일,전라북도 남원시 대산면,중상사고,0,1,0,0,차량단독 - 전도전복,안전운전불이행,건조,맑음,단일로 - 기타,농기계,남,75세,중상,,,,
2013052500100430,2013년 5월 25일 15시,토요일,전라북도 전주시 덕진구 금암동,경상사고,0,0,1,0,차대사람 - 기타,기타,건조,맑음,단일로 - 기타,승용,남,62세,상해없음,보행자,여,88세,경상
2013052500100464,2013년 5월 25일 16시,토요일,전라북도 전주시 덕진구 진북동,경상사고,0,0,1,0,차대차 - 측면직각충돌,신호위반,건조,맑음,교차로 - 교차로안,승용,남,50세,상해없음,승용,남,54세,경상
2013052500100465,2013년 5월 25일 16시,토요일,전라북도 진안군 마령면,중상사고,0,2,0,0,차대차 - 측면직각충돌,중앙선침범,건조,맑음,단일로 - 기타,화물,남,55세,중상,화물,남,57세,상해없음
2013052500100505,2013년 5월 25일 17시,토요일,전라북도 익산시 신흥동,중상사고,0,1,0,0,차대차 - 추돌 - 진행중,안전운전불이행,건조,맑음,교차로 - 교차로안,승용,남,55세,상해없음,승용,남,34세,중상
2013052500100548,2013년 5월 25일 18시,토요일,전라북도 부안군 진서면,중상사고,0,1,3,0,차대차 - 측면직각충돌,안전운전불이행,건조,맑음,교차로 - 교차로부근,승용,여,46세,경상,화물,남,64세,경상
2013052500100586,2013년 5월 25일 19시,토요일,전라북도 무주군 무주읍,사망사고,1,0,2,0,차량단독 - 공작물충돌,안전운전불이행,습기,비,단일로 - 기타,승용,남,34세,상해없음,,,,
2013052500100613,2013년 5월 25일 20시,토요일,전라북도 군산시 개정동,경상사고,0,0,4,0,차대차 - 측면직각충돌,중앙선침범,건조,맑음,단일로 - 기타,승용,여,49세,경상,승용,남,42세,경상
2013052500100614,2013년 5월 25일 20시,토요일,전라북도 익산시 웅포면,부상신고사고,0,0,0,1,차량단독 - 전도전복,안전운전불이행,건조,맑음,단일로 - 기타,이륜,남,57세,부상신고,,,,
2013052500100649,2013년 5월 25일 21시,토요일,전라북도 완주군 봉동읍,경상사고,0,0,1,0,차대차 - 측면직각충돌,직진우회전진행방해,건조,맑음,단일로 - 기타,승용,남,47세,상해없음,이륜,남,46세,경상
2013052500100678,2013년 5월 25일 22시,토요일,전라북도 전주시 덕진구 진북동,경상사고,0,0,2,0,차대차 - 측면직각충돌,신호위반,건조,맑음,교차로 - 교차로안,승용,남,45세,상해없음,승용,남,53세,경상
2013052500100707,2013년 5월 25일 23시,토요일,전라북도 김제시 순동,중상사고,0,3,3,0,차대차 - 측면직각충돌,교차로운행방법위반,건조,맑음,교차로 - 교차로안,승용,남,64세,상해없음,승용,여,56세,중상
2013052600100035,2013년 5월 26일 01시,일요일,전라북도 전주시 덕진구 우아동1가,경상사고,0,0,2,0,차대차 - 추돌 - 주정차중,안전거리미확보,건조,맑음,교차로 - 교차로부근,승용,남,57세,상해없음,승용,남,55세,경상
2013052600100051,2013년 5월 26일 02시,일요일,전라북도 군산시 수송동,경상사고,0,0,1,0,차대차 - 측면직각충돌,교차로운행방법위반,건조,맑음,교차로 - 교차로안,승용,남,31세,상해없음,승용,남,31세,경상
2013052600100070,2013년 5월 26일 03시,일요일,전라북도 전주시 완산구 중화산동2가,중상사고,0,1,0,0,차대사람 - 횡단중,안전운전불이행,습기,비,단일로 - 기타,승용,남,30세,상해없음,보행자,남,35세,중상
2013052600100098,2013년 5월 26일 05시,일요일,전라북도 군산시 중앙로2가,경상사고,0,0,1,0,차대사람 - 기타,안전운전불이행,건조,맑음,교차로 - 교차로부근,승용,남,27세,상해없음,보행자,여,56세,경상
2013052600100114,2013년 5월 26일 06시,일요일,전라북도 군산시 오식도동,사망사고,1,0,1,0,차대차 - 측면직각충돌,신호위반,건조,맑음,교차로 - 교차로안,이륜,남,62세,사망,승용,남,51세,경상
2013052600100115,2013년 5월 26일 06시,일요일,전라북도 익산시 팔봉동,경상사고,0,0,3,0,차대차 - 측면직각충돌,신호위반,건조,맑음,교차로 - 교차로안,화물,남,59세,상해없음,승용,남,41세,경상
2013052600100140,2013년 5월 26일 08시,일요일,전라북도 전주시 덕진구 금암동,경상사고,0,0,1,0,차대차 - 측면직각충돌,직진우회전진행방해,건조,맑음,교차로 - 교차로안,자전거,남,22세,경상,승용,여,36세,상해없음