사고번호,사고일시,요일,시군구,사고내용,사망자수,중상자수,경상자수,부상신고자수,사고유형,법규위반,노면상태,기상상태,도로형태,가해운전자 차종,가해운전자 성별,가해운전자 연령,가해운전자 상해정도,피해운전자 차종,피해운전자 성별,피해운전자 연령,피해운전자 상해정도
2013060400100291,2013년 6월 4일 14시,화요일,전라북도 전주시 덕진구 인후동1가,경상사고,0,0,1,0,차대차 - 측면직각충돌,신호위반,건조,맑음,교차로 - 교차로부근,승용,여,40세,경상,승용,남,21세,상해없음
2013060400100292,2013년 6월 4일 14시,화요일,전라북도 익산시 창인동1가,경상사고,0,0,1,0,차대차 - 기타,안전운전불이행,건조,맑음,교차로 - 교차로안,승용,여,39세,상해없음,승용,여,49세,경상
2013060400100316,2013년 6월 4일 15시,화요일,전라북도 익산시 신흥동,경상사고,0,0,1,0,차대차 - 추돌 - 주정차중,안전운전불이행,건조,맑음,교차로 - 교차로부근,화물,남,49세,상해없음,화물,여,49세,경상
2013060400100317,2013년 6월 4일 15시,화요일,전라북도 고창군 고수면,중상사고,0,2,2,0,차대차 - 측면직각충돌,기타,건조,맑음,교차로 - 교차로안,화물,남,55세,상해없음,농기계,남,61세,경상
2013060400100343,2013년 6월 4일 16시,화요일,전라북도 완주군 봉동읍,경상사고,0,0,1,0,차대차 - 추돌 - 진행중,안전운전불이행,건조,맑음,교차로 - 교차로부근,승용,여,21세,상해없음,승용,남,38세,경상
2013060400100344,2013년 6월 4일 16시,화요일,전라북도 완주군 삼례읍,경상사고,0,0,1,0,차대차 - 기타,안전운전불이행,건조,맑음,단일로 - 기타,이륜,남,68세,경상,승용,여,51세,상해없음
2013060400100388,2013년 6월 4일 17시,화요일,전라북도 군산시 대명동,경상사고,0,0,1,0,차대차 - 측면직각충돌,안전운전불이행,건조,맑음,단일로 - 기타,자전거,남,73세,경상,승용,여,44세,상해없음
2013060400100425,2013년 6월 4일 18시,화요일,전라북도 군산시 수송동,경상사고,0,0,1,0,차대사람 - 횡단중,보행자보호의무위반,건조,맑음,교차로 - 교차로안,승용,남,49세,상해없음,보행자,여,15세,경상
2013060400100426,2013년 6월 4일 18시,화요일,전라북도 익산시 신동,경상사고,0,0,2,0,차대차 - 측면직각충돌,직진우회전진행방해,건조,맑음,교차로 - 교차로안,승용,남,21세,상해없음,승용,남,59세,경상
2013060400100456,2013년 6월 4일 19시,화요일,전라북도 군산시 산북동,경상사고,0,0,1,0,차대사람 - 기타,안전운전불이행,건조,맑음,단일로 - 기타,승용,남,51세,상해없음,보행자,여,52세,경상
2013060400100457,2013년 6월 4일 19시,화요일,전라북도 익산시 왕궁면,경상사고,0,0,1,0,차대차 - 추돌 - 주정차중,안전운전불이행,건조,맑음,교차로 - 교차로부근,승용,남,27세,상해없음,승용,여,39세,경상
2013060400100491,2013년 6월 4일 20시,화요일,전라북도 군산시 나포면,경상사고,0,0,2,0,차대차 - 측면직각충돌,교차로운행방법위반,건조,맑음,교차로 - 교차로안,승합,남,67세,경상,농기계,남,53세,상해없음
2013060400100492,2013년 6월 4일 20시,화요일,전라북도 정읍시 입암면,사망사고,1,0,0,0,차대사람 - 횡단중,안전운전불이행,건조,맑음,단일로 - 기타,승용,남,64세,상해없음,보행자,여,76세,사망
2013060400100572,2013년 6월 4일 23시,화요일,전라북도 전주시 완산구 효자동2가,경상사고,0,0,1,0,차대차 - 정면충돌,교차로운행방법위반,건조,맑음,교차로 - 교차로안,승용,남,33세,상해없음,자전거,남,27세,경상
2013060500100013,2013년 6월 5일 00시,수요일,전라북도 군산시 나운동,경상사고,0,0,2,0,차대차 - 기타,안전거리미확보,건조,맑음,단일로 - 기타,승용,남,19세,상해없음,화물,남,26세,경상
2013060500100014,2013년 6월 5일 00시,수요일,전라북도 익산시 모현동1가,경상사고,0,0,1,0,차대차 - 측면직각충돌,신호위반,건조,맑음,교차로 - 교차로안,승용,여,47세,상해없음,승용,남,50세,경상
2013060500100065,2013년 6월 5일 04시,수요일,전라북도 군산시 오룡동,경상사고,0,0,1,0,차대차 - 측면직각충돌,직진우회전진행방해,건조,맑음,교차로 - 교차로안,승용,남,24세,상해없음,승용,남,56세,상해없음
2013060500100077,2013년 6월 5일 05시,수요일,전라북도 군산시 소룡동,경상사고,0,0,1,0,차대차 - 측면직각충돌,신호위반,건조,맑음,교차로 - 교차로안,승용,남,40세,상해없음,승용,남,49세,경상
2013060500100117,2013년 6월 5일 07시,수요일,전라북도 고창군 고창읍,중상사고,0,2,0,0,차대차 - 측면직각충돌,신호위반,건조,맑음,교차로 - 교차로안,승용,남,55세,상해없음,승용,여,57세,중상
2013060500100150,2013년 6월 5일 08시,수요일,전라북도 군산시 대명동,경상사고,0,0,1,0,차대사람 - 기타,안전운전불이행,건조,맑음,교차로 - 교차로부근,승용,남,75세,상해없음,보행자,여,48세,경상
2013060500100151,2013년 6월 5일 08시,수요일,전라북도 익산시 부송동,경상사고,0,0,1,0,차대차 - 추돌 - 진행중,안전운전불이행,건조,맑음,단일로 - 기타,승용,여,41세,상해없음,승용,남,49세,경상
2013060500100152,2013년 6월 5일 08시,수요일,전라북도 익산시 어양동,경상사고,0,0,1,0,차대사람 - 횡단중,보행자보호의무위반,습기,흐림,교차로 - 교차로안,승합,남,65세,상해없음,보행자,여,24세,경상
2013060500100207,2013년 6월 5일 10시,수요일,전라북도 부안군 행안면,중상사고,0,1,0,0,차대차 - 측면직각충돌,안전운전불이행,건조,맑음,단일로 - 기타,화물,남,72세,상해없음,이륜,남,77세,중상
2013060500100226,2013년 6월 5일 11시,수요일,전라북도 전주시 덕진구 진북동,경상사고,0,0,1,0,차대차 - 측면직각충돌,안전거리미확보,건조,맑음,교차로 - 교차로부근,이륜,남,80세,경상,승용,여,48세,상해없음
2013060500100277,2013년 6월 5일 13시,수요일,전라북도 전주시 완산구 삼천동3가,중상사고,0,1,0,0,차대차 - 기타,안전운전불이행,건조,맑음,단일로 - 기타,화물,남,59세,상해없음,자전거,남,40세,중상
2013060500100278,2013년 6월 5일 13시,수요일,전라북도 부안군 진서면,경상사고,0,0,2,0,차대차 - 측면직각충돌,중앙선침범,건조,맑음,단일로 - 기타,화물,남,29세,상해없음,승용,남,50세,경상
2013060500100322,2013년 6월 5일 15시,수요일,전라북도 완주군 삼례읍,경상사고,0,0,1,0,차대차 - 측면직각충돌,교차로운행방법위반,건조,맑음,교차로 - 교차로안,승용,남,22세,상해없음,자전거,여,58세,경상
2013060500100357,2013년 6월 5일 16시,수요일,전라북도 전주시 완산구 효자동1가,경상사고,0,0,2,0,차대차 - 추돌 - 진행중,안전거리미확보,건조,맑음,단일로 - 기타,승용,남,57세,상해없음,승용,남,34세,경상
2013060500100358,2013년 6월 5일 16시,수요일,전라북도 전주시 덕진구 금암동,경상사고,0,0,1,0,차대차 - 측면직각충돌,안전운전불이행,건조,맑음,교차로 - 교차로안,승용,남,24세,상해없음,자전거,남,58세,경상
2013060500100388,2013년 6월 5일 17시,수요일,전라북도 전주시 완산구 효자동3가,경상사고,0,0,1,0,차대차 - 기타,안전운전불이행,건조,맑음,교차로 - 교차로안,승용,남,51세,상해없음,승용,남,48세,경상
2013060500100429,2013년 6월 5일 18시,수요일,전라북도 익산시 신동,경상사고,0,0,3,0,차대차 - 추돌 - 주정차중,안전운전불이행,건조,맑음,교차로 - 교차로부근,승합,남,53세,상해없음,승용,여,39세,경상
2013060500100430,2013년 6월 5일 18시,수요일,전라북도 김제시 용지면,경상사고,0,0,1,0,차대차 - 측면직각충돌,신호위반,건조,맑음,교차로 - 교차로안,승용,남,25세,상해없음,승용,여,53세,경상
2013060500100431,2013년 6월 5일 18시,수요일,전라북도 진안군 동향면,사망사고,1,0,0,0,차량단독 - 전도전복,안전운전불이행,건조,맑음,단일로 - 기타,농기계,남,68세,사망,,,,
2013060500100457,2013년 6월 5일 19시,수요일,전라북도 정읍시 하북동,경상사고,0,0,1,0,차대차 - 추돌 - 주정차중,안전운전불이행,건조,맑음,단일로 - 기타,승용,남,66세,상해없음,화물,남,32세,경상
2013060500100498,2013년 6월 5일 20시,수요일,전라북도 전주시 완산구 중화산동2가,경상사고,0,0,1,0,차대차 - 측면직각충돌,교차로운행방법위반,건조,맑음,교차로 - 교차로안,승용,남,31세,상해없음,화물,남,49세,경상
2013060500100595,2013년 6월 5일 23시,수요일,전라북도 전주시 완산구 효자동3가,중상사고,0,2,0,0,차대사람 - 횡단중,안전운전불이행,건조,맑음,교차로 - 교차로부근,승용,남,53세,상해없음,보행자,여,23세,중상
2013060600100067,2013년 6월 6일 03시,목요일,전라북도 전주시 완산구 중화산동2가,경상사고,0,0,1,0,차대차 - 기타,안전운전불이행,건조,맑음,단일로 - 기타,승용,남,24세,기타불명,승용,남,52세,경상
2013060600100068,2013년 6월 6일 03시,목요일,전라북도 익산시 영등동,경상사고,0,0,4,0,차대차 - 추돌 - 진행중,안전운전불이행,건조,맑음,교차로 - 교차로부근,승용,남,32세,상해없음,승용,남,22세,경상
2013060600100085,2013년 6월 6일 04시,목요일,전라북도 완주군 이서면,중상사고,0,1,0,0,차대차 - 정면충돌,중앙선침범,건조,맑음,단일로 - 기타,승용,남,74세,상해없음,승용,여,55세,중상
2013060600100169,2013년 6월 6일 09시,목요일,전라북도 전주시 덕진구 우아동3가,중상사고,0,1,0,0,차대사람 - 횡단중,안전운전불이행,건조,맑음,단일로 - 기타,승용,남,57세,상해없음,보행자,남,6세,중상
2013060600100170,2013년 6월 6일 09시,목요일,전라북도 남원시 인월면,중상사고,0,1,3,0,차대차 - 측면직각충돌,직진우회전진행방해,건조,맑음,교차로 - 교차로안,승합,남,46세,상해없음,화물,남,56세,상해없음
2013060600100173,2013년 6월 6일 09시,목요일,전라북도 정읍시 북면,경상사고,0,0,1,0,차대차 - 측면직각충돌,차로위반,건조,맑음,기타 - 기타,승용,남,72세,상해없음,승용,남,33세,경상
2013060600100198,2013년 6월 6일 10시,목요일,전라북도 익산시 오산면,중상사고,0,1,2,0,차대차 - 측면직각충돌,안전운전불이행,건조,맑음,단일로 - 기타,승용,여,61세,상해없음,화물,남,57세,경상
2013060600100199,2013년 6월 6일 10시,목요일,전라북도 순창군 팔덕면,경상사고,0,0,1,0,차대사람 - 길가장자리구역통행중,안전운전불이행,건조,맑음,단일로 - 기타,승용,남,75세,상해없음,보행자,남,50세,경상
2013060600100225,2013년 6월 6일 11시,목요일,전라북도 전주시 완산구 평화동1가,중상사고,0,1,1,0,차대차 - 기타,안전운전불이행,건조,맑음,교차로 - 교차로부근,승용,여,53세,상해없음,이륜,남,17세,중상
2013060600100253,2013년 6월 6일 12시,목요일,전라북도 군산시 비응도동,경상사고,0,0,1,0,차대차 - 측면직각충돌,안전운전불이행,건조,맑음,교차로 - 교차로안,승용,남,29세,상해없음,승용,남,51세,경상
2013060600100254,2013년 6월 6일 12시,목요일,전라북도 군산시 옥도면,경상사고,0,0,1,0,차대사람 - 기타,안전운전불이행,건조,맑음,단일로 - 기타,승용,남,43세,상해없음,보행자,여,42세,경상
2013060600100255,2013년 6월 6일 12시,목요일,전라북도 고창군 대산면,중상사고,0,2,0,0,차대차 - 기타,직진우회전진행방해,건조,맑음,교차로 - 교차로안,승용,남,36세,상해없음,이륜,남,58세,중상
2013060600100277,2013년 6월 6일 13시,목요일,전라북도 전주시 완산구 효자동1가,경상사고,0,0,2,0,차대차 - 기타,교차로운행방법위반,건조,맑음,교차로 - 교차로안,승용,남,64세,상해없음,승용,여,46세,경상
2013060600100278,2013년 6월 6일 13시,목요일,전라북도 정읍시 시기동,경상사고,0,0,1,0,차대차 - 기타,안전운전불이행,건조,맑음,단일로 - 기타,승용,남,57세,상해없음,이륜,남,42세,경상
2013060600100391,2013년 6월 6일 17시,목요일,전라북도 고창군 고창읍,중상사고,0,1,0,0,차대차 - 기타,직진우회전진행방해,건조,맑음,교차로 - 교차로안,승용,여,30세,상해없음,자전거,남,14세,중상
2013060600100511,2013년 6월 6일 21시,목요일,전라북도 전주시 완산구 삼천동1가,경상사고,0,0,1,0,차대사람 - 기타,안전운전불이행,건조,맑음,단일로 - 기타,승용,남,47세,상해없음,보행자,여,16세,경상
2013060600100512,2013년 6월 6일 21시,목요일,전라북도 익산시 동산동,경상사고,0,0,1,0,차대차 - 측면직각충돌,신호위반,건조,맑음,교차로 - 교차로부근,승용,남,58세,상해없음,승용,남,40세,경상
2013060600100513,2013년 6월 6일 21시,목요일,전라북도 정읍시 북면,중상사고,0,1,1,0,차대차 - 측면직각충돌,교차로운행방법위반,건조,맑음,교차로 - 교차로안,승용,남,68세,상해없음,승용,남,32세,경상
2013060700100028,2013년 6월 7일 02시,금요일,전라북도 전주시 덕진구 전미동1가,경상사고,0,0,1,0,차량단독 - 공작물충돌,안전운전불이행,건조,맑음,단일로 - 기타,승용,남,27세,상해없음,,,,
2013060700100085,2013년 6월 7일 07시,금요일,전라북도 전주시 완산구 서신동,경상사고,0,0,1,0,차대차 - 측면직각충돌,교차로운행방법위반,건조,맑음,교차로 - 교차로안,승용,남,34세,상해없음,승용,여,45세,경상
2013060700100086,2013년 6월 7일 07시,금요일,전라북도 전주시 덕진구 인후동1가,중상사고,0,1,0,0,차량단독 - 공작물충돌,안전운전불이행,건조,맑음,단일로 - 기타,승용,남,63세,상해없음,,,,
2013060700100087,2013년 6월 7일 07시,금요일,전라북도 김제시 금구면,경상사고,0,0,2,0,차대차 - 추돌 - 진행중,안전거리미확보,건조,맑음,단일로 - 기타,승용,남,52세,상해없음,승용,남,32세,경상
2013060700100115,2013년 6월 7일 08시,금요일,전라북도 완주군 삼례읍,중상사고,0,1,1,0,차대차 - 측면직각충돌,교차로운행방법위반,건조,맑음,교차로 - 교차로안,화물,남,48세,상해없음,화물,남,41세,중상
2013060700100151,2013년 6월 7일 09시,금요일,전라북도 전주시 완산구 서완산동2가,경상사고,0,0,2,0,차대차 - 기타,불법유턴,건조,맑음,단일로 - 기타,화물,남,60세,상해없음,승용,남,64세,경상
2013060700100152,2013년 6월 7일 09시,금요일,전라북도 전주시 덕진구 금암동,중상사고,0,1,1,0,차대차 - 추돌 - 진행중,안전거리미확보,건조,맑음,교차로 - 교차로안,승용,여,44세,중상,승용,남,27세,상해없음
2013060700100153,2013년 6월 7일 09시,금요일,전라북도 전주시 덕진구 동산동,경상사고,0,0,1,0,차대사람 - 기타,안전운전불이행,건조,맑음,단일로 - 기타,승합,남,42세,상해없음,보행자,남,75세,경상
2013060700100154,2013년 6월 7일 09시,금요일,전라북도 남원시 월락동,경상사고,0,0,1,0,차대차 - 추돌 - 진행중,안전운전불이행,건조,맑음,단일로 - 기타,화물,남,69세,상해없음,원동기,남,74세,경상
2013060700100187,2013년 6월 7일 10시,금요일,전라북도 전주시 완산구 삼천동1가,경상사고,0,0,1,0,차대차 - 기타,안전거리미확보,건조,맑음,단일로 - 기타,승용,여,37세,상해없음,승용,남,41세,경상
2013060700100188,2013년 6월 7일 10시,금요일,전라북도 전주시 덕진구 호성동2가,경상사고,0,0,1,0,차대차 - 측면직각충돌,안전운전불이행,건조,맑음,단일로 - 기타,승용,여,36세,상해없음,승용,여,52세,경상
2013060700100216,2013년 6월 7일 11시,금요일,전라북도 정읍시 망제동,중상사고,0,1,0,0,차대사람 - 기타,안전운전불이행,건조,맑음,기타 - 기타,화물,남,29세,상해없음,보행자,남,47세,중상
2013060700100239,2013년 6월 7일 12시,금요일,전라북도 전주시 완산구 태평동,경상사고,0,0,1,0,차대사람 - 기타,안전운전불이행,건조,맑음,단일로 - 기타,승합,남,67세,상해없음,보행자,남,19세,경상
2013060700100264,2013년 6월 7일 13시,금요일,전라북도 부안군 부안읍,경상사고,0,0,1,0,차대사람 - 횡단중,안전운전불이행,건조,맑음,교차로 - 교차로부근,승용,여,54세,상해없음,보행자,남,7세,경상
2013060700100306,2013년 6월 7일 14시,금요일,전라북도 완주군 소양면,중상사고,0,1,0,0,차대차 - 측면직각충돌,기타,건조,맑음,교차로 - 교차로안,화물,남,31세,상해없음,원동기,남,71세,중상
2013060700100340,2013년 6월 7일 15시,금요일,전라북도 익산시 삼기면,사망사고,1,0,0,0,차대차 - 추돌 - 진행중,안전운전불이행,건조,맑음,단일로 - 기타,화물,남,40세,상해없음,이륜,남,71세,사망
2013060700100341,2013년 6월 7일 15시,금요일,전라북도 익산시 모현동1가,중상사고,0,1,0,0,차대차 - 측면직각충돌,안전운전불이행,건조,맑음,단일로 - 기타,승용,여,48세,상해없음,이륜,남,28세,중상
2013060700100342,2013년 6월 7일 15시,금요일,전라북도 김제시 백구면,중상사고,0,1,0,0,차대차 - 측면직각충돌,안전운전불이행,건조,맑음,단일로 - 터널,승용,남,76세,상해없음,자전거,남,78세,중상
2013060700100374,2013년 6월 7일 16시,금요일,전라북도 김제시 금구면,중상사고,0,2,0,0,차대차 - 추돌 - 주정차중,안전운전불이행,건조,맑음,단일로 - 기타,승용,남,70세,상해없음,화물,남,59세,상해없음
2013060700100375,2013년 6월 7일 16시,금요일,전라북도 순창군 금과면,경상사고,0,0,1,0,차대차 - 추돌 - 주정차중,안전운전불이행,건조,맑음,단일로 - 기타,원동기,여,68세,경상,승용,여,28세,상해없음
2013060700100410,2013년 6월 7일 17시,금요일,전라북도 김제시 도장동,경상사고,0,0,1,0,차대차 - 측면직각충돌,안전운전불이행,건조,맑음,교차로 - 교차로안,승용,남,30세,상해없음,원동기,남,65세,경상
2013060700100411,2013년 6월 7일 17시,금요일,전라북도 김제시 신풍동,중상사고,0,1,3,6,차대차 - 측면직각충돌,직진우회전진행방해,건조,맑음,교차로 - 교차로안,승합,남,50세,상해없음,승용,여,42세,경상
2013060700100497,2013년 6월 7일 19시,금요일,전라북도 완주군 봉동읍,경상사고,0,0,1,0,차대사람 - 차도통행중,안전운전불이행,건조,맑음,단일로 - 기타,이륜,남,17세,상해없음,보행자,여,16세,경상
2013060700100534,2013년 6월 7일 20시,금요일,전라북도 군산시 지곡동,경상사고,0,0,1,0,차대사람 - 횡단중,안전운전불이행,건조,맑음,교차로 - 교차로안,승용,남,19세,상해없음,보행자,여,67세,경상
2013060700100535,2013년 6월 7일 20시,금요일,전라북도 남원시 도통동,경상사고,0,0,1,0,차대차 - 측면직각충돌,직진우회전진행방해,건조,맑음,교차로 - 교차로안,승합,남,45세,상해없음,이륜,남,17세,경상
2013060700100583,2013년 6월 7일 21시,금요일,전라북도 전주시 덕진구 송천동2가,중상사고,0,1,2,0,차대차 - 추돌 - 진행중,안전거리미확보,건조,맑음,단일로 - 기타,승용,여,52세,상해없음,화물,남,50세,중상
2013060700100584,2013년 6월 7일 21시,금요일,전라북도 완주군 삼례읍,사망사고,1,0,0,0,차대사람 - 횡단중,안전운전불이행,건조,맑음,단일로 - 기타,승용,남,43세,상해없음,보행자,여,52세,사망
2013060700100647,2013년 6월 7일 23시,금요일,전라북도 전주시 완산구 서신동,중상사고,0,2,0,0,차대차 - 기타,신호위반,건조,맑음,교차로 - 교차로안,승용,남,28세,상해없음,승용,남,65세,중상
2013060800100015,2013년 6월 8일 00시,토요일,전라북도 전주시 완산구 삼천동1가,경상사고,0,0,1,0,차량단독 - 기타,안전거리미확보,건조,맑음,단일로 - 기타,승용,남,57세,상해없음,,,,
2013060800100016,2013년 6월 8일 00시,토요일,전라북도 전주시 덕진구 산정동,경상사고,0,0,3,0,차대차 - 측면직각충돌,중앙선침범,건조,맑음,단일로 - 기타,승용,남,46세,상해없음,승용,여,44세,경상
2013060800100017,2013년 6월 8일 00시,토요일,전라북도 군산시 대야면,사망사고,1,0,1,0,차대차 - 추돌 - 진행중,안전운전불이행,건조,맑음,기타 - 기타,승용,남,59세,사망,화물,남,57세,경상
2013060800100042,2013년 6월 8일 01시,토요일,전라북도 전주시 완산구 중화산동2가,경상사고,0,0,1,0,차대차 - 기타,안전거리미확보,건조,맑음,단일로 - 기타,승용,남,58세,상해없음,승용,남,43세,경상
2013060800100043,2013년 6월 8일 01시,토요일,전라북도 익산시 석암동,경상사고,0,0,2,0,차대차 - 정면충돌,중앙선침범,건조,맑음,교차로 - 교차로부근,승용,남,27세,상해없음,승용,남,47세,경상
2013060800100044,2013년 6월 8일 01시,토요일,전라북도 부안군 상서면,사망사고,1,0,0,0,차대사람 - 기타,안전운전불이행,건조,흐림,단일로 - 기타,승용,남,59세,상해없음,보행자,남,30세,사망
2013060800100075,2013년 6월 8일 03시,토요일,전라북도 전주시 덕진구 인후동2가,경상사고,0,0,1,0,차대차 - 추돌 - 주정차중,안전운전불이행,건조,맑음,교차로 - 교차로부근,승용,남,37세,상해없음,승용,남,41세,경상
2013060800100091,2013년 6월 8일 04시,토요일,전라북도 완주군 이서면,경상사고,0,0,1,0,차량단독 - 기타,안전운전불이행,건조,맑음,단일로 - 기타,승용,남,22세,상해없음,,,,
2013060800100108,2013년 6월 8일 05시,토요일,전라북도 군산시 나운동,경상사고,0,0,1,0,차대차 - 측면직각충돌,교차로운행방법위반,건조,맑음,교차로 - 교차로안,승용,남,56세,상해없음,승용,남,48세,상해없음
2013060800100109,2013년 6월 8일 05시,토요일,전라북도 익산시 용안면,사망사고,1,0,0,0,차대차 - 추돌 - 진행중,과속,건조,맑음,단일로 - 기타,승용,남,44세,상해없음,원동기,남,42세,사망
2013060800100122,2013년 6월 8일 06시,토요일,전라북도 전주시 덕진구 팔복동1가,경상사고,0,0,1,0,차대차 - 기타,안전운전불이행,건조,맑음,교차로 - 교차로부근,특수,남,46세,상해없음,승용,여,62세,경상
2013060800100123,2013년 6월 8일 06시,토요일,전라북도 완주군 삼례읍,경상사고,0,0,1,0,차대차 - 측면직각충돌,교차로운행방법위반,건조,맑음,교차로 - 교차로안,승용,여,46세,상해없음,화물,남,65세,경상
2013060800100162,2013년 6월 8일 08시,토요일,전라북도 군산시 회현면,사망사고,1,0,0,0,차대차 - 추돌 - 진행중,안전운전불이행,건조,맑음,단일로 - 기타,승합,남,58세,상해없음,이륜,남,71세,사망
2013060800100163,2013년 6월 8일 08시,토요일,전라북도 군산시 나운동,경상사고,0,0,2,0,차대차 - 추돌 - 주정차중,안전운전불이행,건조,맑음,교차로 - 교차로부근,승용,남,58세,상해없음,승용,남,53세,경상
2013060800100248,2013년 6월 8일 11시,토요일,전라북도 전주시 완산구 교동,경상사고,0,0,1,0,차대차 - 기타,안전운전불이행,건조,맑음,단일로 - 기타,기타불명,기타불명,기타불명,기타불명,원동기,남,55세,경상
2013060800100278,2013년 6월 8일 12시,토요일,전라북도 전주시 덕진구 용정동,경상사고,0,0,2,0,차대차 - 추돌 - 진행중,안전운전불이행,건조,맑음,단일로 - 기타,화물,남,48세,상해없음,승용,남,50세,경상
2013060800100279,2013년 6월 8일 12시,토요일,전라북도 익산시 영등동,사망사고,1,0,0,0,차대차 - 측면직각충돌,안전운전불이행,건조,맑음,교차로 - 교차로안,화물,남,42세,상해없음,자전거,남,73세,사망
2013060800100280,2013년 6월 8일 12시,토요일,전라북도 익산시 마동,중상사고,0,1,0,0,차대사람 - 기타,안전운전불이행,건조,맑음,교차로 - 교차로안,승용,남,66세,상해없음,보행자,남,52세,중상
2013060800100281,2013년 6월 8일 12시,토요일,전라북도 익산시 인화동1가,경상사고,0,0,1,0,차대차 - 측면직각충돌,안전운전불이행,건조,맑음,단일로 - 기타,승용,여,62세,상해없음,자전거,남,18세,경상
2013060800100282,2013년 6월 8일 12시,토요일,전라북도 부안군 진서면,경상사고,0,0,1,0,차대사람 - 보도통행중,안전운전불이행,건조,맑음,단일로 - 기타,승용,여,69세,상해없음,보행자,남,50세,경상
2013060800100321,2013년 6월 8일 13시,토요일,전라북도 전주시 덕진구 팔복동1가,중상사고,0,1,0,0,차대차 - 측면직각충돌,안전운전불이행,건조,맑음,교차로 - 교차로안,화물,남,62세,상해없음,자전거,남,84세,중상
2013060800100322,2013년 6월 8일 13시,토요일,전라북도 익산시 웅포면,중상사고,0,2,0,0,차대차 - 측면직각충돌,신호위반,건조,맑음,교차로 - 교차로안,건설기계,남,39세,상해없음,승용,남,53세,중상
2013060800100354,2013년 6월 8일 14시,토요일,전라북도 전주시 완산구 중화산동2가,경상사고,0,0,1,0,차대사람 - 기타,안전운전불이행,건조,맑음,단일로 - 기타,승용,남,61세,상해없음,보행자,남,13세,경상
2013060800100380,2013년 6월 8일 15시,토요일,전라북도 군산시 소룡동,경상사고,0,0,1,0,차대차 - 측면직각충돌,불법유턴,건조,맑음,교차로 - 교차로부근,이륜,남,48세,경상,승용,남,31세,상해없음
2013060800100381,2013년 6월 8일 15시,토요일,전라북도 부안군 보안면,경상사고,0,0,2,0,차대차 - 측면직각충돌,안전운전불이행,건조,맑음,교차로 - 교차로안,화물,남,70세,상해없음,승용,여,50세,경상
2013060800100406,2013년 6월 8일 16시,토요일,전라북도 익산시 어양동,경상사고,0,0,1,0,차대사람 - 기타,안전운전불이행,건조,맑음,기타 - 기타,화물,여,46세,상해없음,보행자,여,39세,경상
2013060800100440,2013년 6월 8일 17시,토요일,전라북도 군산시 경암동,경상사고,0,0,2,0,차대차 - 측면직각충돌,중앙선침범,건조,맑음,교차로 - 교차로부근,승용,남,30세,기타불명,승용,여,49세,경상
2013060800100486,2013년 6월 8일 19시,토요일,전라북도 전주시 덕진구 진북동,경상사고,0,0,1,0,차대차 - 측면직각충돌,불법유턴,건조,맑음,단일로 - 기타,승용,남,32세,상해없음,승용,남,58세,경상
2013060800100511,2013년 6월 8일 20시,토요일,전라북도 전주시 덕진구 덕진동1가,경상사고,0,0,1,0,차대차 - 측면직각충돌,기타,건조,맑음,단일로 - 기타,승용,여,57세,상해없음,원동기,남,26세,경상
2013060800100512,2013년 6월 8일 20시,토요일,전라북도 군산시 서수면,부상신고사고,0,0,0,1,차대사람 - 횡단중,안전운전불이행,건조,맑음,교차로 - 교차로안,이륜,남,22세,상해없음,보행자,남,36세,부상신고
2013060800100546,2013년 6월 8일 21시,토요일,전라북도 군산시 나운동,중상사고,0,1,0,0,차대사람 - 횡단중,불법유턴,건조,맑음,단일로 - 기타,승용,남,31세,상해없음,보행자,남,26세,중상
2013060800100547,2013년 6월 8일 21시,토요일,전라북도 군산시 신영동,중상사고,0,1,0,0,차대사람 - 길가장자리구역통행중,안전운전불이행,건조,맑음,단일로 - 기타,화물,여,31세,상해없음,보행자,여,54세,중상
2013060800100548,2013년 6월 8일 21시,토요일,전라북도 부안군 부안읍,경상사고,0,0,1,0,차대사람 - 기타,안전운전불이행,건조,맑음,교차로 - 교차로부근,승용,남,46세,기타불명,보행자,남,55세,경상
2013060800100576,2013년 6월 8일 22시,토요일,전라북도 익산시 모현동1가,중상사고,0,1,0,0,차대차 - 기타,안전운전불이행,건조,맑음,단일로 - 기타,화물,남,48세,기타불명,자전거,남,43세,중상
2013060800100577,2013년 6월 8일 22시,토요일,전라북도 김제시 순동,중상사고,0,1,0,0,차대차 - 추돌 - 진행중,안전운전불이행,건조,기타,단일로 - 기타,승용,남,62세,상해없음,승합,남,57세,중상
2013060900100013,2013년 6월 9일 00시,일요일,전라북도 전주시 완산구 중화산동2가,경상사고,0,0,1,0,차량단독 - 기타,안전운전불이행,건조,맑음,단일로 - 기타,승용,남,57세,상해없음,,,,
2013060900100014,2013년 6월 9일 00시,일요일,전라북도 전주시 덕진구 인후동1가,경상사고,0,0,1,0,차대차 - 기타,신호위반,건조,맑음,교차로 - 교차로안,기타불명,기타불명,기타불명,기타불명,기타불명,기타불명,기타불명,기타불명
2013060900100032,2013년 6월 9일 01시,일요일,전라북도 전주시 완산구 중화산동2가,사망사고,1,0,2,0,차대사람 - 횡단중,과속,건조,맑음,단일로 - 기타,승용,남,44세,상해없음,보행자,남,47세,사망
2013060900100053,2013년 6월 9일 02시,일요일,전라북도 전주시 완산구 서노송동,중상사고,0,1,0,0,차대사람 - 기타,안전운전불이행,건조,맑음,단일로 - 기타,승용,남,54세,상해없음,보행자,남,20세,중상
2013060900100084,2013년 6월 9일 05시,일요일,전라북도 익산시 오산면,경상사고,0,0,1,0,차대차 - 기타,신호위반,건조,맑음,교차로 - 교차로안,승용,남,75세,상해없음,승용,남,45세,경상