사고번호,사고일시,요일,시군구,사고내용,사망자수,중상자수,경상자수,부상신고자수,사고유형,법규위반,노면상태,기상상태,도로형태,가해운전자 차종,가해운전자 성별,가해운전자 연령,가해운전자 상해정도,피해운전자 차종,피해운전자 성별,피해운전자 연령,피해운전자 상해정도
2013060900100123,2013년 6월 9일 08시,일요일,전라북도 김제시 공덕면,경상사고,0,0,3,0,차량단독 - 공작물충돌,안전운전불이행,건조,맑음,단일로 - 기타,승용,남,17세,상해없음,,,,
2013060900100124,2013년 6월 9일 08시,일요일,전라북도 남원시 사매면,경상사고,0,0,2,0,차대차 - 기타,직진우회전진행방해,건조,맑음,교차로 - 교차로안,화물,여,50세,상해없음,화물,남,44세,상해없음
2013060900100189,2013년 6월 9일 11시,일요일,전라북도 전주시 완산구 다가동3가,경상사고,0,0,1,0,차대사람 - 횡단중,보행자보호의무위반,건조,맑음,교차로 - 교차로부근,승용,남,52세,상해없음,보행자,남,67세,경상
2013060900100207,2013년 6월 9일 12시,일요일,전라북도 전주시 완산구 삼천동1가,경상사고,0,0,2,0,차대차 - 기타,중앙선침범,건조,맑음,단일로 - 기타,승합,남,53세,상해없음,승용,남,37세,경상
2013060900100233,2013년 6월 9일 13시,일요일,전라북도 군산시 미장동,경상사고,0,0,2,0,차대차 - 측면직각충돌,교차로운행방법위반,건조,맑음,교차로 - 교차로안,승용,남,27세,상해없음,승용,여,24세,경상
2013060900100260,2013년 6월 9일 14시,일요일,전라북도 남원시 산내면,경상사고,0,0,1,0,차대차 - 기타,안전운전불이행,건조,맑음,단일로 - 기타,승용,여,21세,상해없음,자전거,남,48세,경상
2013060900100261,2013년 6월 9일 14시,일요일,전라북도 임실군 관촌면,중상사고,0,2,0,0,차대차 - 측면직각충돌,안전운전불이행,건조,맑음,교차로 - 교차로안,이륜,남,68세,중상,승용,남,38세,상해없음
2013060900100281,2013년 6월 9일 15시,일요일,전라북도 익산시 금마면,경상사고,0,0,2,0,차대차 - 측면직각충돌,안전운전불이행,건조,맑음,교차로 - 교차로안,승용,남,47세,상해없음,승용,여,50세,경상
2013060900100474,2013년 6월 9일 22시,일요일,전라북도 부안군 동진면,중상사고,0,1,0,1,차대차 - 추돌 - 진행중,안전운전불이행,건조,맑음,교차로 - 교차로부근,화물,남,60세,부상신고,농기계,남,43세,중상
2013060900100504,2013년 6월 9일 23시,일요일,전라북도 익산시 인화동1가,경상사고,0,0,1,0,차대차 - 측면직각충돌,안전운전불이행,건조,맑음,교차로 - 교차로안,승용,남,41세,상해없음,승용,남,47세,경상
2013061000100009,2013년 6월 10일 00시,월요일,전라북도 전주시 덕진구 호성동1가,중상사고,0,1,2,0,차대차 - 추돌 - 진행중,안전운전불이행,건조,맑음,교차로 - 교차로부근,승용,남,35세,경상,승용,남,26세,경상
2013061000100026,2013년 6월 10일 01시,월요일,전라북도 전주시 덕진구 금암동,경상사고,0,0,1,0,차대차 - 기타,안전운전불이행,건조,맑음,단일로 - 기타,승용,남,58세,상해없음,승용,남,48세,경상
2013061000100027,2013년 6월 10일 01시,월요일,전라북도 익산시 모현동1가,경상사고,0,0,3,0,차대차 - 기타,교차로운행방법위반,건조,맑음,교차로 - 교차로안,승용,남,23세,상해없음,승용,남,26세,경상
2013061000100063,2013년 6월 10일 05시,월요일,전라북도 전주시 덕진구 우아동1가,중상사고,0,1,0,0,차대차 - 기타,안전운전불이행,건조,맑음,교차로 - 교차로안,승용,기타불명,기타불명,기타불명,이륜,남,31세,중상
2013061000100077,2013년 6월 10일 06시,월요일,전라북도 군산시 산북동,경상사고,0,0,2,0,차대차 - 추돌 - 진행중,안전거리미확보,건조,맑음,단일로 - 기타,승용,남,67세,경상,승용,남,63세,상해없음
2013061000100098,2013년 6월 10일 07시,월요일,전라북도 전주시 완산구 서신동,중상사고,0,1,0,0,차대차 - 기타,중앙선침범,건조,맑음,교차로 - 교차로부근,승용,여,41세,상해없음,승용,남,59세,중상
2013061000100099,2013년 6월 10일 07시,월요일,전라북도 군산시 산북동,중상사고,0,1,1,0,차대차 - 추돌 - 진행중,안전운전불이행,건조,맑음,단일로 - 교량,승용,남,33세,중상,승용,남,40세,경상
2013061000100100,2013년 6월 10일 07시,월요일,전라북도 군산시 미장동,경상사고,0,0,1,0,차대차 - 측면직각충돌,신호위반,건조,맑음,교차로 - 교차로안,승용,남,55세,상해없음,승용,남,59세,경상
2013061000100159,2013년 6월 10일 08시,월요일,전라북도 군산시 미룡동,중상사고,0,1,1,0,차대차 - 측면직각충돌,교차로운행방법위반,건조,맑음,교차로 - 교차로안,승용,남,51세,중상,승용,남,30세,경상
2013061000100160,2013년 6월 10일 08시,월요일,전라북도 부안군 백산면,경상사고,0,0,1,1,차대차 - 측면직각충돌,안전운전불이행,건조,맑음,단일로 - 기타,농기계,남,80세,부상신고,화물,남,65세,상해없음
2013061000100161,2013년 6월 10일 08시,월요일,전라북도 임실군 관촌면,중상사고,0,1,0,0,차대사람 - 차도통행중,중앙선침범,건조,맑음,교차로 - 교차로부근,화물,남,50세,상해없음,보행자,여,69세,중상
2013061000100202,2013년 6월 10일 09시,월요일,전라북도 전주시 완산구 효자동3가,경상사고,0,0,1,0,차대차 - 기타,신호위반,습기,흐림,교차로 - 교차로안,화물,남,34세,상해없음,승용,남,52세,경상
2013061000100203,2013년 6월 10일 09시,월요일,전라북도 군산시 신풍동,중상사고,0,1,0,0,차대차 - 측면직각충돌,신호위반,건조,맑음,교차로 - 교차로안,승용,여,46세,상해없음,이륜,여,39세,중상
2013061000100204,2013년 6월 10일 09시,월요일,전라북도 익산시 송학동,경상사고,0,0,2,0,차대차 - 추돌 - 주정차중,안전운전불이행,건조,맑음,교차로 - 교차로부근,승용,남,52세,상해없음,승용,남,58세,경상
2013061000100225,2013년 6월 10일 10시,월요일,전라북도 전주시 완산구 효자동3가,경상사고,0,0,2,0,차대차 - 기타,신호위반,습기,흐림,교차로 - 교차로안,승용,남,57세,상해없음,승용,남,53세,경상
2013061000100226,2013년 6월 10일 10시,월요일,전라북도 전주시 덕진구 송천동1가,경상사고,0,0,2,0,차대차 - 기타,차로위반,건조,흐림,교차로 - 교차로안,승용,여,37세,상해없음,승용,남,66세,경상
2013061000100257,2013년 6월 10일 11시,월요일,전라북도 정읍시 덕천면,중상사고,0,1,0,0,차대차 - 정면충돌,안전운전불이행,건조,맑음,단일로 - 기타,농기계,남,42세,상해없음,화물,남,61세,중상
2013061000100306,2013년 6월 10일 13시,월요일,전라북도 전주시 덕진구 진북동,사망사고,1,0,0,0,차대사람 - 횡단중,안전운전불이행,건조,맑음,단일로 - 기타,화물,여,56세,상해없음,보행자,여,75세,사망
2013061000100307,2013년 6월 10일 13시,월요일,전라북도 완주군 소양면,경상사고,0,0,14,1,차대차 - 추돌 - 주정차중,안전운전불이행,건조,맑음,단일로 - 기타,화물,남,52세,상해없음,승합,남,49세,경상
2013061000100375,2013년 6월 10일 15시,월요일,전라북도 군산시 영화동,중상사고,0,1,0,0,차대차 - 측면직각충돌,교차로운행방법위반,건조,맑음,교차로 - 교차로안,승용,여,65세,상해없음,이륜,남,57세,중상
2013061000100376,2013년 6월 10일 15시,월요일,전라북도 익산시 신동,중상사고,0,1,0,0,차대차 - 측면직각충돌,직진우회전진행방해,건조,맑음,교차로 - 교차로안,승용,남,60세,상해없음,자전거,남,81세,중상
2013061000100377,2013년 6월 10일 15시,월요일,전라북도 익산시 왕궁면,경상사고,0,0,1,0,차대차 - 측면직각충돌,교차로운행방법위반,건조,맑음,교차로 - 교차로부근,승용,여,54세,상해없음,승용,남,50세,경상
2013061000100416,2013년 6월 10일 16시,월요일,전라북도 군산시 지곡동,경상사고,0,0,2,0,차대차 - 측면직각충돌,교차로운행방법위반,건조,맑음,교차로 - 교차로안,승용,남,25세,상해없음,승용,남,73세,경상
2013061000100417,2013년 6월 10일 16시,월요일,전라북도 김제시 백산면,경상사고,0,0,1,0,차대차 - 측면직각충돌,안전운전불이행,건조,맑음,단일로 - 기타,화물,남,52세,상해없음,화물,남,59세,경상
2013061000100491,2013년 6월 10일 18시,월요일,전라북도 익산시 신동,경상사고,0,0,1,0,차대차 - 측면직각충돌,교차로운행방법위반,건조,맑음,교차로 - 교차로안,승용,여,39세,상해없음,원동기,남,30세,경상
2013061000100492,2013년 6월 10일 18시,월요일,전라북도 진안군 백운면,중상사고,0,1,0,0,차대차 - 측면직각충돌,안전운전불이행,건조,맑음,단일로 - 기타,승용,여,39세,상해없음,농기계,남,74세,중상
2013061000100547,2013년 6월 10일 20시,월요일,전라북도 전주시 완산구 효자동2가,경상사고,0,0,1,0,차대차 - 추돌 - 주정차중,안전운전불이행,건조,맑음,교차로 - 교차로부근,승용,남,26세,상해없음,승용,남,42세,경상
2013061000100548,2013년 6월 10일 20시,월요일,전라북도 완주군 화산면,중상사고,0,1,0,0,차대사람 - 기타,안전운전불이행,건조,맑음,단일로 - 기타,승용,남,48세,상해없음,보행자,여,87세,중상
2013061000100576,2013년 6월 10일 21시,월요일,전라북도 전주시 완산구 서신동,중상사고,0,1,0,0,차대차 - 측면직각충돌,교차로운행방법위반,건조,맑음,교차로 - 교차로안,자전거,남,68세,중상,승용,여,44세,상해없음
2013061000100577,2013년 6월 10일 21시,월요일,전라북도 군산시 산북동,경상사고,0,0,1,0,차대사람 - 기타,안전운전불이행,건조,맑음,단일로 - 기타,자전거,기타불명,기타불명,기타불명,보행자,여,84세,경상
2013061000100604,2013년 6월 10일 22시,월요일,전라북도 전주시 완산구 중화산동1가,경상사고,0,0,1,0,차대차 - 추돌 - 진행중,안전운전불이행,건조,맑음,교차로 - 교차로부근,기타불명,기타불명,기타불명,기타불명,승용,여,53세,상해없음
2013061000100605,2013년 6월 10일 22시,월요일,전라북도 군산시 성산면,경상사고,0,0,1,0,차대차 - 측면직각충돌,신호위반,건조,맑음,교차로 - 교차로안,승용,여,49세,상해없음,승용,남,35세,경상
2013061000100606,2013년 6월 10일 22시,월요일,전라북도 정읍시 수성동,경상사고,0,0,1,0,차대차 - 기타,직진우회전진행방해,건조,맑음,교차로 - 교차로안,승용,남,64세,상해없음,승용,여,38세,경상
2013061000100634,2013년 6월 10일 23시,월요일,전라북도 전주시 완산구 중노송동,중상사고,0,1,2,0,차대차 - 측면직각충돌,신호위반,건조,맑음,교차로 - 교차로안,승용,여,57세,경상,승용,남,59세,중상
2013061100100019,2013년 6월 11일 01시,화요일,전라북도 전주시 완산구 효자동3가,경상사고,0,0,1,0,차대차 - 정면충돌,중앙선침범,건조,맑음,교차로 - 교차로부근,승용,남,22세,상해없음,이륜,남,41세,경상
2013061100100020,2013년 6월 11일 01시,화요일,전라북도 군산시 옥산면,사망사고,1,0,0,0,차량단독 - 공작물충돌,안전운전불이행,건조,맑음,단일로 - 기타,이륜,남,23세,사망,,,,
2013061100100073,2013년 6월 11일 06시,화요일,전라북도 익산시 모현동1가,경상사고,0,0,1,0,차대차 - 정면충돌,신호위반,건조,맑음,교차로 - 교차로안,승용,여,48세,상해없음,승용,여,56세,경상
2013061100100074,2013년 6월 11일 06시,화요일,전라북도 김제시 검산동,중상사고,0,1,1,0,차대차 - 추돌 - 진행중,안전운전불이행,건조,맑음,교차로 - 교차로안,승용,여,44세,상해없음,승용,여,44세,중상
2013061100100114,2013년 6월 11일 08시,화요일,전라북도 남원시 금동,경상사고,0,0,1,0,차대차 - 기타,안전운전불이행,건조,맑음,기타 - 기타,승용,남,51세,상해없음,이륜,여,48세,경상
2013061100100143,2013년 6월 11일 09시,화요일,전라북도 전주시 덕진구 송천동2가,경상사고,0,0,2,0,차대차 - 추돌 - 주정차중,안전운전불이행,건조,맑음,단일로 - 기타,화물,남,45세,상해없음,승합,여,51세,경상
2013061100100144,2013년 6월 11일 09시,화요일,전라북도 남원시 도통동,경상사고,0,0,1,0,차대차 - 측면직각충돌,직진우회전진행방해,건조,맑음,교차로 - 교차로부근,자전거,여,33세,경상,화물,남,28세,상해없음
2013061100100166,2013년 6월 11일 10시,화요일,전라북도 김제시 금구면,경상사고,0,0,1,0,차대차 - 측면직각충돌,직진우회전진행방해,건조,맑음,교차로 - 교차로안,화물,남,56세,상해없음,화물,남,46세,경상
2013061100100167,2013년 6월 11일 10시,화요일,전라북도 부안군 부안읍,경상사고,0,0,1,0,차대차 - 기타,교차로운행방법위반,건조,맑음,교차로 - 교차로안,이륜,남,71세,경상,화물,남,44세,상해없음
2013061100100192,2013년 6월 11일 11시,화요일,전라북도 정읍시 북면,중상사고,0,2,0,0,차대차 - 측면직각충돌,직진우회전진행방해,건조,흐림,교차로 - 교차로안,화물,남,52세,상해없음,화물,여,55세,중상
2013061100100222,2013년 6월 11일 12시,화요일,전라북도 익산시 신용동,경상사고,0,0,1,0,차대사람 - 기타,안전운전불이행,건조,맑음,기타 - 기타,승용,남,19세,상해없음,보행자,여,21세,경상
2013061100100223,2013년 6월 11일 12시,화요일,전라북도 무주군 무주읍,중상사고,0,2,1,0,차대차 - 추돌 - 주정차중,안전운전불이행,건조,맑음,단일로 - 기타,승용,남,58세,상해없음,화물,남,43세,기타불명
2013061100100244,2013년 6월 11일 13시,화요일,전라북도 남원시 광치동,사망사고,1,0,0,0,차대차 - 추돌 - 주정차중,안전운전불이행,건조,맑음,단일로 - 기타,원동기,여,60세,사망,화물,남,41세,상해없음
2013061100100271,2013년 6월 11일 14시,화요일,전라북도 군산시 대야면,중상사고,0,1,0,0,차대차 - 추돌 - 진행중,안전운전불이행,건조,맑음,교차로 - 교차로안,승용,남,42세,상해없음,승용,남,53세,중상
2013061100100301,2013년 6월 11일 15시,화요일,전라북도 전주시 완산구 효자동1가,중상사고,0,1,0,0,차대차 - 기타,안전거리미확보,건조,흐림,단일로 - 기타,승용,남,33세,상해없음,이륜,남,50세,중상
2013061100100302,2013년 6월 11일 15시,화요일,전라북도 김제시 연정동,경상사고,0,0,1,0,차량단독 - 기타,안전운전불이행,습기,비,단일로 - 교량,승용,남,38세,상해없음,,,,
2013061100100333,2013년 6월 11일 16시,화요일,전라북도 전주시 완산구 효자동3가,경상사고,0,0,2,0,차대차 - 추돌 - 진행중,안전거리미확보,건조,맑음,단일로 - 기타,승용,남,48세,상해없음,승용,여,43세,상해없음
2013061100100334,2013년 6월 11일 16시,화요일,전라북도 익산시 어양동,중상사고,0,1,0,0,차대차 - 측면직각충돌,신호위반,건조,맑음,교차로 - 교차로안,원동기,남,66세,상해없음,자전거,여,53세,중상
2013061100100335,2013년 6월 11일 16시,화요일,전라북도 부안군 부안읍,경상사고,0,0,1,0,차대차 - 기타,교차로운행방법위반,습기,비,교차로 - 교차로안,이륜,남,53세,경상,승용,남,50세,상해없음
2013061100100382,2013년 6월 11일 17시,화요일,전라북도 전주시 덕진구 인후동1가,경상사고,0,0,2,0,차대차 - 추돌 - 주정차중,안전운전불이행,건조,맑음,교차로 - 교차로부근,승용,여,42세,상해없음,승용,남,49세,경상
2013061100100383,2013년 6월 11일 17시,화요일,전라북도 김제시 금산면,경상사고,0,0,1,0,차대사람 - 횡단중,보행자보호의무위반,습기,비,단일로 - 횡단보도상,화물,여,49세,상해없음,보행자,여,9세,경상
2013061100100384,2013년 6월 11일 17시,화요일,전라북도 남원시 이백면,중상사고,0,1,0,0,차대차 - 측면직각충돌,교차로운행방법위반,건조,맑음,교차로 - 교차로안,건설기계,남,49세,상해없음,화물,남,52세,중상
2013061100100385,2013년 6월 11일 17시,화요일,전라북도 부안군 부안읍,중상사고,0,1,4,0,차대차 - 기타,직진우회전진행방해,습기,비,교차로 - 교차로부근,승용,남,65세,경상,화물,남,54세,경상
2013061100100430,2013년 6월 11일 18시,화요일,전라북도 익산시 신흥동,경상사고,0,0,1,0,차대차 - 추돌 - 주정차중,안전거리미확보,습기,비,교차로 - 교차로부근,특수,남,58세,상해없음,승용,남,27세,경상
2013061100100431,2013년 6월 11일 18시,화요일,전라북도 남원시 노암동,경상사고,0,0,1,0,차대차 - 측면직각충돌,중앙선침범,건조,맑음,단일로 - 기타,자전거,남,16세,경상,승용,남,29세,상해없음
2013061100100461,2013년 6월 11일 19시,화요일,전라북도 군산시 영화동,경상사고,0,0,1,0,차대차 - 추돌 - 주정차중,안전거리미확보,습기,비,단일로 - 기타,승용,남,46세,상해없음,승용,남,26세,경상
2013061100100566,2013년 6월 11일 21시,화요일,전라북도 익산시 동산동,경상사고,0,0,1,0,차대사람 - 횡단중,안전운전불이행,건조,흐림,교차로 - 교차로부근,승용,남,45세,상해없음,보행자,남,53세,경상
2013061100100567,2013년 6월 11일 21시,화요일,전라북도 익산시 인화동1가,경상사고,0,0,2,0,차대차 - 기타,안전운전불이행,습기,비,교차로 - 교차로부근,승용,남,49세,상해없음,승용,남,21세,상해없음
2013061100100610,2013년 6월 11일 22시,화요일,전라북도 군산시 수송동,경상사고,0,0,1,0,차대차 - 추돌 - 주정차중,안전운전불이행,습기,비,교차로 - 교차로부근,승용,남,53세,상해없음,승용,여,42세,경상
2013061100100611,2013년 6월 11일 22시,화요일,전라북도 군산시 내흥동,중상사고,0,2,0,0,차대차 - 측면직각충돌,안전운전불이행,습기,비,교차로 - 교차로부근,화물,남,33세,상해없음,승용,남,32세,중상
2013061100100658,2013년 6월 11일 23시,화요일,전라북도 전주시 완산구 효자동1가,경상사고,0,0,1,0,차대차 - 기타,안전거리미확보,건조,맑음,단일로 - 기타,승용,남,67세,상해없음,원동기,남,17세,경상
2013061100100659,2013년 6월 11일 23시,화요일,전라북도 군산시 오식도동,경상사고,0,0,2,0,차대차 - 측면직각충돌,안전운전불이행,습기,비,교차로 - 교차로안,승용,남,61세,상해없음,승용,남,41세,상해없음
2013061200100014,2013년 6월 12일 00시,수요일,전라북도 장수군 계북면,사망사고,1,0,0,0,차대사람 - 기타,안전운전불이행,습기,흐림,단일로 - 기타,승용,남,54세,상해없음,보행자,남,75세,사망
2013061200100044,2013년 6월 12일 02시,수요일,전라북도 김제시 신풍동,중상사고,0,1,0,0,차대사람 - 길가장자리구역통행중,안전운전불이행,습기,흐림,교차로 - 교차로부근,승용,남,20세,상해없음,보행자,남,41세,중상
2013061200100054,2013년 6월 12일 03시,수요일,전라북도 군산시 수송동,경상사고,0,0,2,0,차대차 - 추돌 - 주정차중,안전운전불이행,건조,맑음,교차로 - 교차로부근,승용,남,22세,상해없음,승용,남,72세,경상
2013061200100096,2013년 6월 12일 07시,수요일,전라북도 군산시 문화동,경상사고,0,0,1,0,차대차 - 기타,차로위반,습기,비,교차로 - 교차로부근,승용,기타불명,기타불명,기타불명,승합,남,52세,상해없음
2013061200100135,2013년 6월 12일 08시,수요일,전라북도 전주시 완산구 효자동1가,경상사고,0,0,1,0,차대차 - 측면직각충돌,직진우회전진행방해,습기,비,교차로 - 교차로안,승용,여,54세,상해없음,승용,남,28세,경상
2013061200100136,2013년 6월 12일 08시,수요일,전라북도 전주시 완산구 효자동2가,경상사고,0,0,1,0,차대차 - 측면직각충돌,불법유턴,건조,맑음,단일로 - 기타,승용,남,60세,상해없음,승용,여,34세,상해없음
2013061200100183,2013년 6월 12일 10시,수요일,전라북도 전주시 덕진구 송천동1가,경상사고,0,0,1,0,차대차 - 측면직각충돌,안전운전불이행,습기,흐림,교차로 - 교차로안,화물,남,55세,상해없음,승용,여,31세,경상
2013061200100184,2013년 6월 12일 10시,수요일,전라북도 부안군 주산면,경상사고,0,0,2,1,차대차 - 측면직각충돌,교차로운행방법위반,습기,비,교차로 - 교차로안,승용,여,58세,부상신고,승합,여,36세,경상
2013061200100212,2013년 6월 12일 11시,수요일,전라북도 전주시 완산구 효자동2가,중상사고,0,1,0,0,차대차 - 측면직각충돌,직진우회전진행방해,건조,맑음,교차로 - 교차로안,원동기,남,74세,상해없음,화물,남,48세,중상
2013061200100213,2013년 6월 12일 11시,수요일,전라북도 김제시 백산면,중상사고,0,2,2,0,차대차 - 추돌 - 진행중,안전운전불이행,습기,흐림,단일로 - 기타,화물,남,56세,상해없음,승용,여,58세,경상
2013061200100295,2013년 6월 12일 14시,수요일,전라북도 전주시 완산구 삼천동1가,중상사고,0,1,0,0,차대차 - 추돌 - 주정차중,안전거리미확보,습기,비,교차로 - 교차로부근,승합,남,38세,상해없음,승용,여,56세,중상
2013061200100296,2013년 6월 12일 14시,수요일,전라북도 전주시 덕진구 인후동1가,중상사고,0,1,0,0,차대차 - 측면직각충돌,직진우회전진행방해,건조,맑음,교차로 - 교차로안,승용,남,50세,상해없음,승용,남,37세,중상
2013061200100332,2013년 6월 12일 15시,수요일,전라북도 군산시 조촌동,경상사고,0,0,1,0,차대차 - 기타,안전거리미확보,건조,맑음,단일로 - 기타,승용,남,49세,상해없음,자전거,남,92세,경상
2013061200100359,2013년 6월 12일 16시,수요일,전라북도 전주시 완산구 중노송동,경상사고,0,0,1,0,차대차 - 측면직각충돌,신호위반,건조,맑음,교차로 - 교차로안,승용,여,37세,상해없음,승용,남,25세,경상
2013061200100360,2013년 6월 12일 16시,수요일,전라북도 전주시 덕진구 인후동1가,경상사고,0,0,1,0,차대차 - 추돌 - 주정차중,안전운전불이행,습기,흐림,단일로 - 기타,화물,남,56세,상해없음,승용,여,57세,경상
2013061200100361,2013년 6월 12일 16시,수요일,전라북도 남원시 주생면,경상사고,0,0,1,0,차대차 - 기타,안전운전불이행,습기,비,교차로 - 교차로부근,화물,남,74세,상해없음,원동기,남,31세,경상
2013061200100395,2013년 6월 12일 17시,수요일,전라북도 익산시 어양동,경상사고,0,0,2,0,차대차 - 기타,안전거리미확보,건조,맑음,교차로 - 교차로안,승용,남,51세,상해없음,승용,남,27세,경상
2013061200100421,2013년 6월 12일 18시,수요일,전라북도 전주시 덕진구 동산동,경상사고,0,0,4,0,차대차 - 추돌 - 주정차중,안전운전불이행,습기,흐림,단일로 - 기타,승용,여,54세,상해없음,원동기,남,33세,경상
2013061200100422,2013년 6월 12일 18시,수요일,전라북도 전주시 덕진구 덕진동1가,경상사고,0,0,2,0,차대차 - 기타,안전거리미확보,습기,흐림,단일로 - 기타,승용,여,33세,상해없음,승합,남,48세,상해없음
2013061200100423,2013년 6월 12일 18시,수요일,전라북도 익산시 영등동,경상사고,0,0,1,0,차대차 - 기타,안전거리미확보,건조,맑음,교차로 - 교차로부근,승합,남,62세,상해없음,승용,남,53세,경상
2013061200100490,2013년 6월 12일 20시,수요일,전라북도 장수군 장계면,경상사고,0,0,2,0,차대차 - 측면직각충돌,직진우회전진행방해,습기,맑음,교차로 - 교차로안,승용,남,40세,상해없음,승합,남,60세,경상
2013061200100491,2013년 6월 12일 20시,수요일,전라북도 완주군 삼례읍,중상사고,0,1,0,0,차대차 - 측면직각충돌,교차로운행방법위반,건조,맑음,교차로 - 교차로안,승용,남,18세,상해없음,이륜,남,55세,중상
2013061200100575,2013년 6월 12일 22시,수요일,전라북도 전주시 완산구 효자동3가,경상사고,0,0,2,0,차대차 - 측면직각충돌,직진우회전진행방해,건조,맑음,교차로 - 교차로안,승용,남,53세,상해없음,승용,여,28세,경상
2013061200100576,2013년 6월 12일 22시,수요일,전라북도 익산시 춘포면,경상사고,0,0,2,0,차대차 - 기타,안전운전불이행,건조,맑음,단일로 - 기타,승용,남,63세,상해없음,승용,남,47세,경상
2013061200100577,2013년 6월 12일 22시,수요일,전라북도 부안군 변산면,중상사고,0,1,2,0,차대사람 - 길가장자리구역통행중,안전운전불이행,건조,맑음,단일로 - 기타,승용,남,40세,상해없음,보행자,남,53세,경상
2013061200100615,2013년 6월 12일 23시,수요일,전라북도 군산시 수송동,부상신고사고,0,0,0,1,차대사람 - 횡단중,안전운전불이행,건조,맑음,교차로 - 교차로부근,승용,기타불명,기타불명,기타불명,보행자,남,19세,부상신고
2013061200100616,2013년 6월 12일 23시,수요일,전라북도 부안군 하서면,경상사고,0,0,1,1,차대차 - 측면직각충돌,교차로운행방법위반,건조,맑음,교차로 - 교차로안,승합,남,30세,부상신고,승용,남,55세,경상
2013061300100035,2013년 6월 13일 02시,목요일,전라북도 정읍시 소성면,경상사고,0,0,1,0,차대사람 - 기타,안전운전불이행,건조,맑음,단일로 - 기타,승합,남,41세,상해없음,보행자,남,48세,경상
2013061300100094,2013년 6월 13일 07시,목요일,전라북도 전주시 덕진구 고랑동,경상사고,0,0,2,0,차대차 - 추돌 - 진행중,안전거리미확보,건조,맑음,단일로 - 기타,승용,남,25세,경상,승용,여,37세,상해없음
2013061300100142,2013년 6월 13일 09시,목요일,전라북도 전주시 덕진구 송천동1가,경상사고,0,0,1,0,차대사람 - 차도통행중,중앙선침범,건조,흐림,단일로 - 기타,승용,남,62세,상해없음,보행자,남,55세,경상
2013061300100165,2013년 6월 13일 10시,목요일,전라북도 정읍시 수성동,경상사고,0,0,1,0,차대차 - 추돌 - 주정차중,안전운전불이행,건조,맑음,단일로 - 기타,승용,여,67세,상해없음,승용,남,62세,상해없음
2013061300100190,2013년 6월 13일 11시,목요일,전라북도 정읍시 공평동,경상사고,0,0,1,0,차대차 - 추돌 - 주정차중,안전운전불이행,건조,맑음,기타 - 기타,승용,남,74세,상해없음,승용,남,66세,경상
2013061300100236,2013년 6월 13일 13시,목요일,전라북도 전주시 덕진구 인후동1가,경상사고,0,0,1,0,차대사람 - 기타,안전운전불이행,건조,흐림,단일로 - 기타,승용,여,38세,상해없음,보행자,여,39세,경상
2013061300100237,2013년 6월 13일 13시,목요일,전라북도 군산시 미룡동,경상사고,0,0,1,0,차대차 - 추돌 - 진행중,안전운전불이행,건조,맑음,단일로 - 기타,승용,남,35세,상해없음,자전거,남,22세,경상
2013061300100261,2013년 6월 13일 14시,목요일,전라북도 군산시 나운동,경상사고,0,0,1,0,차대차 - 정면충돌,안전운전불이행,건조,맑음,단일로 - 기타,승용,남,27세,상해없음,승용,남,51세,경상
2013061300100262,2013년 6월 13일 14시,목요일,전라북도 정읍시 농소동,경상사고,0,0,2,0,차대차 - 측면직각충돌,직진우회전진행방해,건조,흐림,교차로 - 교차로안,화물,남,36세,경상,승용,남,58세,경상
2013061300100301,2013년 6월 13일 15시,목요일,전라북도 군산시 지곡동,경상사고,0,0,3,0,차대차 - 기타,직진우회전진행방해,건조,맑음,교차로 - 교차로안,승합,남,68세,상해없음,승용,여,57세,경상
2013061300100302,2013년 6월 13일 15시,목요일,전라북도 익산시 영등동,경상사고,0,0,1,0,차대사람 - 횡단중,보행자보호의무위반,건조,맑음,단일로 - 횡단보도상,승용,남,38세,상해없음,보행자,여,9세,경상
2013061300100342,2013년 6월 13일 16시,목요일,전라북도 고창군 무장면,경상사고,0,0,3,0,차대차 - 정면충돌,중앙선침범,건조,맑음,교차로 - 교차로부근,화물,남,63세,상해없음,승용,여,34세,경상
2013061300100343,2013년 6월 13일 16시,목요일,전라북도 완주군 용진면,중상사고,0,1,0,0,차대차 - 정면충돌,안전운전불이행,건조,맑음,교차로 - 교차로부근,화물,남,63세,상해없음,이륜,남,30세,중상
2013061300100378,2013년 6월 13일 17시,목요일,전라북도 김제시 요촌동,중상사고,0,1,0,0,차대차 - 측면직각충돌,직진우회전진행방해,건조,맑음,교차로 - 교차로안,승용,여,53세,상해없음,원동기,남,63세,중상
2013061300100379,2013년 6월 13일 17시,목요일,전라북도 남원시 월락동,경상사고,0,0,1,0,차대사람 - 횡단중,보행자보호의무위반,건조,맑음,교차로 - 교차로부근,특수,남,42세,상해없음,보행자,남,9세,경상
2013061300100413,2013년 6월 13일 18시,목요일,전라북도 군산시 수송동,경상사고,0,0,1,0,차대차 - 기타,불법유턴,건조,맑음,단일로 - 기타,화물,남,33세,상해없음,자전거,여,59세,경상
2013061300100414,2013년 6월 13일 18시,목요일,전라북도 익산시 금마면,중상사고,0,1,1,0,차대차 - 추돌 - 진행중,안전운전불이행,건조,맑음,단일로 - 기타,승용,남,45세,상해없음,화물,남,50세,중상