사고번호,사고일시,요일,시군구,사고내용,사망자수,중상자수,경상자수,부상신고자수,사고유형,법규위반,노면상태,기상상태,도로형태,가해운전자 차종,가해운전자 성별,가해운전자 연령,가해운전자 상해정도,피해운전자 차종,피해운전자 성별,피해운전자 연령,피해운전자 상해정도
2013062100100530,2013년 6월 21일 20시,금요일,전라북도 익산시 금마면,경상사고,0,0,1,0,차대차 - 측면직각충돌,중앙선침범,건조,맑음,단일로 - 기타,승용,여,31세,상해없음,승용,남,33세,경상
2013062100100531,2013년 6월 21일 20시,금요일,전라북도 익산시 영등동,중상사고,0,1,0,0,차대차 - 측면직각충돌,직진우회전진행방해,건조,맑음,교차로 - 교차로안,승용,남,47세,상해없음,이륜,남,61세,중상
2013062100100565,2013년 6월 21일 21시,금요일,전라북도 군산시 임피면,중상사고,0,1,2,0,차대차 - 정면충돌,안전운전불이행,건조,맑음,단일로 - 기타,승용,남,63세,상해없음,승용,남,21세,경상
2013062100100566,2013년 6월 21일 21시,금요일,전라북도 익산시 모현동1가,경상사고,0,0,1,0,차대차 - 추돌 - 진행중,안전운전불이행,건조,맑음,교차로 - 교차로안,승용,남,49세,상해없음,승용,여,59세,경상
2013062100100603,2013년 6월 21일 22시,금요일,전라북도 전주시 완산구 서서학동,경상사고,0,0,2,0,차대차 - 추돌 - 주정차중,안전운전불이행,건조,맑음,교차로 - 교차로부근,화물,남,53세,상해없음,승용,남,39세,경상
2013062200100070,2013년 6월 22일 02시,토요일,전라북도 전주시 덕진구 금암동,경상사고,0,0,1,0,차대차 - 추돌 - 주정차중,안전운전불이행,건조,맑음,교차로 - 교차로부근,승용,남,31세,상해없음,승용,남,39세,경상
2013062200100159,2013년 6월 22일 07시,토요일,전라북도 김제시 용동,사망사고,1,0,0,0,차대사람 - 기타,안전운전불이행,기타,맑음,단일로 - 기타,승용,여,38세,상해없음,보행자,여,70세,사망
2013062200100178,2013년 6월 22일 08시,토요일,전라북도 익산시 함열읍,경상사고,0,0,4,0,차대차 - 기타,안전운전불이행,건조,맑음,단일로 - 기타,승용,남,24세,상해없음,화물,남,43세,경상
2013062200100200,2013년 6월 22일 09시,토요일,전라북도 전주시 완산구 서서학동,경상사고,0,0,1,0,차대차 - 기타,신호위반,건조,맑음,교차로 - 교차로안,승용,남,81세,상해없음,승용,남,60세,경상
2013062200100201,2013년 6월 22일 09시,토요일,전라북도 익산시 함열읍,경상사고,0,0,2,0,차대차 - 추돌 - 진행중,안전운전불이행,건조,맑음,단일로 - 기타,화물,여,26세,상해없음,승용,남,39세,경상
2013062200100231,2013년 6월 22일 10시,토요일,전라북도 무주군 무주읍,경상사고,0,0,5,0,차대차 - 측면직각충돌,안전운전불이행,건조,맑음,단일로 - 기타,승용,여,44세,상해없음,승용,여,26세,경상
2013062200100255,2013년 6월 22일 11시,토요일,전라북도 군산시 지곡동,중상사고,0,1,0,0,차대사람 - 횡단중,안전운전불이행,건조,맑음,단일로 - 기타,승용,여,36세,상해없음,보행자,남,15세,중상
2013062200100256,2013년 6월 22일 11시,토요일,전라북도 정읍시 정우면,경상사고,0,0,1,0,차대차 - 측면직각충돌,직진우회전진행방해,건조,맑음,단일로 - 기타,화물,남,39세,상해없음,화물,남,42세,경상
2013062200100293,2013년 6월 22일 12시,토요일,전라북도 전주시 덕진구 반월동,중상사고,0,1,0,0,차대사람 - 횡단중,신호위반,건조,맑음,교차로 - 교차로안,승용,남,56세,상해없음,보행자,여,10세,중상
2013062200100294,2013년 6월 22일 12시,토요일,전라북도 익산시 인화동1가,경상사고,0,0,1,0,차대차 - 측면직각충돌,직진우회전진행방해,건조,맑음,교차로 - 교차로안,원동기,남,66세,상해없음,승용,여,52세,경상
2013062200100323,2013년 6월 22일 13시,토요일,전라북도 고창군 아산면,경상사고,0,0,3,0,차대차 - 기타,안전거리미확보,건조,맑음,단일로 - 기타,승용,남,62세,상해없음,승합,남,48세,상해없음
2013062200100361,2013년 6월 22일 14시,토요일,전라북도 전주시 완산구 평화동1가,경상사고,0,0,3,0,차대차 - 기타,안전운전불이행,건조,맑음,단일로 - 기타,승용,남,51세,상해없음,승용,여,54세,경상
2013062200100362,2013년 6월 22일 14시,토요일,전라북도 익산시 중앙동1가,경상사고,0,0,1,0,차대사람 - 기타,안전운전불이행,건조,맑음,교차로 - 교차로안,승용,남,29세,상해없음,보행자,남,57세,경상
2013062200100389,2013년 6월 22일 15시,토요일,전라북도 익산시 함라면,중상사고,0,2,0,0,차대차 - 측면직각충돌,신호위반,건조,맑음,교차로 - 교차로안,승용,남,35세,상해없음,화물,남,37세,중상
2013062200100390,2013년 6월 22일 15시,토요일,전라북도 익산시 남중동,경상사고,0,0,1,0,차대차 - 측면직각충돌,직진우회전진행방해,건조,맑음,교차로 - 교차로안,승용,여,50세,상해없음,승용,남,24세,경상
2013062200100444,2013년 6월 22일 17시,토요일,전라북도 남원시 산내면,경상사고,0,0,2,0,차대차 - 추돌 - 진행중,안전거리미확보,건조,맑음,단일로 - 기타,화물,남,51세,상해없음,승용,남,50세,경상
2013062200100466,2013년 6월 22일 18시,토요일,전라북도 전주시 완산구 중화산동2가,경상사고,0,0,3,0,차대차 - 측면직각충돌,교차로운행방법위반,건조,맑음,교차로 - 교차로안,승용,남,72세,경상,승용,남,24세,경상
2013062200100467,2013년 6월 22일 18시,토요일,전라북도 익산시 함열읍,경상사고,0,0,1,0,차대사람 - 기타,안전운전불이행,건조,맑음,단일로 - 기타,승합,남,57세,상해없음,보행자,남,3세,경상
2013062200100468,2013년 6월 22일 18시,토요일,전라북도 김제시 백산면,중상사고,0,4,1,0,차대차 - 정면충돌,중앙선침범,건조,맑음,교차로 - 교차로안,승용,여,29세,상해없음,승용,남,31세,중상
2013062200100491,2013년 6월 22일 19시,토요일,전라북도 전주시 덕진구 인후동1가,경상사고,0,0,6,0,차대차 - 측면직각충돌,직진우회전진행방해,건조,맑음,교차로 - 교차로안,승용,여,57세,상해없음,승용,여,28세,경상
2013062200100518,2013년 6월 22일 20시,토요일,전라북도 군산시 나운동,경상사고,0,0,1,0,차대차 - 추돌 - 주정차중,안전운전불이행,습기,비,단일로 - 기타,승용,남,52세,상해없음,이륜,남,20세,경상
2013062200100519,2013년 6월 22일 20시,토요일,전라북도 정읍시 수성동,경상사고,0,0,2,0,차대차 - 측면직각충돌,신호위반,건조,맑음,교차로 - 교차로안,승용,남,36세,상해없음,승용,여,37세,경상
2013062200100520,2013년 6월 22일 20시,토요일,전라북도 정읍시 수성동,경상사고,0,0,1,0,차대차 - 추돌 - 주정차중,안전운전불이행,건조,흐림,교차로 - 교차로부근,화물,남,53세,상해없음,승용,여,42세,경상
2013062200100521,2013년 6월 22일 20시,토요일,전라북도 부안군 동진면,중상사고,0,1,5,0,차대차 - 추돌 - 진행중,차로위반,건조,흐림,단일로 - 교량,승용,남,60세,상해없음,승용,남,49세,경상
2013062200100554,2013년 6월 22일 21시,토요일,전라북도 전주시 완산구 고사동,경상사고,0,0,1,0,차대사람 - 차도통행중,안전운전불이행,습기,비,단일로 - 기타,승용,남,47세,상해없음,보행자,여,30세,경상
2013062200100555,2013년 6월 22일 21시,토요일,전라북도 전주시 완산구 효자동3가,경상사고,0,0,2,0,차대차 - 추돌 - 주정차중,안전운전불이행,습기,비,교차로 - 교차로부근,승용,남,24세,상해없음,승용,남,29세,경상
2013062200100556,2013년 6월 22일 21시,토요일,전라북도 전주시 덕진구 덕진동1가,경상사고,0,0,1,0,차대사람 - 차도통행중,안전운전불이행,건조,맑음,교차로 - 교차로안,승용,여,24세,상해없음,보행자,남,50세,경상
2013062200100557,2013년 6월 22일 21시,토요일,전라북도 군산시 수송동,경상사고,0,0,4,0,차대차 - 측면직각충돌,신호위반,습기,비,교차로 - 교차로안,승용,남,63세,상해없음,승용,남,38세,경상
2013062200100558,2013년 6월 22일 21시,토요일,전라북도 익산시 신동,경상사고,0,0,1,0,차대차 - 측면직각충돌,안전거리미확보,습기,비,단일로 - 기타,승용,여,42세,상해없음,승용,남,35세,경상
2013062200100559,2013년 6월 22일 21시,토요일,전라북도 익산시 어양동,경상사고,0,0,1,0,차대차 - 추돌 - 진행중,안전운전불이행,습기,비,단일로 - 기타,화물,남,55세,상해없음,승용,남,66세,상해없음
2013062200100590,2013년 6월 22일 22시,토요일,전라북도 전주시 완산구 효자동1가,경상사고,0,0,2,0,차대차 - 기타,안전운전불이행,습기,비,교차로 - 교차로안,승용,남,63세,상해없음,승용,남,26세,경상
2013062200100591,2013년 6월 22일 22시,토요일,전라북도 익산시 마동,경상사고,0,0,1,0,차대사람 - 횡단중,안전운전불이행,건조,맑음,교차로 - 교차로안,승용,여,24세,상해없음,보행자,남,31세,경상
2013062300100072,2013년 6월 23일 02시,일요일,전라북도 군산시 수송동,경상사고,0,0,3,0,차대차 - 측면직각충돌,안전운전불이행,습기,흐림,교차로 - 교차로부근,승용,남,55세,상해없음,승용,남,29세,경상
2013062300100088,2013년 6월 23일 04시,일요일,전라북도 전주시 덕진구 금암동,중상사고,0,1,0,0,차대사람 - 횡단중,중앙선침범,건조,맑음,교차로 - 교차로안,승용,남,61세,상해없음,보행자,여,69세,중상
2013062300100100,2013년 6월 23일 05시,일요일,전라북도 진안군 진안읍,중상사고,0,1,0,0,차량단독 - 전도전복,안전운전불이행,습기,비,단일로 - 기타,승용,여,22세,상해없음,,,,
2013062300100193,2013년 6월 23일 11시,일요일,전라북도 김제시 교동,중상사고,0,1,2,0,차대차 - 추돌 - 진행중,신호위반,건조,흐림,교차로 - 교차로안,승용,남,32세,상해없음,승용,남,63세,상해없음
2013062300100218,2013년 6월 23일 12시,일요일,전라북도 전주시 덕진구 인후동1가,중상사고,0,1,0,0,차대사람 - 기타,안전운전불이행,건조,맑음,교차로 - 교차로안,승용,남,44세,상해없음,보행자,남,38세,중상
2013062300100244,2013년 6월 23일 13시,일요일,전라북도 진안군 성수면,중상사고,0,3,1,0,차량단독 - 전도전복,안전운전불이행,습기,비,기타 - 기타,화물,남,48세,중상,,,,
2013062300100270,2013년 6월 23일 14시,일요일,전라북도 전주시 완산구 중노송동,경상사고,0,0,1,0,차대차 - 측면직각충돌,교차로운행방법위반,건조,맑음,교차로 - 교차로부근,승용,남,71세,상해없음,승용,여,47세,경상
2013062300100271,2013년 6월 23일 14시,일요일,전라북도 익산시 용동면,경상사고,0,0,1,0,차대차 - 추돌 - 주정차중,안전운전불이행,습기,비,교차로 - 교차로부근,화물,남,57세,상해없음,승용,남,27세,경상
2013062300100272,2013년 6월 23일 14시,일요일,전라북도 완주군 봉동읍,경상사고,0,0,5,0,차대차 - 측면직각충돌,안전거리미확보,습기,비,단일로 - 기타,승용,남,46세,상해없음,승용,남,39세,경상
2013062300100335,2013년 6월 23일 16시,일요일,전라북도 전주시 완산구 효자동3가,중상사고,0,1,0,0,차대차 - 기타,교차로운행방법위반,습기,비,교차로 - 교차로안,화물,남,54세,상해없음,원동기,남,26세,중상
2013062300100361,2013년 6월 23일 17시,일요일,전라북도 익산시 송학동,중상사고,0,1,0,0,차대차 - 측면직각충돌,직진우회전진행방해,건조,맑음,교차로 - 교차로안,화물,남,57세,상해없음,승용,남,57세,상해없음
2013062300100405,2013년 6월 23일 18시,일요일,전라북도 익산시 남중동,경상사고,0,0,1,0,차대차 - 측면직각충돌,안전운전불이행,건조,흐림,단일로 - 기타,승용,여,48세,상해없음,자전거,남,45세,경상
2013062300100406,2013년 6월 23일 18시,일요일,전라북도 정읍시 수성동,중상사고,0,1,0,0,차대사람 - 횡단중,안전운전불이행,습기,비,단일로 - 기타,승용,여,41세,상해없음,보행자,여,92세,중상
2013062300100407,2013년 6월 23일 18시,일요일,전라북도 완주군 이서면,경상사고,0,0,1,0,차대차 - 기타,중앙선침범,건조,맑음,단일로 - 기타,특수,남,56세,상해없음,승합,여,54세,상해없음
2013062300100436,2013년 6월 23일 19시,일요일,전라북도 진안군 성수면,경상사고,0,0,1,0,차량단독 - 기타,안전운전불이행,습기,맑음,단일로 - 기타,승용,남,66세,경상,,,,
2013062300100486,2013년 6월 23일 21시,일요일,전라북도 정읍시 상동,중상사고,0,1,0,0,차대사람 - 횡단중,보행자보호의무위반,건조,흐림,교차로 - 교차로안,승합,남,19세,상해없음,보행자,여,74세,중상
2013062300100513,2013년 6월 23일 22시,일요일,전라북도 전주시 완산구 서신동,경상사고,0,0,3,0,차대차 - 측면직각충돌,신호위반,건조,맑음,교차로 - 교차로안,승용,남,48세,상해없음,승용,남,55세,경상
2013062300100514,2013년 6월 23일 22시,일요일,전라북도 전주시 덕진구 반월동,경상사고,0,0,1,0,차대차 - 기타,불법유턴,건조,맑음,단일로 - 기타,승합,남,26세,상해없음,승용,남,26세,경상
2013062400100006,2013년 6월 24일 00시,월요일,전라북도 정읍시 시기동,경상사고,0,0,3,0,차대차 - 측면직각충돌,직진우회전진행방해,건조,흐림,교차로 - 교차로안,승용,여,50세,경상,승용,남,44세,경상
2013062400100042,2013년 6월 24일 05시,월요일,전라북도 군산시 장재동,경상사고,0,0,1,1,차대차 - 측면직각충돌,직진우회전진행방해,건조,맑음,교차로 - 교차로안,승용,남,57세,부상신고,승용,여,38세,경상
2013062400100118,2013년 6월 24일 08시,월요일,전라북도 전주시 완산구 중화산동2가,경상사고,0,0,1,0,차대사람 - 횡단중,안전운전불이행,건조,맑음,교차로 - 교차로안,승용,남,51세,상해없음,보행자,여,44세,경상
2013062400100119,2013년 6월 24일 08시,월요일,전라북도 정읍시 소성면,경상사고,0,0,3,0,차대차 - 측면직각충돌,안전운전불이행,건조,흐림,교차로 - 교차로부근,화물,남,65세,상해없음,화물,남,66세,경상
2013062400100120,2013년 6월 24일 08시,월요일,전라북도 부안군 부안읍,중상사고,0,1,0,0,차대차 - 기타,교차로운행방법위반,건조,맑음,교차로 - 교차로안,승용,여,72세,상해없음,원동기,남,66세,중상
2013062400100150,2013년 6월 24일 09시,월요일,전라북도 군산시 수송동,사망사고,1,0,0,0,차대차 - 측면직각충돌,안전운전불이행,건조,맑음,교차로 - 교차로안,승용,남,49세,상해없음,자전거,남,75세,사망
2013062400100151,2013년 6월 24일 09시,월요일,전라북도 순창군 적성면,중상사고,0,1,0,0,차대차 - 기타,기타,건조,맑음,교차로 - 교차로안,승용,남,53세,상해없음,원동기,남,84세,중상
2013062400100173,2013년 6월 24일 10시,월요일,전라북도 정읍시 정우면,중상사고,0,1,0,0,차대차 - 기타,직진우회전진행방해,건조,맑음,교차로 - 교차로안,승용,여,60세,상해없음,원동기,남,75세,중상
2013062400100195,2013년 6월 24일 11시,월요일,전라북도 임실군 신평면,중상사고,0,2,0,0,차대차 - 측면직각충돌,교차로운행방법위반,건조,맑음,교차로 - 교차로안,화물,남,31세,중상,승합,남,35세,중상
2013062400100224,2013년 6월 24일 12시,월요일,전라북도 익산시 삼기면,경상사고,0,0,3,0,차대차 - 측면직각충돌,신호위반,건조,맑음,교차로 - 교차로안,승용,남,26세,상해없음,화물,남,50세,경상
2013062400100225,2013년 6월 24일 12시,월요일,전라북도 익산시 왕궁면,경상사고,0,0,1,0,차대차 - 측면직각충돌,직진우회전진행방해,건조,맑음,교차로 - 교차로안,건설기계,남,53세,상해없음,승용,남,47세,경상
2013062400100252,2013년 6월 24일 13시,월요일,전라북도 전주시 완산구 효자동3가,경상사고,0,0,1,0,차대차 - 측면직각충돌,안전거리미확보,건조,맑음,교차로 - 교차로안,승용,남,41세,상해없음,승용,여,50세,경상
2013062400100279,2013년 6월 24일 14시,월요일,전라북도 익산시 석왕동,사망사고,1,0,0,0,차대차 - 기타,안전거리미확보,건조,맑음,단일로 - 기타,화물,남,58세,상해없음,이륜,남,65세,사망
2013062400100309,2013년 6월 24일 15시,월요일,전라북도 익산시 마동,중상사고,0,1,0,0,차대차 - 기타,안전운전불이행,건조,맑음,교차로 - 교차로부근,승용,남,37세,상해없음,자전거,남,18세,중상
2013062400100349,2013년 6월 24일 16시,월요일,전라북도 군산시 지곡동,경상사고,0,0,1,0,차대차 - 측면직각충돌,안전운전불이행,건조,맑음,단일로 - 기타,승용,여,43세,상해없음,원동기,남,69세,경상
2013062400100350,2013년 6월 24일 16시,월요일,전라북도 군산시 나운동,경상사고,0,0,1,0,차대사람 - 기타,안전운전불이행,건조,맑음,교차로 - 교차로안,기타불명,기타불명,기타불명,기타불명,보행자,남,17세,경상
2013062400100373,2013년 6월 24일 17시,월요일,전라북도 전주시 완산구 평화동2가,중상사고,0,1,1,0,차대사람 - 횡단중,보행자보호의무위반,건조,맑음,단일로 - 기타,승용,여,46세,상해없음,보행자,여,42세,경상
2013062400100374,2013년 6월 24일 17시,월요일,전라북도 김제시 금산면,경상사고,0,0,1,0,차대차 - 측면직각충돌,안전운전불이행,건조,맑음,교차로 - 교차로안,승용,여,39세,상해없음,원동기,남,50세,경상
2013062400100422,2013년 6월 24일 18시,월요일,전라북도 군산시 지곡동,경상사고,0,0,1,0,차대사람 - 횡단중,안전운전불이행,건조,맑음,단일로 - 기타,승용,남,47세,상해없음,보행자,남,34세,경상
2013062400100423,2013년 6월 24일 18시,월요일,전라북도 익산시 신동,경상사고,0,0,1,0,차대사람 - 기타,안전운전불이행,건조,맑음,단일로 - 기타,기타불명,기타불명,기타불명,기타불명,보행자,여,33세,경상
2013062400100424,2013년 6월 24일 18시,월요일,전라북도 고창군 고창읍,경상사고,0,0,1,0,차대차 - 기타,안전운전불이행,건조,맑음,교차로 - 교차로안,승용,남,60세,상해없음,자전거,남,12세,경상
2013062400100462,2013년 6월 24일 19시,월요일,전라북도 전주시 완산구 중화산동2가,경상사고,0,0,3,1,차대차 - 측면직각충돌,신호위반,건조,맑음,교차로 - 교차로안,승용,여,21세,상해없음,승용,여,47세,부상신고
2013062400100463,2013년 6월 24일 19시,월요일,전라북도 전주시 완산구 평화동2가,경상사고,0,0,1,0,차대차 - 기타,불법유턴,건조,맑음,단일로 - 기타,승용,남,53세,상해없음,승용,남,40세,경상
2013062400100490,2013년 6월 24일 20시,월요일,전라북도 익산시 오산면,경상사고,0,0,1,0,차대차 - 측면직각충돌,직진우회전진행방해,건조,맑음,교차로 - 교차로안,화물,남,52세,상해없음,승용,남,49세,경상
2013062400100530,2013년 6월 24일 21시,월요일,전라북도 군산시 나운동,경상사고,0,0,1,0,차대사람 - 횡단중,안전운전불이행,건조,맑음,교차로 - 교차로부근,승용,남,52세,상해없음,보행자,남,42세,경상
2013062400100531,2013년 6월 24일 21시,월요일,전라북도 부안군 동진면,부상신고사고,0,0,0,1,차량단독 - 공작물충돌,안전운전불이행,건조,맑음,교차로 - 교차로부근,이륜,남,45세,부상신고,,,,
2013062400100557,2013년 6월 24일 22시,월요일,전라북도 익산시 춘포면,중상사고,0,1,0,0,차대차 - 측면직각충돌,신호위반,건조,맑음,교차로 - 교차로안,승합,남,65세,상해없음,승용,남,27세,중상
2013062400100597,2013년 6월 24일 23시,월요일,전라북도 전주시 덕진구 인후동1가,중상사고,0,1,0,0,차대사람 - 길가장자리구역통행중,중앙선침범,건조,맑음,단일로 - 기타,승용,남,27세,상해없음,보행자,여,44세,중상
2013062400100598,2013년 6월 24일 23시,월요일,전라북도 전주시 덕진구 인후동1가,경상사고,0,0,1,0,차대차 - 측면직각충돌,신호위반,습기,비,교차로 - 교차로안,승용,여,50세,상해없음,승용,남,41세,경상
2013062400100599,2013년 6월 24일 23시,월요일,전라북도 정읍시 북면,중상사고,0,1,0,0,차대차 - 추돌 - 주정차중,안전운전불이행,건조,맑음,단일로 - 기타,승용,남,29세,상해없음,승용,남,49세,중상
2013062500100034,2013년 6월 25일 01시,화요일,전라북도 전주시 완산구 효자동3가,중상사고,0,1,0,0,차대차 - 정면충돌,신호위반,습기,흐림,교차로 - 교차로안,승용,남,33세,상해없음,승용,남,40세,중상
2013062500100073,2013년 6월 25일 05시,화요일,전라북도 전주시 완산구 대성동,경상사고,0,0,1,0,차대차 - 기타,교차로운행방법위반,건조,맑음,교차로 - 교차로안,화물,남,50세,상해없음,승용,남,43세,경상
2013062500100074,2013년 6월 25일 05시,화요일,전라북도 완주군 구이면,중상사고,0,1,3,0,차대차 - 측면직각충돌,안전거리미확보,건조,맑음,교차로 - 교차로부근,승용,남,22세,상해없음,화물,남,53세,중상
2013062500100090,2013년 6월 25일 06시,화요일,전라북도 전주시 완산구 효자동2가,중상사고,0,1,0,0,차대차 - 측면직각충돌,신호위반,건조,맑음,교차로 - 교차로안,승용,남,23세,상해없음,화물,남,47세,중상
2013062500100112,2013년 6월 25일 07시,화요일,전라북도 전주시 완산구 평화동1가,경상사고,0,0,1,0,차대차 - 기타,안전운전불이행,건조,맑음,단일로 - 기타,승용,남,67세,상해없음,승용,여,50세,경상
2013062500100113,2013년 6월 25일 07시,화요일,전라북도 익산시 남중동,경상사고,0,0,1,0,차대차 - 기타,안전운전불이행,건조,맑음,단일로 - 기타,승용,남,51세,상해없음,자전거,남,20세,경상
2013062500100141,2013년 6월 25일 08시,화요일,전라북도 익산시 부송동,중상사고,0,1,0,0,차대차 - 기타,안전운전불이행,건조,맑음,교차로 - 교차로안,승용,남,39세,상해없음,자전거,남,14세,중상
2013062500100142,2013년 6월 25일 08시,화요일,전라북도 임실군 신덕면,사망사고,1,0,0,0,차량단독 - 전도전복,안전운전불이행,건조,맑음,교차로 - 교차로부근,화물,남,64세,사망,,,,
2013062500100202,2013년 6월 25일 10시,화요일,전라북도 부안군 변산면,중상사고,0,3,1,0,차대차 - 정면충돌,중앙선침범,건조,맑음,단일로 - 기타,화물,여,49세,중상,화물,남,44세,경상
2013062500100233,2013년 6월 25일 11시,화요일,전라북도 군산시 지곡동,경상사고,0,0,1,0,차대차 - 추돌 - 진행중,안전운전불이행,건조,맑음,교차로 - 교차로부근,승용,남,61세,상해없음,승용,여,48세,경상
2013062500100234,2013년 6월 25일 11시,화요일,전라북도 익산시 신동,경상사고,0,0,4,0,차대차 - 측면직각충돌,안전운전불이행,건조,맑음,교차로 - 교차로안,승용,남,47세,상해없음,승용,남,26세,경상
2013062500100270,2013년 6월 25일 12시,화요일,전라북도 전주시 완산구 중화산동2가,중상사고,0,1,0,0,차대차 - 기타,신호위반,건조,맑음,교차로 - 교차로안,승용,남,55세,상해없음,화물,남,49세,중상
2013062500100271,2013년 6월 25일 12시,화요일,전라북도 진안군 진안읍,중상사고,0,1,0,0,차대차 - 측면직각충돌,불법유턴,건조,맑음,단일로 - 기타,승용,남,41세,상해없음,원동기,남,84세,중상
2013062500100300,2013년 6월 25일 13시,화요일,전라북도 익산시 영등동,경상사고,0,0,1,0,차대차 - 측면직각충돌,신호위반,건조,맑음,교차로 - 교차로안,승용,여,49세,상해없음,승용,남,49세,경상
2013062500100332,2013년 6월 25일 14시,화요일,전라북도 김제시 성덕면,중상사고,0,1,0,0,차대차 - 기타,안전운전불이행,건조,맑음,단일로 - 기타,화물,남,25세,상해없음,원동기,남,87세,중상
2013062500100358,2013년 6월 25일 15시,화요일,전라북도 전주시 완산구 삼천동1가,경상사고,0,0,1,0,차대차 - 기타,안전거리미확보,건조,맑음,단일로 - 기타,승용,남,52세,상해없음,승용,여,39세,경상
2013062500100391,2013년 6월 25일 16시,화요일,전라북도 전주시 덕진구 인후동1가,경상사고,0,0,1,0,차대차 - 측면직각충돌,교차로운행방법위반,건조,맑음,교차로 - 교차로안,이륜,남,50세,경상,승용,남,66세,상해없음
2013062500100392,2013년 6월 25일 16시,화요일,전라북도 전주시 덕진구 호성동1가,경상사고,0,0,1,0,차대사람 - 길가장자리구역통행중,안전운전불이행,건조,맑음,단일로 - 기타,승용,남,41세,상해없음,보행자,남,14세,경상
2013062500100427,2013년 6월 25일 17시,화요일,전라북도 전주시 완산구 서신동,경상사고,0,0,1,0,차대차 - 기타,교차로운행방법위반,습기,비,교차로 - 교차로안,승용,여,32세,상해없음,승합,남,28세,상해없음
2013062500100428,2013년 6월 25일 17시,화요일,전라북도 전주시 덕진구 인후동1가,경상사고,0,0,1,0,차대차 - 기타,안전운전불이행,습기,비,교차로 - 교차로부근,승용,남,43세,상해없음,자전거,남,63세,경상
2013062500100429,2013년 6월 25일 17시,화요일,전라북도 군산시 소룡동,경상사고,0,0,1,0,차대차 - 측면직각충돌,신호위반,습기,비,교차로 - 교차로안,화물,남,35세,상해없음,이륜,남,71세,경상
2013062500100430,2013년 6월 25일 17시,화요일,전라북도 김제시 금산면,중상사고,0,2,0,0,차대차 - 측면직각충돌,직진우회전진행방해,습기,비,교차로 - 교차로안,화물,남,49세,상해없음,화물,남,61세,중상
2013062500100478,2013년 6월 25일 18시,화요일,전라북도 전주시 덕진구 팔복동3가,경상사고,0,0,3,0,차대차 - 측면직각충돌,신호위반,습기,비,단일로 - 기타,승용,남,32세,상해없음,승용,남,22세,경상
2013062500100479,2013년 6월 25일 18시,화요일,전라북도 군산시 영화동,경상사고,0,0,2,0,차대차 - 측면직각충돌,안전운전불이행,습기,비,교차로 - 교차로안,승용,여,42세,상해없음,승용,남,22세,경상
2013062500100480,2013년 6월 25일 18시,화요일,전라북도 익산시 금마면,중상사고,0,1,0,0,차대차 - 측면직각충돌,중앙선침범,습기,비,단일로 - 기타,특수,남,55세,상해없음,화물,남,48세,중상
2013062500100481,2013년 6월 25일 18시,화요일,전라북도 익산시 신동,중상사고,0,1,1,0,차대차 - 측면직각충돌,신호위반,습기,비,교차로 - 교차로안,특수,남,34세,상해없음,승용,여,23세,경상
2013062500100482,2013년 6월 25일 18시,화요일,전라북도 정읍시 고부면,경상사고,0,0,1,0,차대차 - 측면직각충돌,교차로운행방법위반,습기,비,교차로 - 교차로안,승합,남,44세,상해없음,화물,남,51세,경상
2013062500100516,2013년 6월 25일 19시,화요일,전라북도 군산시 소룡동,중상사고,0,1,1,0,차대차 - 측면직각충돌,신호위반,습기,비,교차로 - 교차로안,승용,남,31세,상해없음,승용,남,31세,중상
2013062500100517,2013년 6월 25일 19시,화요일,전라북도 정읍시 연지동,경상사고,0,0,2,0,차대차 - 측면직각충돌,중앙선침범,습기,비,단일로 - 기타,승용,여,52세,상해없음,화물,남,52세,경상
2013062500100557,2013년 6월 25일 20시,화요일,전라북도 전주시 완산구 효자동1가,중상사고,0,1,0,0,차대사람 - 횡단중,안전운전불이행,습기,비,교차로 - 교차로안,승용,남,59세,상해없음,보행자,남,40세,중상
2013062500100610,2013년 6월 25일 21시,화요일,전라북도 익산시 모현동1가,경상사고,0,0,1,0,차대사람 - 횡단중,신호위반,습기,비,교차로 - 교차로안,승용,남,47세,상해없음,보행자,여,64세,경상
2013062500100643,2013년 6월 25일 22시,화요일,전라북도 완주군 봉동읍,경상사고,0,0,1,0,차대사람 - 기타,안전운전불이행,습기,비,단일로 - 기타,특수,남,36세,상해없음,보행자,여,77세,경상
2013062600100020,2013년 6월 26일 00시,수요일,전라북도 전주시 완산구 중화산동2가,경상사고,0,0,2,0,차대차 - 측면직각충돌,신호위반,습기,비,교차로 - 교차로안,승용,남,49세,상해없음,승용,남,65세,경상
2013062600100021,2013년 6월 26일 00시,수요일,전라북도 전주시 완산구 중화산동2가,경상사고,0,0,2,0,차대차 - 추돌 - 주정차중,안전운전불이행,건조,흐림,교차로 - 교차로부근,승용,남,35세,상해없음,승용,남,23세,경상
2013062600100022,2013년 6월 26일 00시,수요일,전라북도 전주시 완산구 전동,경상사고,0,0,4,0,차대차 - 측면직각충돌,직진우회전진행방해,습기,비,교차로 - 교차로안,승용,남,54세,경상,승용,남,54세,경상
2013062600100023,2013년 6월 26일 00시,수요일,전라북도 전주시 덕진구 송천동1가,경상사고,0,0,1,0,차대차 - 추돌 - 주정차중,중앙선침범,습기,비,단일로 - 기타,승용,남,37세,경상,화물,남,62세,기타불명
2013062600100024,2013년 6월 26일 00시,수요일,전라북도 전주시 덕진구 인후동1가,중상사고,0,1,0,0,차대차 - 추돌 - 진행중,안전운전불이행,건조,맑음,교차로 - 교차로부근,승용,남,41세,상해없음,원동기,남,40세,중상