사고번호,사고일시,요일,시군구,사고내용,사망자수,중상자수,경상자수,부상신고자수,사고유형,법규위반,노면상태,기상상태,도로형태,가해운전자 차종,가해운전자 성별,가해운전자 연령,가해운전자 상해정도,피해운전자 차종,피해운전자 성별,피해운전자 연령,피해운전자 상해정도
2013063000100193,2013년 6월 30일 10시,일요일,전라북도 정읍시 옹동면,중상사고,0,1,0,0,차대차 - 정면충돌,안전운전불이행,건조,맑음,단일로 - 기타,화물,남,42세,상해없음,원동기,남,78세,중상
2013063000100210,2013년 6월 30일 11시,일요일,전라북도 군산시 산북동,중상사고,0,1,0,0,차대차 - 정면충돌,중앙선침범,건조,맑음,교차로 - 교차로부근,승용,남,19세,상해없음,승용,남,63세,중상
2013063000100257,2013년 6월 30일 13시,일요일,전라북도 익산시 어양동,중상사고,0,1,0,0,차대차 - 측면직각충돌,안전운전불이행,건조,맑음,교차로 - 교차로안,승용,남,57세,상해없음,자전거,남,65세,중상
2013063000100258,2013년 6월 30일 13시,일요일,전라북도 진안군 백운면,중상사고,0,1,0,0,차량단독 - 도로외이탈 - 추락,안전운전불이행,건조,맑음,단일로 - 기타,승합,남,58세,중상,,,,
2013063000100320,2013년 6월 30일 15시,일요일,전라북도 군산시 나운동,부상신고사고,0,0,0,1,차대사람 - 횡단중,안전운전불이행,건조,맑음,단일로 - 기타,승용,여,33세,상해없음,보행자,남,5세,부상신고
2013063000100321,2013년 6월 30일 15시,일요일,전라북도 진안군 마령면,중상사고,0,3,1,0,차대차 - 측면직각충돌,직진우회전진행방해,건조,맑음,교차로 - 교차로안,승용,여,58세,중상,승용,남,30세,경상
2013063000100355,2013년 6월 30일 16시,일요일,전라북도 전주시 덕진구 산정동,경상사고,0,0,2,0,차대차 - 추돌 - 주정차중,안전운전불이행,건조,맑음,단일로 - 기타,이륜,남,35세,상해없음,승용,남,57세,경상
2013063000100356,2013년 6월 30일 16시,일요일,전라북도 군산시 대야면,경상사고,0,0,2,0,차대차 - 기타,안전운전불이행,건조,맑음,단일로 - 기타,화물,남,47세,기타불명,승용,남,35세,경상
2013063000100381,2013년 6월 30일 17시,일요일,전라북도 부안군 하서면,경상사고,0,0,3,0,차대차 - 추돌 - 진행중,안전운전불이행,건조,맑음,교차로 - 교차로안,승합,여,36세,상해없음,화물,남,59세,경상
2013063000100409,2013년 6월 30일 18시,일요일,전라북도 부안군 변산면,중상사고,0,1,0,0,차대차 - 측면직각충돌,교차로운행방법위반,건조,맑음,교차로 - 교차로안,승용,남,37세,상해없음,이륜,여,70세,중상
2013063000100410,2013년 6월 30일 18시,일요일,전라북도 부안군 부안읍,중상사고,0,1,0,1,차대차 - 측면직각충돌,교차로운행방법위반,건조,맑음,교차로 - 교차로안,승용,남,47세,부상신고,승용,남,39세,중상
2013063000100433,2013년 6월 30일 19시,일요일,전라북도 전주시 덕진구 반월동,경상사고,0,0,1,0,차대차 - 측면직각충돌,중앙선침범,건조,맑음,단일로 - 기타,자전거,남,63세,경상,승용,남,35세,상해없음
2013063000100434,2013년 6월 30일 19시,일요일,전라북도 김제시 용지면,중상사고,0,1,0,0,차대차 - 기타,중앙선침범,건조,맑음,단일로 - 기타,화물,남,49세,상해없음,자전거,남,23세,중상
2013063000100454,2013년 6월 30일 20시,일요일,전라북도 군산시 사정동,경상사고,0,0,2,0,차대차 - 측면직각충돌,신호위반,건조,맑음,교차로 - 교차로안,승용,여,55세,상해없음,승용,남,59세,경상
2013063000100513,2013년 6월 30일 22시,일요일,전라북도 전주시 완산구 서노송동,경상사고,0,0,1,0,차대사람 - 횡단중,신호위반,건조,맑음,교차로 - 교차로안,승용,남,24세,상해없음,보행자,남,25세,경상
2013063000100514,2013년 6월 30일 22시,일요일,전라북도 부안군 부안읍,경상사고,0,0,3,1,차대차 - 측면직각충돌,중앙선침범,건조,맑음,단일로 - 기타,화물,남,42세,상해없음,승합,남,52세,경상
2013070100100008,2013년 7월 1일 00시,월요일,전라북도 전주시 덕진구 팔복동1가,중상사고,0,1,2,0,차대차 - 추돌 - 주정차중,안전운전불이행,건조,맑음,교차로 - 교차로부근,승용,남,30세,상해없음,승용,남,24세,경상
2013070100100017,2013년 7월 1일 01시,월요일,전라북도 전주시 완산구 서신동,경상사고,0,0,1,0,차대차 - 기타,신호위반,건조,맑음,교차로 - 교차로안,승용,남,27세,상해없음,승용,남,33세,경상
2013070100100018,2013년 7월 1일 01시,월요일,전라북도 부안군 상서면,부상신고사고,0,0,0,1,차량단독 - 공작물충돌,안전운전불이행,건조,맑음,단일로 - 기타,승용,남,32세,부상신고,,,,
2013070100100046,2013년 7월 1일 05시,월요일,전라북도 전주시 완산구 중화산동2가,중상사고,0,1,0,0,차대사람 - 기타,안전운전불이행,건조,맑음,교차로 - 교차로안,승용,남,20세,상해없음,보행자,여,20세,중상
2013070100100105,2013년 7월 1일 08시,월요일,전라북도 정읍시 상동,중상사고,0,1,0,0,차대차 - 측면직각충돌,기타,건조,맑음,교차로 - 교차로안,승용,남,55세,상해없음,이륜,남,64세,중상
2013070100100144,2013년 7월 1일 09시,월요일,전라북도 정읍시 상동,중상사고,0,1,0,0,차대차 - 기타,신호위반,건조,맑음,교차로 - 교차로부근,승용,남,57세,상해없음,자전거,남,89세,중상
2013070100100173,2013년 7월 1일 10시,월요일,전라북도 전주시 덕진구 여의동,경상사고,0,0,2,0,차대차 - 측면직각충돌,안전거리미확보,건조,맑음,단일로 - 기타,승용,여,76세,상해없음,화물,남,48세,상해없음
2013070100100174,2013년 7월 1일 10시,월요일,전라북도 완주군 비봉면,경상사고,0,0,3,0,차대차 - 측면직각충돌,중앙선침범,건조,맑음,단일로 - 기타,화물,남,57세,상해없음,승용,남,37세,경상
2013070100100194,2013년 7월 1일 11시,월요일,전라북도 전주시 완산구 서신동,경상사고,0,0,1,0,차대사람 - 기타,안전운전불이행,건조,맑음,단일로 - 기타,화물,남,35세,상해없음,보행자,남,15세,경상
2013070100100195,2013년 7월 1일 11시,월요일,전라북도 군산시 산북동,경상사고,0,0,1,0,차대차 - 측면직각충돌,안전운전불이행,건조,맑음,단일로 - 기타,승용,남,63세,상해없음,자전거,남,77세,경상
2013070100100196,2013년 7월 1일 11시,월요일,전라북도 익산시 목천동,경상사고,0,0,1,0,차대차 - 추돌 - 진행중,안전운전불이행,건조,맑음,단일로 - 기타,승용,남,58세,상해없음,화물,남,58세,경상
2013070100100197,2013년 7월 1일 11시,월요일,전라북도 정읍시 수성동,경상사고,0,0,1,0,차대차 - 기타,안전운전불이행,건조,맑음,단일로 - 기타,자전거,남,65세,경상,승용,여,28세,상해없음
2013070100100221,2013년 7월 1일 12시,월요일,전라북도 전주시 완산구 중노송동,경상사고,0,0,2,0,차대차 - 기타,안전운전불이행,건조,맑음,교차로 - 교차로부근,승용,여,74세,상해없음,화물,남,35세,상해없음
2013070100100222,2013년 7월 1일 12시,월요일,전라북도 익산시 남중동,중상사고,0,1,1,0,차대차 - 추돌 - 진행중,안전운전불이행,건조,맑음,단일로 - 기타,승용,여,49세,상해없음,승용,남,43세,중상
2013070100100223,2013년 7월 1일 12시,월요일,전라북도 임실군 지사면,중상사고,0,1,0,0,차대차 - 측면직각충돌,안전거리미확보,건조,맑음,교차로 - 교차로안,화물,남,67세,상해없음,이륜,남,84세,중상
2013070100100254,2013년 7월 1일 13시,월요일,전라북도 전주시 완산구 효자동3가,경상사고,0,0,1,0,차대차 - 측면직각충돌,신호위반,건조,맑음,교차로 - 교차로안,승용,남,42세,상해없음,승용,여,46세,경상
2013070100100255,2013년 7월 1일 13시,월요일,전라북도 전주시 덕진구 덕진동1가,경상사고,0,0,1,0,차대사람 - 횡단중,보행자보호의무위반,건조,맑음,교차로 - 교차로안,승용,여,56세,상해없음,보행자,남,80세,경상
2013070100100256,2013년 7월 1일 13시,월요일,전라북도 군산시 조촌동,경상사고,0,0,3,0,차대차 - 측면직각충돌,교차로운행방법위반,건조,맑음,교차로 - 교차로안,승용,여,43세,상해없음,승용,여,30세,경상
2013070100100285,2013년 7월 1일 14시,월요일,전라북도 정읍시 시기동,중상사고,0,1,0,0,차대차 - 기타,안전운전불이행,건조,맑음,단일로 - 기타,자전거,남,51세,중상,화물,남,65세,상해없음
2013070100100319,2013년 7월 1일 15시,월요일,전라북도 남원시 용정동,중상사고,0,1,0,0,차대차 - 기타,안전운전불이행,건조,맑음,교차로 - 교차로부근,화물,남,46세,상해없음,승용,여,54세,중상
2013070100100358,2013년 7월 1일 16시,월요일,전라북도 전주시 덕진구 덕진동1가,경상사고,0,0,1,0,차대사람 - 횡단중,신호위반,기타,기타,단일로 - 횡단보도상,승용,여,60세,상해없음,보행자,여,56세,경상
2013070100100359,2013년 7월 1일 16시,월요일,전라북도 익산시 동산동,경상사고,0,0,1,0,차대사람 - 기타,안전운전불이행,건조,맑음,단일로 - 기타,승용,여,47세,상해없음,보행자,남,13세,경상
2013070100100387,2013년 7월 1일 17시,월요일,전라북도 익산시 함열읍,경상사고,0,0,2,0,차대차 - 기타,안전운전불이행,건조,맑음,단일로 - 기타,승용,여,33세,상해없음,승용,남,44세,경상
2013070100100388,2013년 7월 1일 17시,월요일,전라북도 정읍시 연지동,중상사고,0,1,0,0,차대사람 - 횡단중,보행자보호의무위반,건조,맑음,교차로 - 교차로안,승용,남,26세,상해없음,보행자,남,59세,중상
2013070100100419,2013년 7월 1일 18시,월요일,전라북도 전주시 완산구 서노송동,경상사고,0,0,1,0,차대사람 - 기타,안전운전불이행,건조,맑음,교차로 - 교차로부근,승용,남,61세,상해없음,보행자,남,61세,경상
2013070100100420,2013년 7월 1일 18시,월요일,전라북도 전주시 덕진구 호성동1가,경상사고,0,0,1,0,차대사람 - 횡단중,안전운전불이행,건조,맑음,교차로 - 교차로안,승용,남,48세,상해없음,보행자,남,25세,경상
2013070100100445,2013년 7월 1일 19시,월요일,전라북도 김제시 용동,경상사고,0,0,1,0,차대차 - 추돌 - 주정차중,안전운전불이행,건조,맑음,단일로 - 기타,승용,남,42세,상해없음,화물,남,25세,상해없음
2013070100100446,2013년 7월 1일 19시,월요일,전라북도 부안군 행안면,경상사고,0,0,2,1,차대차 - 측면직각충돌,직진우회전진행방해,건조,맑음,교차로 - 교차로안,화물,남,54세,부상신고,승용,여,51세,경상
2013070100100473,2013년 7월 1일 20시,월요일,전라북도 익산시 춘포면,중상사고,0,1,0,0,차대사람 - 기타,안전운전불이행,건조,맑음,교차로 - 교차로부근,자전거,기타불명,기타불명,기타불명,보행자,남,48세,중상
2013070100100515,2013년 7월 1일 21시,월요일,전라북도 전주시 완산구 서신동,경상사고,0,0,2,0,차대차 - 기타,안전운전불이행,건조,맑음,교차로 - 교차로부근,승용,남,49세,상해없음,승용,남,27세,경상
2013070100100516,2013년 7월 1일 21시,월요일,전라북도 김제시 요촌동,중상사고,0,1,0,0,차대차 - 측면직각충돌,안전운전불이행,건조,맑음,단일로 - 기타,승용,남,41세,상해없음,원동기,남,37세,중상
2013070100100568,2013년 7월 1일 23시,월요일,전라북도 군산시 조촌동,경상사고,0,0,2,0,차대차 - 추돌 - 진행중,안전거리미확보,건조,맑음,교차로 - 교차로부근,승용,남,68세,상해없음,승용,남,33세,경상
2013070200100120,2013년 7월 2일 07시,화요일,전라북도 완주군 봉동읍,경상사고,0,0,2,0,차대차 - 측면직각충돌,교차로운행방법위반,건조,맑음,교차로 - 교차로안,승용,남,59세,상해없음,화물,남,58세,경상
2013070200100121,2013년 7월 2일 07시,화요일,전라북도 완주군 삼례읍,경상사고,0,0,3,0,차대차 - 추돌 - 진행중,안전운전불이행,건조,맑음,단일로 - 기타,승용,여,56세,상해없음,승합,남,61세,경상
2013070200100122,2013년 7월 2일 07시,화요일,전라북도 완주군 삼례읍,경상사고,0,0,2,0,차대차 - 추돌 - 주정차중,안전운전불이행,건조,맑음,교차로 - 교차로부근,화물,남,50세,상해없음,승용,여,51세,경상
2013070200100148,2013년 7월 2일 08시,화요일,전라북도 전주시 덕진구 인후동2가,경상사고,0,0,2,0,차대차 - 측면직각충돌,직진우회전진행방해,건조,맑음,교차로 - 교차로안,승용,남,26세,상해없음,승합,여,55세,경상
2013070200100177,2013년 7월 2일 09시,화요일,전라북도 정읍시 하북동,중상사고,0,1,0,0,차대차 - 기타,안전거리미확보,건조,맑음,단일로 - 기타,승용,남,55세,상해없음,승용,여,33세,중상
2013070200100178,2013년 7월 2일 09시,화요일,전라북도 정읍시 농소동,경상사고,0,0,1,0,차대차 - 기타,불법유턴,건조,맑음,단일로 - 기타,승용,남,39세,상해없음,승용,남,41세,경상
2013070200100248,2013년 7월 2일 12시,화요일,전라북도 익산시 중앙동1가,중상사고,0,1,0,0,차대차 - 추돌 - 진행중,안전운전불이행,건조,맑음,단일로 - 기타,화물,남,32세,상해없음,승용,여,48세,중상
2013070200100249,2013년 7월 2일 12시,화요일,전라북도 진안군 진안읍,중상사고,0,1,0,0,차대사람 - 기타,안전운전불이행,건조,맑음,기타 - 기타,승용,남,29세,기타불명,보행자,여,68세,중상
2013070200100365,2013년 7월 2일 16시,화요일,전라북도 익산시 영등동,경상사고,0,0,1,0,차대사람 - 횡단중,안전운전불이행,건조,맑음,단일로 - 기타,자전거,기타불명,기타불명,기타불명,보행자,여,14세,경상
2013070200100402,2013년 7월 2일 17시,화요일,전라북도 전주시 덕진구 송천동1가,경상사고,0,0,1,0,차대차 - 측면직각충돌,안전운전불이행,건조,맑음,단일로 - 횡단보도상,승용,남,29세,상해없음,자전거,남,11세,경상
2013070200100403,2013년 7월 2일 17시,화요일,전라북도 익산시 인화동1가,경상사고,0,0,1,0,차대사람 - 횡단중,보행자보호의무위반,습기,비,단일로 - 기타,승용,남,40세,상해없음,보행자,여,45세,경상
2013070200100404,2013년 7월 2일 17시,화요일,전라북도 부안군 부안읍,경상사고,0,0,2,0,차대차 - 추돌 - 주정차중,안전거리미확보,건조,맑음,교차로 - 교차로부근,승용,여,51세,상해없음,승용,남,26세,경상
2013070200100442,2013년 7월 2일 18시,화요일,전라북도 전주시 완산구 효자동3가,경상사고,0,0,2,0,차대차 - 측면직각충돌,신호위반,건조,맑음,교차로 - 교차로안,승용,남,43세,상해없음,승용,남,25세,경상
2013070200100473,2013년 7월 2일 19시,화요일,전라북도 전주시 완산구 남노송동,중상사고,0,1,1,0,차대차 - 기타,교차로운행방법위반,건조,맑음,교차로 - 교차로안,승용,여,27세,상해없음,이륜,남,62세,경상
2013070200100512,2013년 7월 2일 20시,화요일,전라북도 전주시 완산구 서노송동,경상사고,0,0,1,0,차대차 - 추돌 - 주정차중,안전운전불이행,건조,맑음,단일로 - 기타,승용,남,40세,상해없음,승용,남,67세,경상
2013070200100513,2013년 7월 2일 20시,화요일,전라북도 군산시 소룡동,사망사고,1,0,0,0,차대차 - 측면직각충돌,중앙선침범,습기,비,단일로 - 기타,화물,남,42세,상해없음,화물,남,50세,사망
2013070200100514,2013년 7월 2일 20시,화요일,전라북도 고창군 고창읍,경상사고,0,0,1,0,차대차 - 측면직각충돌,직진우회전진행방해,건조,맑음,교차로 - 교차로안,승용,남,26세,상해없음,승용,남,47세,경상
2013070200100515,2013년 7월 2일 20시,화요일,전라북도 부안군 변산면,중상사고,0,1,0,0,차량단독 - 기타,안전운전불이행,습기,흐림,단일로 - 기타,승합,남,49세,상해없음,,,,
2013070200100549,2013년 7월 2일 21시,화요일,전라북도 전주시 완산구 평화동2가,경상사고,0,0,1,0,차대차 - 측면직각충돌,안전운전불이행,건조,맑음,단일로 - 기타,이륜,남,20세,상해없음,이륜,남,16세,경상
2013070200100594,2013년 7월 2일 22시,화요일,전라북도 군산시 수송동,경상사고,0,0,3,0,차대차 - 측면직각충돌,교차로운행방법위반,습기,비,교차로 - 교차로안,승용,남,24세,상해없음,승용,여,54세,경상
2013070200100595,2013년 7월 2일 22시,화요일,전라북도 익산시 삼기면,중상사고,0,1,0,0,차대차 - 기타,안전운전불이행,건조,맑음,교차로 - 교차로부근,승용,남,44세,상해없음,화물,남,36세,중상
2013070200100623,2013년 7월 2일 23시,화요일,전라북도 전주시 덕진구 덕진동2가,중상사고,0,1,0,0,차대차 - 기타,신호위반,건조,흐림,교차로 - 교차로안,승용,남,49세,상해없음,승합,남,47세,중상
2013070300100030,2013년 7월 3일 01시,수요일,전라북도 전주시 덕진구 덕진동1가,중상사고,0,1,2,0,차량단독 - 공작물충돌,중앙선침범,습기,비,단일로 - 기타,승용,남,22세,상해없음,,,,
2013070300100031,2013년 7월 3일 01시,수요일,전라북도 익산시 인화동1가,경상사고,0,0,3,0,차대차 - 측면직각충돌,직진우회전진행방해,습기,흐림,교차로 - 교차로안,승용,남,26세,상해없음,화물,여,37세,경상
2013070300100133,2013년 7월 3일 08시,수요일,전라북도 전주시 완산구 평화동2가,중상사고,0,1,0,0,차대사람 - 기타,안전운전불이행,습기,맑음,교차로 - 교차로안,승용,여,30세,상해없음,보행자,여,36세,중상
2013070300100168,2013년 7월 3일 09시,수요일,전라북도 군산시 소룡동,경상사고,0,0,2,0,차대차 - 측면직각충돌,직진우회전진행방해,건조,맑음,교차로 - 교차로안,승용,남,48세,상해없음,승용,남,47세,경상
2013070300100191,2013년 7월 3일 10시,수요일,전라북도 익산시 함열읍,경상사고,0,0,2,0,차대차 - 기타,중앙선침범,건조,맑음,단일로 - 기타,화물,남,46세,상해없음,화물,남,53세,경상
2013070300100240,2013년 7월 3일 12시,수요일,전라북도 전주시 덕진구 덕진동1가,경상사고,0,0,1,0,차대차 - 기타,안전운전불이행,건조,맑음,교차로 - 교차로안,승용,남,55세,상해없음,승용,여,44세,경상
2013070300100241,2013년 7월 3일 12시,수요일,전라북도 전주시 덕진구 인후동2가,중상사고,0,1,0,0,차대차 - 기타,안전운전불이행,건조,맑음,교차로 - 교차로부근,화물,남,69세,상해없음,이륜,남,17세,중상
2013070300100272,2013년 7월 3일 13시,수요일,전라북도 익산시 남중동,경상사고,0,0,1,0,차대차 - 측면직각충돌,안전운전불이행,건조,맑음,단일로 - 기타,승용,남,47세,상해없음,승용,여,29세,경상
2013070300100293,2013년 7월 3일 14시,수요일,전라북도 고창군 해리면,중상사고,0,1,0,0,차대차 - 추돌 - 진행중,안전운전불이행,건조,맑음,단일로 - 기타,승용,여,22세,상해없음,자전거,남,82세,중상
2013070300100331,2013년 7월 3일 15시,수요일,전라북도 전주시 완산구 경원동1가,경상사고,0,0,1,0,차대차 - 추돌 - 주정차중,안전운전불이행,건조,맑음,단일로 - 기타,승용,남,71세,상해없음,화물,남,18세,경상
2013070300100361,2013년 7월 3일 16시,수요일,전라북도 전주시 덕진구 금암동,사망사고,1,0,0,0,차대차 - 기타,안전운전불이행,건조,맑음,단일로 - 기타,이륜,남,38세,사망,승용,남,27세,상해없음
2013070300100362,2013년 7월 3일 16시,수요일,전라북도 군산시 경장동,경상사고,0,0,1,0,차대차 - 기타,안전거리미확보,건조,맑음,단일로 - 기타,화물,남,44세,상해없음,승용,남,69세,경상
2013070300100407,2013년 7월 3일 17시,수요일,전라북도 진안군 진안읍,중상사고,0,1,0,0,차대차 - 측면직각충돌,기타,건조,맑음,교차로 - 교차로안,이륜,남,47세,중상,승용,남,47세,상해없음
2013070300100444,2013년 7월 3일 18시,수요일,전라북도 익산시 부송동,경상사고,0,0,1,0,차대사람 - 횡단중,안전운전불이행,건조,맑음,단일로 - 기타,승용,여,53세,상해없음,보행자,여,6세,경상
2013070300100445,2013년 7월 3일 18시,수요일,전라북도 남원시 금지면,중상사고,0,1,0,0,차대차 - 기타,안전거리미확보,건조,기타,단일로 - 기타,화물,여,51세,상해없음,자전거,여,80세,중상
2013070300100483,2013년 7월 3일 19시,수요일,전라북도 군산시 수송동,경상사고,0,0,3,0,차대차 - 측면직각충돌,직진우회전진행방해,건조,맑음,교차로 - 교차로안,승용,남,46세,경상,승용,여,30세,경상
2013070300100506,2013년 7월 3일 20시,수요일,전라북도 익산시 창인동1가,경상사고,0,0,1,0,차대사람 - 기타,안전운전불이행,건조,맑음,단일로 - 기타,승용,남,61세,상해없음,보행자,남,20세,경상
2013070300100507,2013년 7월 3일 20시,수요일,전라북도 진안군 진안읍,중상사고,0,1,0,0,차대차 - 추돌 - 진행중,안전운전불이행,건조,맑음,단일로 - 기타,승용,남,53세,상해없음,자전거,남,37세,중상
2013070300100548,2013년 7월 3일 21시,수요일,전라북도 김제시 금구면,경상사고,0,0,1,0,차대사람 - 기타,안전운전불이행,건조,맑음,단일로 - 기타,승용,남,30세,상해없음,보행자,남,62세,경상
2013070300100571,2013년 7월 3일 22시,수요일,전라북도 김제시 요촌동,경상사고,0,0,1,0,차대차 - 기타,안전운전불이행,건조,맑음,교차로 - 교차로안,승용,남,40세,상해없음,승용,남,41세,경상
2013070300100598,2013년 7월 3일 23시,수요일,전라북도 군산시 경암동,경상사고,0,0,6,0,차대차 - 측면직각충돌,신호위반,건조,맑음,교차로 - 교차로안,승용,남,61세,상해없음,승용,남,44세,경상
2013070400100011,2013년 7월 4일 00시,목요일,전라북도 전주시 덕진구 고랑동,중상사고,0,1,0,0,차대차 - 측면직각충돌,신호위반,건조,맑음,교차로 - 교차로안,승용,남,29세,상해없음,승용,여,31세,중상
2013070400100012,2013년 7월 4일 00시,목요일,전라북도 김제시 신풍동,경상사고,0,0,3,0,차대차 - 측면직각충돌,직진우회전진행방해,건조,맑음,교차로 - 교차로안,승합,남,69세,상해없음,승용,남,51세,경상
2013070400100032,2013년 7월 4일 01시,목요일,전라북도 군산시 나운동,사망사고,2,0,2,0,차대사람 - 횡단중,보행자보호의무위반,건조,맑음,교차로 - 교차로안,승용,남,46세,경상,보행자,남,21세,사망
2013070400100059,2013년 7월 4일 03시,목요일,전라북도 군산시 소룡동,사망사고,1,0,0,0,차량단독 - 공작물충돌,안전운전불이행,건조,맑음,단일로 - 기타,화물,남,56세,사망,,,,
2013070400100103,2013년 7월 4일 07시,목요일,전라북도 김제시 봉남면,경상사고,0,0,1,0,차대차 - 측면직각충돌,직진우회전진행방해,건조,맑음,교차로 - 교차로안,승용,남,55세,상해없음,화물,남,53세,경상
2013070400100134,2013년 7월 4일 08시,목요일,전라북도 군산시 사정동,경상사고,0,0,1,0,차대차 - 측면직각충돌,안전운전불이행,건조,흐림,단일로 - 기타,승용,남,43세,상해없음,자전거,여,61세,경상
2013070400100135,2013년 7월 4일 08시,목요일,전라북도 김제시 신풍동,경상사고,0,0,1,0,차대차 - 기타,안전운전불이행,건조,맑음,교차로 - 교차로안,승용,여,48세,상해없음,원동기,남,52세,경상
2013070400100136,2013년 7월 4일 08시,목요일,전라북도 부안군 변산면,중상사고,0,1,0,0,차대사람 - 길가장자리구역통행중,안전운전불이행,건조,맑음,단일로 - 교량,승용,남,52세,상해없음,보행자,여,56세,중상
2013070400100195,2013년 7월 4일 10시,목요일,전라북도 전주시 완산구 효자동2가,중상사고,0,1,0,0,차대사람 - 기타,안전운전불이행,건조,맑음,기타 - 기타,승용,남,46세,상해없음,보행자,여,19세,중상
2013070400100196,2013년 7월 4일 10시,목요일,전라북도 부안군 동진면,중상사고,0,1,2,0,차대차 - 측면직각충돌,교차로운행방법위반,건조,흐림,교차로 - 교차로안,승용,남,44세,상해없음,승용,남,68세,경상
2013070400100219,2013년 7월 4일 11시,목요일,전라북도 익산시 영등동,경상사고,0,0,1,0,차대차 - 기타,교차로운행방법위반,습기,흐림,교차로 - 교차로부근,화물,남,44세,상해없음,원동기,남,71세,경상
2013070400100365,2013년 7월 4일 17시,목요일,전라북도 전주시 완산구 삼천동2가,경상사고,0,0,2,0,차대차 - 기타,안전운전불이행,습기,비,단일로 - 기타,승용,남,24세,상해없음,원동기,남,18세,경상
2013070400100409,2013년 7월 4일 18시,목요일,전라북도 전주시 덕진구 인후동2가,경상사고,0,0,1,0,차대차 - 추돌 - 진행중,안전운전불이행,건조,맑음,단일로 - 기타,승용,남,46세,상해없음,승용,여,39세,경상
2013070400100410,2013년 7월 4일 18시,목요일,전라북도 군산시 나운동,경상사고,0,0,1,0,차대차 - 측면직각충돌,안전운전불이행,습기,비,교차로 - 교차로안,승용,여,48세,상해없음,승용,여,36세,경상
2013070400100411,2013년 7월 4일 18시,목요일,전라북도 익산시 남중동,중상사고,0,1,0,0,차대사람 - 횡단중,보행자보호의무위반,습기,비,교차로 - 교차로안,승용,남,62세,상해없음,보행자,여,62세,중상
2013070400100412,2013년 7월 4일 18시,목요일,전라북도 남원시 천거동,경상사고,0,0,1,0,차대사람 - 횡단중,보행자보호의무위반,습기,비,단일로 - 횡단보도상,승용,남,23세,상해없음,보행자,남,8세,경상
2013070400100441,2013년 7월 4일 19시,목요일,전라북도 전주시 덕진구 금암동,경상사고,0,0,1,0,차대차 - 측면직각충돌,신호위반,건조,맑음,교차로 - 교차로안,승용,여,63세,상해없음,승용,남,48세,경상
2013070400100442,2013년 7월 4일 19시,목요일,전라북도 군산시 조촌동,경상사고,0,0,1,0,차대차 - 측면직각충돌,교차로운행방법위반,습기,비,교차로 - 교차로안,승용,남,47세,상해없음,승용,여,49세,경상
2013070400100489,2013년 7월 4일 20시,목요일,전라북도 전주시 완산구 효자동1가,경상사고,0,0,1,0,차대차 - 측면직각충돌,신호위반,습기,비,교차로 - 교차로부근,승용,여,24세,상해없음,승용,남,41세,경상
2013070400100490,2013년 7월 4일 20시,목요일,전라북도 군산시 수송동,경상사고,0,0,1,0,차대차 - 측면직각충돌,안전거리미확보,습기,비,단일로 - 기타,화물,남,54세,상해없음,원동기,남,18세,경상
2013070400100491,2013년 7월 4일 20시,목요일,전라북도 익산시 영등동,경상사고,0,0,1,0,차대사람 - 보도통행중,안전운전불이행,습기,비,교차로 - 교차로부근,승용,남,44세,상해없음,보행자,남,28세,경상
2013070400100538,2013년 7월 4일 21시,목요일,전라북도 전주시 덕진구 인후동1가,경상사고,0,0,1,0,차대차 - 추돌 - 주정차중,안전운전불이행,건조,맑음,교차로 - 교차로안,승용,남,49세,상해없음,승용,여,40세,경상
2013070400100539,2013년 7월 4일 21시,목요일,전라북도 전주시 덕진구 진북동,경상사고,0,0,2,0,차대차 - 측면직각충돌,신호위반,건조,맑음,교차로 - 교차로안,승용,남,33세,상해없음,승용,남,36세,경상
2013070400100540,2013년 7월 4일 21시,목요일,전라북도 군산시 소룡동,경상사고,0,0,1,0,차대차 - 추돌 - 주정차중,안전거리미확보,습기,비,교차로 - 교차로부근,승용,남,38세,상해없음,승용,남,66세,경상
2013070400100541,2013년 7월 4일 21시,목요일,전라북도 남원시 도통동,경상사고,0,0,1,0,차대사람 - 기타,안전운전불이행,습기,비,교차로 - 교차로안,승용,남,58세,상해없음,보행자,여,42세,경상
2013070400100592,2013년 7월 4일 22시,목요일,전라북도 전주시 완산구 효자동2가,경상사고,0,0,7,0,차대차 - 측면직각충돌,신호위반,습기,비,교차로 - 교차로안,승용,남,20세,경상,승용,여,58세,경상
2013070400100593,2013년 7월 4일 22시,목요일,전라북도 전주시 완산구 효자동3가,경상사고,0,0,1,0,차량단독 - 기타,안전운전불이행,습기,비,교차로 - 교차로부근,승용,남,50세,상해없음,,,,
2013070400100594,2013년 7월 4일 22시,목요일,전라북도 군산시 소룡동,경상사고,0,0,3,0,차대차 - 정면충돌,중앙선침범,습기,비,단일로 - 기타,승용,남,31세,상해없음,승용,남,65세,경상
2013070400100642,2013년 7월 4일 23시,목요일,전라북도 전주시 완산구 평화동1가,경상사고,0,0,1,0,차대사람 - 차도통행중,안전운전불이행,습기,비,단일로 - 기타,승용,남,44세,상해없음,보행자,남,48세,경상
2013070400100643,2013년 7월 4일 23시,목요일,전라북도 전주시 완산구 중화산동1가,중상사고,0,1,0,0,차대사람 - 기타,안전운전불이행,습기,비,기타 - 기타,승용,남,30세,기타불명,보행자,여,53세,중상
2013070500100020,2013년 7월 5일 00시,금요일,전라북도 전주시 덕진구 진북동,경상사고,0,0,1,0,차대차 - 측면직각충돌,신호위반,습기,비,교차로 - 교차로안,승용,남,58세,기타불명,승용,남,49세,경상