사고번호,사고일시,요일,시군구,사고내용,사망자수,중상자수,경상자수,부상신고자수,사고유형,법규위반,노면상태,기상상태,도로형태,가해운전자 차종,가해운전자 성별,가해운전자 연령,가해운전자 상해정도,피해운전자 차종,피해운전자 성별,피해운전자 연령,피해운전자 상해정도
2013070900100362,2013년 7월 9일 16시,화요일,전라북도 전주시 덕진구 덕진동1가,중상사고,0,1,0,0,차대차 - 측면직각충돌,중앙선침범,건조,맑음,단일로 - 기타,화물,남,65세,상해없음,원동기,여,18세,중상
2013070900100363,2013년 7월 9일 16시,화요일,전라북도 고창군 고창읍,중상사고,0,1,0,0,차대사람 - 기타,안전운전불이행,건조,맑음,교차로 - 교차로부근,승합,남,40세,상해없음,보행자,남,69세,중상
2013070900100364,2013년 7월 9일 16시,화요일,전라북도 임실군 임실읍,경상사고,0,0,1,0,차대차 - 기타,안전운전불이행,건조,맑음,단일로 - 기타,자전거,여,10세,경상,승용,남,38세,상해없음
2013070900100441,2013년 7월 9일 18시,화요일,전라북도 전주시 덕진구 덕진동2가,경상사고,0,0,1,0,차대차 - 측면직각충돌,중앙선침범,건조,맑음,단일로 - 기타,승합,남,45세,상해없음,승용,남,51세,경상
2013070900100443,2013년 7월 9일 18시,화요일,전라북도 남원시 금동,중상사고,0,1,1,0,차대차 - 측면직각충돌,안전운전불이행,건조,맑음,교차로 - 교차로안,화물,남,52세,상해없음,이륜,여,61세,중상
2013070900100444,2013년 7월 9일 18시,화요일,전라북도 고창군 흥덕면,중상사고,0,1,0,0,차대차 - 측면직각충돌,교차로운행방법위반,건조,맑음,교차로 - 교차로안,승용,남,59세,상해없음,승용,남,50세,중상
2013070900100512,2013년 7월 9일 20시,화요일,전라북도 전주시 완산구 효자동1가,경상사고,0,0,1,0,차대차 - 추돌 - 진행중,안전운전불이행,건조,맑음,교차로 - 교차로부근,승용,남,71세,상해없음,승용,여,47세,경상
2013070900100513,2013년 7월 9일 20시,화요일,전라북도 전주시 덕진구 고랑동,경상사고,0,0,2,0,차대차 - 기타,신호위반,건조,맑음,교차로 - 교차로안,승용,여,35세,상해없음,화물,남,26세,경상
2013070900100514,2013년 7월 9일 20시,화요일,전라북도 익산시 신동,경상사고,0,0,2,0,차대사람 - 차도통행중,안전운전불이행,건조,맑음,교차로 - 교차로안,승용,여,21세,상해없음,보행자,여,26세,경상
2013070900100542,2013년 7월 9일 21시,화요일,전라북도 군산시 수송동,경상사고,0,0,1,0,차대차 - 측면직각충돌,직진우회전진행방해,건조,맑음,교차로 - 교차로안,승용,남,43세,상해없음,자전거,남,72세,경상
2013070900100543,2013년 7월 9일 21시,화요일,전라북도 남원시 대산면,사망사고,1,0,0,0,차대사람 - 차도통행중,안전운전불이행,건조,맑음,단일로 - 기타,승용,남,41세,상해없음,보행자,여,80세,사망
2013070900100572,2013년 7월 9일 22시,화요일,전라북도 전주시 덕진구 여의동,경상사고,0,0,5,0,차대차 - 추돌 - 진행중,안전운전불이행,건조,맑음,교차로 - 교차로부근,승용,남,40세,상해없음,승용,여,44세,경상
2013070900100602,2013년 7월 9일 23시,화요일,전라북도 전주시 덕진구 여의동,경상사고,0,0,1,0,차대차 - 추돌 - 진행중,안전거리미확보,습기,흐림,교차로 - 교차로안,원동기,남,16세,경상,승용,남,53세,상해없음
2013071000100077,2013년 7월 10일 05시,수요일,전라북도 전주시 완산구 효자동3가,경상사고,0,0,1,0,차대차 - 기타,안전운전불이행,건조,맑음,교차로 - 교차로안,화물,남,43세,상해없음,승용,남,45세,경상
2013071000100078,2013년 7월 10일 05시,수요일,전라북도 익산시 부송동,경상사고,0,0,1,0,차대사람 - 보도통행중,신호위반,건조,맑음,교차로 - 교차로부근,승합,남,54세,상해없음,보행자,여,63세,경상
2013071000100136,2013년 7월 10일 08시,수요일,전라북도 김제시 봉남면,중상사고,0,1,0,0,차대차 - 정면충돌,중앙선침범,건조,맑음,단일로 - 기타,승용,남,51세,상해없음,승용,남,51세,중상
2013071000100137,2013년 7월 10일 08시,수요일,전라북도 고창군 고창읍,중상사고,0,1,0,0,차대사람 - 기타,교차로운행방법위반,건조,맑음,교차로 - 교차로부근,화물,남,38세,상해없음,보행자,여,30세,중상
2013071000100165,2013년 7월 10일 09시,수요일,전라북도 익산시 인화동1가,경상사고,0,0,1,0,차대차 - 측면직각충돌,안전거리미확보,건조,맑음,단일로 - 기타,승용,남,26세,상해없음,승용,남,55세,경상
2013071000100193,2013년 7월 10일 10시,수요일,전라북도 순창군 구림면,중상사고,0,1,0,0,차량단독 - 기타,안전운전불이행,건조,맑음,단일로 - 기타,이륜,여,75세,중상,,,,
2013071000100211,2013년 7월 10일 11시,수요일,전라북도 전주시 완산구 상림동,경상사고,0,0,3,0,차대차 - 측면직각충돌,신호위반,건조,맑음,교차로 - 교차로안,승용,남,71세,상해없음,승용,남,50세,경상
2013071000100212,2013년 7월 10일 11시,수요일,전라북도 군산시 구암동,경상사고,0,0,2,0,차대차 - 추돌 - 주정차중,안전거리미확보,건조,맑음,단일로 - 기타,승용,여,57세,상해없음,승용,남,64세,경상
2013071000100232,2013년 7월 10일 12시,수요일,전라북도 군산시 산북동,경상사고,0,0,1,0,차대차 - 측면직각충돌,안전거리미확보,건조,맑음,단일로 - 기타,화물,남,29세,상해없음,이륜,여,65세,경상
2013071000100250,2013년 7월 10일 13시,수요일,전라북도 정읍시 태인면,중상사고,0,1,1,0,차대차 - 측면직각충돌,직진우회전진행방해,건조,맑음,교차로 - 교차로안,승용,여,44세,중상,화물,남,64세,경상
2013071000100251,2013년 7월 10일 13시,수요일,전라북도 완주군 봉동읍,중상사고,0,1,6,0,차대차 - 측면직각충돌,교차로운행방법위반,건조,맑음,교차로 - 교차로안,화물,남,48세,경상,승합,남,40세,중상
2013071000100281,2013년 7월 10일 14시,수요일,전라북도 정읍시 내장동,경상사고,0,0,1,0,차대차 - 기타,안전운전불이행,건조,맑음,교차로 - 교차로안,화물,남,41세,상해없음,승용,남,35세,경상
2013071000100282,2013년 7월 10일 14시,수요일,전라북도 부안군 부안읍,중상사고,0,2,2,0,차대차 - 측면직각충돌,직진우회전진행방해,건조,맑음,교차로 - 교차로안,승용,여,60세,상해없음,승용,여,38세,경상
2013071000100309,2013년 7월 10일 15시,수요일,전라북도 익산시 영등동,경상사고,0,0,1,0,차대차 - 추돌 - 주정차중,안전운전불이행,건조,맑음,단일로 - 기타,승용,남,51세,상해없음,승용,남,43세,경상
2013071000100335,2013년 7월 10일 16시,수요일,전라북도 전주시 덕진구 송천동1가,경상사고,0,0,1,0,차대사람 - 횡단중,안전운전불이행,건조,맑음,단일로 - 기타,승용,남,20세,상해없음,보행자,여,9세,경상
2013071000100362,2013년 7월 10일 17시,수요일,전라북도 전주시 덕진구 송천동1가,중상사고,0,1,0,0,차대사람 - 횡단중,보행자보호의무위반,건조,맑음,단일로 - 기타,승용,남,24세,상해없음,보행자,남,9세,중상
2013071000100363,2013년 7월 10일 17시,수요일,전라북도 익산시 덕기동,경상사고,0,0,2,0,차대차 - 추돌 - 주정차중,안전운전불이행,건조,맑음,교차로 - 교차로안,승용,여,50세,상해없음,승용,남,41세,경상
2013071000100364,2013년 7월 10일 17시,수요일,전라북도 익산시 신동,경상사고,0,0,1,0,차대차 - 측면직각충돌,안전운전불이행,건조,맑음,교차로 - 교차로안,승용,여,30세,상해없음,원동기,남,50세,경상
2013071000100365,2013년 7월 10일 17시,수요일,전라북도 장수군 번암면,경상사고,0,0,1,0,차대사람 - 기타,안전운전불이행,건조,맑음,단일로 - 기타,이륜,남,52세,상해없음,보행자,여,70세,경상
2013071000100399,2013년 7월 10일 18시,수요일,전라북도 전주시 덕진구 인후동1가,경상사고,0,0,2,0,차대차 - 측면직각충돌,중앙선침범,건조,맑음,단일로 - 기타,승용,남,65세,상해없음,승용,여,42세,경상
2013071000100400,2013년 7월 10일 18시,수요일,전라북도 무주군 안성면,중상사고,0,1,0,0,차대차 - 기타,안전운전불이행,건조,맑음,단일로 - 기타,화물,여,47세,상해없음,원동기,남,81세,중상
2013071000100432,2013년 7월 10일 19시,수요일,전라북도 군산시 나운동,경상사고,0,0,1,0,차대차 - 측면직각충돌,직진우회전진행방해,건조,맑음,교차로 - 교차로안,승용,남,25세,상해없음,이륜,남,20세,경상
2013071000100458,2013년 7월 10일 20시,수요일,전라북도 전주시 덕진구 팔복동2가,경상사고,0,0,2,0,차대차 - 추돌 - 주정차중,안전운전불이행,건조,맑음,단일로 - 기타,승용,남,50세,상해없음,승용,여,50세,경상
2013071000100459,2013년 7월 10일 20시,수요일,전라북도 익산시 동산동,경상사고,0,0,3,0,차대차 - 측면직각충돌,중앙선침범,건조,맑음,단일로 - 기타,승용,남,38세,상해없음,승용,남,33세,경상
2013071000100493,2013년 7월 10일 21시,수요일,전라북도 전주시 덕진구 인후동2가,경상사고,0,0,1,0,차대차 - 측면직각충돌,직진우회전진행방해,건조,맑음,교차로 - 교차로안,승용,남,65세,상해없음,승용,여,45세,경상
2013071000100513,2013년 7월 10일 22시,수요일,전라북도 전주시 완산구 중화산동2가,경상사고,0,0,1,0,차대사람 - 횡단중,보행자보호의무위반,건조,맑음,교차로 - 교차로안,승용,남,45세,상해없음,보행자,남,39세,경상
2013071000100535,2013년 7월 10일 23시,수요일,전라북도 전주시 덕진구 우아동1가,경상사고,0,0,1,0,차대차 - 정면충돌,안전운전불이행,건조,맑음,단일로 - 기타,승용,남,39세,상해없음,승용,여,33세,경상
2013071000100536,2013년 7월 10일 23시,수요일,전라북도 전주시 덕진구 인후동1가,중상사고,0,1,1,0,차대차 - 측면직각충돌,신호위반,건조,맑음,교차로 - 교차로안,승용,남,39세,상해없음,승용,남,43세,중상
2013071100100077,2013년 7월 11일 06시,목요일,전라북도 남원시 주생면,중상사고,0,1,0,0,차대차 - 측면직각충돌,안전운전불이행,건조,맑음,교차로 - 교차로부근,화물,남,65세,상해없음,화물,남,50세,중상
2013071100100097,2013년 7월 11일 07시,목요일,전라북도 군산시 옥구읍,사망사고,1,0,0,0,차대사람 - 횡단중,보행자보호의무위반,건조,맑음,단일로 - 횡단보도상,건설기계,남,38세,상해없음,보행자,여,9세,사망
2013071100100122,2013년 7월 11일 08시,목요일,전라북도 전주시 덕진구 진북동,경상사고,0,0,1,0,차대사람 - 횡단중,안전운전불이행,건조,맑음,단일로 - 기타,화물,남,34세,상해없음,보행자,여,41세,경상
2013071100100123,2013년 7월 11일 08시,목요일,전라북도 익산시 마동,중상사고,0,1,0,0,차대사람 - 기타,안전운전불이행,건조,맑음,교차로 - 교차로안,승용,남,53세,상해없음,보행자,여,75세,중상
2013071100100124,2013년 7월 11일 08시,목요일,전라북도 부안군 부안읍,경상사고,0,0,4,0,차대차 - 추돌 - 주정차중,안전운전불이행,건조,맑음,교차로 - 교차로부근,화물,남,46세,상해없음,승용,남,67세,경상
2013071100100151,2013년 7월 11일 09시,목요일,전라북도 전주시 완산구 서노송동,중상사고,0,1,0,0,차대사람 - 기타,안전운전불이행,건조,맑음,단일로 - 기타,승합,남,56세,상해없음,보행자,여,74세,중상
2013071100100152,2013년 7월 11일 09시,목요일,전라북도 익산시 송학동,중상사고,0,1,0,0,차대사람 - 기타,안전운전불이행,건조,맑음,교차로 - 교차로안,승용,여,58세,상해없음,보행자,남,42세,중상
2013071100100153,2013년 7월 11일 09시,목요일,전라북도 임실군 관촌면,중상사고,0,1,3,0,차대차 - 기타,안전운전불이행,건조,맑음,단일로 - 기타,승합,남,46세,상해없음,승용,남,47세,경상
2013071100100179,2013년 7월 11일 10시,목요일,전라북도 정읍시 북면,경상사고,0,0,7,0,차대차 - 기타,기타,건조,맑음,단일로 - 기타,화물,남,30세,기타불명,승합,남,54세,상해없음
2013071100100192,2013년 7월 11일 11시,목요일,전라북도 전주시 완산구 서노송동,중상사고,0,1,0,0,차대사람 - 기타,안전운전불이행,건조,맑음,교차로 - 교차로부근,화물,남,28세,상해없음,보행자,여,74세,중상
2013071100100258,2013년 7월 11일 14시,목요일,전라북도 전주시 완산구 효자동3가,경상사고,0,0,1,0,차대사람 - 횡단중,중앙선침범,건조,맑음,단일로 - 기타,승용,남,52세,상해없음,보행자,남,23세,경상
2013071100100292,2013년 7월 11일 15시,목요일,전라북도 김제시 요촌동,중상사고,0,1,0,0,차대차 - 측면직각충돌,기타,건조,맑음,교차로 - 교차로부근,승용,남,61세,상해없음,자전거,여,76세,중상
2013071100100316,2013년 7월 11일 16시,목요일,전라북도 전주시 덕진구 우아동1가,경상사고,0,0,2,0,차대차 - 추돌 - 주정차중,안전운전불이행,건조,맑음,교차로 - 교차로부근,화물,남,49세,상해없음,승용,여,38세,경상
2013071100100317,2013년 7월 11일 16시,목요일,전라북도 정읍시 송산동,경상사고,0,0,1,0,차대차 - 측면직각충돌,직진우회전진행방해,건조,맑음,교차로 - 교차로안,승용,남,61세,상해없음,승용,남,52세,경상
2013071100100318,2013년 7월 11일 16시,목요일,전라북도 부안군 행안면,경상사고,0,0,1,0,차대사람 - 기타,안전운전불이행,건조,맑음,단일로 - 기타,승용,기타불명,기타불명,기타불명,보행자,남,17세,경상
2013071100100385,2013년 7월 11일 18시,목요일,전라북도 전주시 덕진구 우아동1가,경상사고,0,0,1,0,차대차 - 추돌 - 주정차중,안전거리미확보,건조,맑음,단일로 - 기타,승용,남,30세,상해없음,승용,여,48세,경상
2013071100100387,2013년 7월 11일 18시,목요일,전라북도 남원시 사매면,중상사고,0,1,0,0,차량단독 - 공작물충돌,안전운전불이행,건조,맑음,단일로 - 기타,화물,남,63세,상해없음,,,,
2013071100100426,2013년 7월 11일 19시,목요일,전라북도 정읍시 시기동,경상사고,0,0,1,0,차대차 - 측면직각충돌,안전운전불이행,건조,맑음,교차로 - 교차로부근,승용,여,60세,상해없음,자전거,남,61세,경상
2013071100100427,2013년 7월 11일 19시,목요일,전라북도 완주군 봉동읍,경상사고,0,0,3,0,차대차 - 측면직각충돌,교차로운행방법위반,건조,맑음,교차로 - 교차로안,승용,남,52세,경상,승용,여,30세,경상
2013071100100455,2013년 7월 11일 20시,목요일,전라북도 군산시 성산면,중상사고,0,2,1,1,차대차 - 추돌 - 주정차중,안전거리미확보,건조,맑음,단일로 - 기타,화물,남,57세,부상신고,승용,남,30세,중상
2013071100100480,2013년 7월 11일 21시,목요일,전라북도 전주시 완산구 서신동,중상사고,0,1,0,0,차대차 - 기타,안전거리미확보,건조,맑음,단일로 - 기타,승용,여,44세,상해없음,승용,여,49세,중상
2013071100100481,2013년 7월 11일 21시,목요일,전라북도 군산시 산북동,경상사고,0,0,3,1,차대차 - 측면직각충돌,교차로운행방법위반,건조,맑음,교차로 - 교차로안,승용,남,18세,부상신고,승용,남,27세,경상
2013071100100508,2013년 7월 11일 22시,목요일,전라북도 부안군 부안읍,경상사고,0,0,1,0,차대차 - 기타,교차로운행방법위반,건조,맑음,교차로 - 교차로안,화물,남,53세,상해없음,원동기,남,17세,경상
2013071100100538,2013년 7월 11일 23시,목요일,전라북도 김제시 만경읍,경상사고,0,0,1,0,차대차 - 기타,중앙선침범,건조,맑음,단일로 - 기타,승용,여,34세,상해없음,승용,남,38세,경상
2013071200100100,2013년 7월 12일 07시,금요일,전라북도 전주시 덕진구 용정동,경상사고,0,0,3,0,차대차 - 추돌 - 진행중,안전운전불이행,건조,흐림,단일로 - 기타,화물,남,47세,상해없음,승용,남,38세,경상
2013071200100101,2013년 7월 12일 07시,금요일,전라북도 익산시 동산동,경상사고,0,0,1,0,차대차 - 측면직각충돌,신호위반,건조,맑음,단일로 - 기타,승합,남,49세,상해없음,자전거,남,15세,경상
2013071200100102,2013년 7월 12일 07시,금요일,전라북도 김제시 백산면,경상사고,0,0,1,0,차대차 - 측면직각충돌,직진우회전진행방해,건조,맑음,교차로 - 교차로안,화물,남,23세,상해없음,원동기,남,56세,경상
2013071200100179,2013년 7월 12일 09시,금요일,전라북도 고창군 심원면,부상신고사고,0,0,0,1,차대차 - 기타,안전운전불이행,건조,맑음,단일로 - 기타,농기계,남,75세,부상신고,건설기계,남,51세,상해없음
2013071200100228,2013년 7월 12일 11시,금요일,전라북도 전주시 덕진구 금암동,경상사고,0,0,2,0,차대차 - 측면직각충돌,안전거리미확보,건조,흐림,교차로 - 교차로부근,승용,남,58세,상해없음,원동기,남,19세,경상
2013071200100229,2013년 7월 12일 11시,금요일,전라북도 군산시 조촌동,경상사고,0,0,1,0,차대차 - 추돌 - 주정차중,안전운전불이행,건조,맑음,단일로 - 기타,원동기,남,74세,경상,승합,여,62세,상해없음
2013071200100262,2013년 7월 12일 12시,금요일,전라북도 임실군 관촌면,경상사고,0,0,1,0,차대차 - 기타,안전운전불이행,건조,맑음,단일로 - 기타,화물,남,55세,상해없음,자전거,여,68세,경상
2013071200100294,2013년 7월 12일 13시,금요일,전라북도 전주시 완산구 삼천동1가,경상사고,0,0,1,0,차대차 - 추돌 - 진행중,안전운전불이행,건조,맑음,교차로 - 교차로부근,승용,남,51세,상해없음,승용,여,58세,경상
2013071200100349,2013년 7월 12일 15시,금요일,전라북도 전주시 덕진구 진북동,경상사고,0,0,1,0,차대차 - 측면직각충돌,직진우회전진행방해,건조,맑음,교차로 - 교차로안,승용,남,56세,상해없음,자전거,남,70세,경상
2013071200100368,2013년 7월 12일 16시,금요일,전라북도 전주시 완산구 서신동,경상사고,0,0,2,0,차대차 - 기타,교차로운행방법위반,건조,맑음,교차로 - 교차로부근,승용,여,78세,상해없음,승용,여,28세,경상
2013071200100369,2013년 7월 12일 16시,금요일,전라북도 전주시 덕진구 송천동1가,경상사고,0,0,1,0,차대차 - 추돌 - 주정차중,안전운전불이행,건조,흐림,교차로 - 교차로부근,승용,남,33세,상해없음,승용,여,46세,경상
2013071200100370,2013년 7월 12일 16시,금요일,전라북도 정읍시 수성동,경상사고,0,0,1,0,차대차 - 기타,안전운전불이행,건조,맑음,단일로 - 기타,화물,남,79세,상해없음,자전거,남,49세,경상
2013071200100400,2013년 7월 12일 17시,금요일,전라북도 전주시 덕진구 장동,경상사고,0,0,2,0,차대차 - 측면직각충돌,직진우회전진행방해,건조,흐림,교차로 - 교차로안,승용,남,46세,상해없음,승용,남,30세,경상
2013071200100401,2013년 7월 12일 17시,금요일,전라북도 익산시 어양동,경상사고,0,0,2,1,차대차 - 측면직각충돌,신호위반,건조,맑음,교차로 - 교차로안,승용,여,48세,상해없음,승합,남,45세,부상신고
2013071200100434,2013년 7월 12일 18시,금요일,전라북도 전주시 완산구 삼천동1가,경상사고,0,0,3,0,차대차 - 기타,교차로운행방법위반,건조,맑음,교차로 - 교차로안,승용,여,45세,상해없음,승용,남,22세,경상
2013071200100435,2013년 7월 12일 18시,금요일,전라북도 군산시 오식도동,경상사고,0,0,1,0,차대차 - 추돌 - 진행중,안전운전불이행,건조,맑음,교차로 - 교차로부근,승용,남,57세,상해없음,원동기,남,36세,경상
2013071200100436,2013년 7월 12일 18시,금요일,전라북도 정읍시 신태인읍,경상사고,0,0,1,0,차대차 - 측면직각충돌,안전운전불이행,건조,맑음,단일로 - 기타,화물,남,57세,상해없음,승용,남,65세,경상
2013071200100475,2013년 7월 12일 19시,금요일,전라북도 군산시 나운동,중상사고,0,1,0,0,차대차 - 기타,교차로운행방법위반,건조,맑음,교차로 - 교차로안,승용,남,39세,상해없음,승용,남,24세,중상
2013071200100519,2013년 7월 12일 20시,금요일,전라북도 익산시 영등동,경상사고,0,0,1,0,차대차 - 측면직각충돌,안전운전불이행,건조,맑음,단일로 - 기타,승용,남,56세,상해없음,승용,남,30세,경상
2013071200100607,2013년 7월 12일 22시,금요일,전라북도 익산시 성당면,중상사고,0,2,1,0,차대차 - 측면직각충돌,직진우회전진행방해,건조,맑음,교차로 - 교차로안,승용,남,48세,상해없음,화물,남,48세,경상
2013071200100608,2013년 7월 12일 22시,금요일,전라북도 익산시 인화동1가,경상사고,0,0,1,0,차대차 - 측면직각충돌,중앙선침범,건조,맑음,단일로 - 기타,승용,남,47세,상해없음,승용,남,34세,경상
2013071200100609,2013년 7월 12일 22시,금요일,전라북도 정읍시 시기동,경상사고,0,0,1,0,차대차 - 측면직각충돌,불법유턴,건조,맑음,단일로 - 기타,승합,여,56세,상해없음,원동기,남,16세,경상
2013071200100612,2013년 7월 12일 22시,금요일,전라북도 정읍시 하모동,사망사고,1,0,1,0,차량단독 - 도로외이탈 - 추락,안전운전불이행,건조,맑음,단일로 - 기타,승용,남,31세,사망,,,,
2013071200100654,2013년 7월 12일 23시,금요일,전라북도 전주시 완산구 효자동2가,경상사고,0,0,2,0,차대차 - 기타,신호위반,건조,맑음,교차로 - 교차로안,이륜,남,19세,상해없음,승용,여,29세,경상
2013071300100026,2013년 7월 13일 00시,토요일,전라북도 정읍시 상동,경상사고,0,0,1,0,차대사람 - 기타,안전운전불이행,건조,맑음,단일로 - 기타,승용,여,28세,상해없음,보행자,남,51세,경상
2013071300100102,2013년 7월 13일 02시,토요일,전라북도 군산시 나운동,중상사고,0,1,0,0,차대차 - 측면직각충돌,안전운전불이행,건조,맑음,교차로 - 교차로부근,승합,여,43세,상해없음,자전거,남,74세,중상
2013071300100173,2013년 7월 13일 06시,토요일,전라북도 전주시 완산구 중노송동,경상사고,0,0,2,0,차대차 - 기타,안전운전불이행,건조,맑음,교차로 - 교차로안,승용,남,14세,상해없음,승용,남,36세,경상
2013071300100174,2013년 7월 13일 06시,토요일,전라북도 부안군 부안읍,중상사고,0,1,3,1,차대차 - 측면직각충돌,교차로운행방법위반,건조,맑음,교차로 - 교차로안,승용,남,62세,부상신고,승용,남,43세,경상
2013071300100186,2013년 7월 13일 07시,토요일,전라북도 군산시 대명동,중상사고,0,1,0,0,차대사람 - 보도통행중,안전운전불이행,건조,맑음,단일로 - 기타,승용,여,56세,상해없음,보행자,여,57세,중상
2013071300100187,2013년 7월 13일 07시,토요일,전라북도 군산시 오식도동,경상사고,0,0,1,0,차대차 - 추돌 - 주정차중,안전운전불이행,건조,맑음,교차로 - 교차로부근,승용,남,35세,상해없음,승용,남,37세,경상
2013071300100211,2013년 7월 13일 08시,토요일,전라북도 전주시 완산구 중화산동2가,경상사고,0,0,2,0,차대차 - 추돌 - 주정차중,안전운전불이행,건조,맑음,단일로 - 기타,승용,남,50세,상해없음,승용,여,52세,경상
2013071300100230,2013년 7월 13일 09시,토요일,전라북도 전주시 완산구 중화산동2가,경상사고,0,0,2,0,차대차 - 측면직각충돌,신호위반,건조,맑음,교차로 - 교차로안,승용,남,75세,상해없음,승용,남,44세,경상
2013071300100231,2013년 7월 13일 09시,토요일,전라북도 남원시 식정동,경상사고,0,0,2,0,차대차 - 기타,중앙선침범,건조,맑음,단일로 - 기타,승합,남,51세,상해없음,원동기,남,76세,경상
2013071300100232,2013년 7월 13일 09시,토요일,전라북도 남원시 월락동,중상사고,0,1,0,0,차대차 - 기타,신호위반,건조,맑음,단일로 - 횡단보도상,승용,남,49세,상해없음,자전거,여,60세,중상
2013071300100268,2013년 7월 13일 10시,토요일,전라북도 남원시 하정동,중상사고,0,1,0,0,차대사람 - 횡단중,안전운전불이행,건조,맑음,교차로 - 교차로안,승용,남,28세,상해없음,보행자,여,74세,중상
2013071300100296,2013년 7월 13일 11시,토요일,전라북도 익산시 성당면,중상사고,0,2,0,0,차대차 - 측면직각충돌,직진우회전진행방해,건조,맑음,교차로 - 교차로안,승용,남,44세,상해없음,원동기,남,64세,중상
2013071300100297,2013년 7월 13일 11시,토요일,전라북도 남원시 주생면,사망사고,1,0,0,0,차량단독 - 전도전복,안전운전불이행,건조,맑음,단일로 - 기타,원동기,남,73세,사망,,,,
2013071300100339,2013년 7월 13일 12시,토요일,전라북도 군산시 문화동,경상사고,0,0,3,0,차대차 - 기타,안전운전불이행,건조,맑음,단일로 - 기타,승용,남,52세,상해없음,승용,남,71세,경상
2013071300100340,2013년 7월 13일 12시,토요일,전라북도 부안군 줄포면,경상사고,0,0,1,0,차대차 - 측면직각충돌,직진우회전진행방해,건조,맑음,교차로 - 교차로안,승용,남,46세,상해없음,이륜,남,37세,경상
2013071300100415,2013년 7월 13일 14시,토요일,전라북도 익산시 용동면,중상사고,0,1,0,4,차대차 - 추돌 - 진행중,안전운전불이행,건조,맑음,교차로 - 교차로부근,화물,남,57세,상해없음,승용,남,41세,부상신고
2013071300100416,2013년 7월 13일 14시,토요일,전라북도 남원시 인월면,경상사고,0,0,1,0,차대차 - 측면직각충돌,교차로운행방법위반,건조,맑음,교차로 - 교차로안,화물,남,63세,상해없음,화물,남,40세,상해없음
2013071300100417,2013년 7월 13일 14시,토요일,전라북도 남원시 금지면,중상사고,0,1,0,0,차량단독 - 도로외이탈 - 기타,안전운전불이행,건조,맑음,단일로 - 기타,화물,남,30세,상해없음,,,,
2013071300100442,2013년 7월 13일 15시,토요일,전라북도 군산시 소룡동,경상사고,0,0,2,0,차대차 - 측면직각충돌,신호위반,건조,맑음,교차로 - 교차로안,화물,남,52세,상해없음,승용,남,37세,경상
2013071300100443,2013년 7월 13일 15시,토요일,전라북도 완주군 동상면,경상사고,0,0,2,0,차대차 - 정면충돌,중앙선침범,건조,맑음,단일로 - 기타,승용,남,26세,상해없음,승용,남,64세,경상
2013071300100531,2013년 7월 13일 18시,토요일,전라북도 익산시 신동,경상사고,0,0,3,0,차대차 - 기타,직진우회전진행방해,건조,맑음,교차로 - 교차로안,승용,남,59세,상해없음,승용,남,59세,경상
2013071300100634,2013년 7월 13일 21시,토요일,전라북도 김제시 검산동,경상사고,0,0,1,0,차대차 - 추돌 - 주정차중,안전운전불이행,건조,맑음,단일로 - 기타,이륜,남,41세,상해없음,승용,남,63세,경상
2013071300100657,2013년 7월 13일 22시,토요일,전라북도 전주시 덕진구 전미동1가,사망사고,1,0,0,0,차대사람 - 횡단중,안전운전불이행,건조,맑음,단일로 - 기타,승용,남,28세,상해없음,보행자,남,75세,사망
2013071300100658,2013년 7월 13일 22시,토요일,전라북도 익산시 황등면,경상사고,0,0,2,0,차량단독 - 공작물충돌,안전운전불이행,건조,맑음,단일로 - 기타,승용,남,45세,경상,,,,
2013071400100017,2013년 7월 14일 00시,일요일,전라북도 전주시 완산구 경원동1가,경상사고,0,0,3,0,차대차 - 추돌 - 주정차중,안전운전불이행,건조,맑음,교차로 - 교차로부근,승용,남,28세,상해없음,승용,남,43세,경상
2013071400100018,2013년 7월 14일 00시,일요일,전라북도 전주시 완산구 서신동,중상사고,0,1,1,0,차대차 - 정면충돌,신호위반,건조,맑음,교차로 - 교차로안,승용,남,18세,상해없음,승용,남,64세,경상
2013071400100041,2013년 7월 14일 01시,일요일,전라북도 김제시 검산동,사망사고,1,0,0,0,차대사람 - 횡단중,안전운전불이행,건조,맑음,단일로 - 기타,승용,남,32세,상해없음,보행자,남,53세,사망
2013071400100117,2013년 7월 14일 06시,일요일,전라북도 전주시 덕진구 여의동,경상사고,0,0,6,0,차대차 - 측면직각충돌,중앙선침범,건조,맑음,교차로 - 교차로부근,화물,남,55세,상해없음,화물,남,73세,경상
2013071400100161,2013년 7월 14일 10시,일요일,전라북도 전주시 완산구 색장동,중상사고,0,1,1,0,차대차 - 측면직각충돌,안전운전불이행,건조,맑음,단일로 - 기타,승용,여,58세,경상,승용,남,45세,중상
2013071400100162,2013년 7월 14일 10시,일요일,전라북도 부안군 부안읍,경상사고,0,0,1,0,차대차 - 측면직각충돌,직진우회전진행방해,건조,맑음,교차로 - 교차로안,화물,남,50세,상해없음,원동기,남,58세,경상
2013071400100248,2013년 7월 14일 14시,일요일,전라북도 익산시 영등동,경상사고,0,0,1,0,차대차 - 추돌 - 주정차중,안전운전불이행,건조,맑음,교차로 - 교차로부근,화물,남,41세,상해없음,승용,남,36세,경상