사고번호,사고일시,요일,시군구,사고내용,사망자수,중상자수,경상자수,부상신고자수,사고유형,법규위반,노면상태,기상상태,도로형태,가해운전자 차종,가해운전자 성별,가해운전자 연령,가해운전자 상해정도,피해운전자 차종,피해운전자 성별,피해운전자 연령,피해운전자 상해정도
2013071400100282,2013년 7월 14일 15시,일요일,전라북도 전주시 완산구 평화동2가,경상사고,0,0,1,0,차대차 - 기타,안전운전불이행,습기,비,단일로 - 기타,승용,남,52세,기타불명,원동기,남,21세,경상
2013071400100307,2013년 7월 14일 16시,일요일,전라북도 군산시 경암동,중상사고,0,1,4,0,차대차 - 측면직각충돌,안전운전불이행,건조,맑음,교차로 - 교차로안,승합,남,52세,상해없음,승용,남,67세,중상
2013071400100308,2013년 7월 14일 16시,일요일,전라북도 완주군 소양면,중상사고,0,1,1,0,차대차 - 기타,안전운전불이행,건조,맑음,단일로 - 기타,승용,남,37세,상해없음,승용,남,40세,상해없음
2013071400100332,2013년 7월 14일 17시,일요일,전라북도 부안군 부안읍,중상사고,0,1,0,0,차대차 - 측면직각충돌,직진우회전진행방해,건조,맑음,교차로 - 교차로안,승용,남,59세,상해없음,원동기,남,73세,중상
2013071400100362,2013년 7월 14일 18시,일요일,전라북도 전주시 완산구 효자동1가,경상사고,0,0,5,0,차대차 - 추돌 - 진행중,안전운전불이행,건조,맑음,단일로 - 기타,화물,남,42세,상해없음,승용,남,71세,경상
2013071400100363,2013년 7월 14일 18시,일요일,전라북도 익산시 영등동,중상사고,0,1,0,0,차대사람 - 횡단중,안전운전불이행,건조,맑음,단일로 - 기타,승용,여,54세,상해없음,보행자,남,7세,중상
2013071400100364,2013년 7월 14일 18시,일요일,전라북도 익산시 창인동1가,경상사고,0,0,1,0,차대차 - 기타,안전운전불이행,건조,맑음,단일로 - 기타,승용,남,53세,기타불명,승용,남,55세,경상
2013071400100389,2013년 7월 14일 19시,일요일,전라북도 익산시 부송동,경상사고,0,0,1,0,차대차 - 측면직각충돌,신호위반,건조,맑음,교차로 - 교차로안,승용,남,39세,상해없음,승용,남,36세,경상
2013071400100442,2013년 7월 14일 21시,일요일,전라북도 김제시 양전동,경상사고,0,0,1,0,차대차 - 측면직각충돌,안전운전불이행,건조,맑음,교차로 - 교차로안,화물,남,70세,상해없음,승용,남,42세,상해없음
2013071400100498,2013년 7월 14일 23시,일요일,전라북도 군산시 나운동,경상사고,0,0,1,0,차대차 - 측면직각충돌,신호위반,건조,맑음,교차로 - 교차로안,승용,남,60세,상해없음,승용,여,42세,경상
2013071400100499,2013년 7월 14일 23시,일요일,전라북도 군산시 비응도동,경상사고,0,0,1,0,차대사람 - 횡단중,보행자보호의무위반,건조,맑음,교차로 - 교차로안,승용,남,51세,상해없음,보행자,남,46세,경상
2013071500100037,2013년 7월 15일 04시,월요일,전라북도 전주시 덕진구 송천동1가,중상사고,0,1,2,0,차대차 - 추돌 - 주정차중,안전운전불이행,건조,맑음,단일로 - 기타,승용,남,19세,상해없음,승용,남,41세,중상
2013071500100076,2013년 7월 15일 07시,월요일,전라북도 전주시 완산구 효자동2가,중상사고,0,1,0,0,차대차 - 기타,안전운전불이행,건조,맑음,단일로 - 기타,승용,기타불명,기타불명,기타불명,자전거,남,26세,중상
2013071500100125,2013년 7월 15일 08시,월요일,전라북도 익산시 모현동1가,경상사고,0,0,1,0,차대차 - 측면직각충돌,신호위반,건조,맑음,교차로 - 교차로안,승용,여,52세,상해없음,승용,여,49세,경상
2013071500100185,2013년 7월 15일 10시,월요일,전라북도 군산시 나운동,경상사고,0,0,1,0,차대사람 - 기타,안전운전불이행,건조,맑음,단일로 - 기타,승용,남,53세,상해없음,보행자,남,29세,경상
2013071500100186,2013년 7월 15일 10시,월요일,전라북도 익산시 여산면,경상사고,0,0,1,0,차대차 - 측면직각충돌,직진우회전진행방해,건조,맑음,교차로 - 교차로안,건설기계,남,53세,상해없음,승용,남,71세,경상
2013071500100214,2013년 7월 15일 11시,월요일,전라북도 부안군 부안읍,부상신고사고,0,0,0,1,차대차 - 추돌 - 주정차중,불법유턴,건조,맑음,교차로 - 교차로안,화물,남,83세,상해없음,승용,남,60세,부상신고
2013071500100240,2013년 7월 15일 12시,월요일,전라북도 전주시 완산구 효자동1가,경상사고,0,0,1,0,차대차 - 추돌 - 주정차중,안전운전불이행,건조,맑음,단일로 - 기타,승용,남,70세,상해없음,승용,여,73세,경상
2013071500100266,2013년 7월 15일 13시,월요일,전라북도 익산시 목천동,중상사고,0,1,0,0,차대차 - 측면직각충돌,안전운전불이행,건조,맑음,단일로 - 기타,화물,남,55세,상해없음,자전거,남,66세,중상
2013071500100315,2013년 7월 15일 15시,월요일,전라북도 전주시 완산구 삼천동1가,중상사고,0,1,0,0,차대차 - 기타,안전운전불이행,건조,맑음,교차로 - 교차로안,승용,여,52세,상해없음,자전거,여,64세,중상
2013071500100316,2013년 7월 15일 15시,월요일,전라북도 익산시 모현동1가,경상사고,0,0,1,0,차대사람 - 차도통행중,안전운전불이행,건조,맑음,단일로 - 기타,승용,여,46세,상해없음,보행자,남,11세,경상
2013071500100317,2013년 7월 15일 15시,월요일,전라북도 김제시 만경읍,중상사고,0,1,0,0,차대차 - 기타,안전운전불이행,건조,맑음,단일로 - 기타,승용,여,26세,상해없음,이륜,남,35세,중상
2013071500100387,2013년 7월 15일 17시,월요일,전라북도 전주시 덕진구 인후동2가,경상사고,0,0,1,0,차대차 - 기타,안전운전불이행,건조,맑음,교차로 - 교차로부근,승용,남,51세,상해없음,승용,남,58세,경상
2013071500100426,2013년 7월 15일 18시,월요일,전라북도 전주시 덕진구 덕진동1가,중상사고,0,1,0,0,차대사람 - 횡단중,보행자보호의무위반,건조,맑음,단일로 - 횡단보도상,승용,남,22세,상해없음,보행자,남,40세,중상
2013071500100427,2013년 7월 15일 18시,월요일,전라북도 전주시 덕진구 인후동1가,경상사고,0,0,2,0,차대사람 - 기타,안전운전불이행,건조,맑음,단일로 - 기타,승용,남,53세,상해없음,보행자,여,59세,경상
2013071500100428,2013년 7월 15일 18시,월요일,전라북도 군산시 미장동,경상사고,0,0,1,0,차대차 - 측면직각충돌,교차로운행방법위반,건조,맑음,교차로 - 교차로안,원동기,남,76세,상해없음,승용,여,36세,상해없음
2013071500100429,2013년 7월 15일 18시,월요일,전라북도 김제시 금산면,경상사고,0,0,1,0,차대차 - 측면직각충돌,직진우회전진행방해,건조,맑음,교차로 - 교차로안,화물,남,60세,상해없음,자전거,남,51세,경상
2013071500100457,2013년 7월 15일 19시,월요일,전라북도 익산시 영등동,경상사고,0,0,1,0,차대차 - 측면직각충돌,직진우회전진행방해,건조,맑음,교차로 - 교차로안,승용,남,27세,상해없음,승용,여,49세,경상
2013071500100458,2013년 7월 15일 19시,월요일,전라북도 장수군 장수읍,경상사고,0,0,1,0,차대사람 - 횡단중,안전운전불이행,건조,맑음,교차로 - 교차로안,승용,여,29세,상해없음,보행자,남,4세,경상
2013071500100495,2013년 7월 15일 20시,월요일,전라북도 군산시 수송동,중상사고,0,1,0,0,차대차 - 측면직각충돌,안전운전불이행,건조,맑음,단일로 - 기타,승용,여,55세,상해없음,원동기,남,51세,중상
2013071500100496,2013년 7월 15일 20시,월요일,전라북도 정읍시 시기동,경상사고,0,0,2,0,차대차 - 추돌 - 진행중,안전운전불이행,건조,맑음,단일로 - 기타,화물,남,52세,상해없음,승용,여,43세,경상
2013071600100033,2013년 7월 16일 02시,화요일,전라북도 익산시 동산동,경상사고,0,0,2,0,차대차 - 기타,중앙선침범,건조,맑음,단일로 - 기타,화물,남,55세,상해없음,승용,남,27세,경상
2013071600100069,2013년 7월 16일 06시,화요일,전라북도 전주시 완산구 효자동2가,경상사고,0,0,2,0,차대차 - 측면직각충돌,교차로운행방법위반,건조,맑음,교차로 - 교차로안,승용,남,45세,상해없음,승용,남,41세,경상
2013071600100088,2013년 7월 16일 07시,화요일,전라북도 익산시 부송동,경상사고,0,0,1,0,차대차 - 추돌 - 주정차중,안전운전불이행,건조,맑음,단일로 - 기타,승용,남,24세,상해없음,승용,남,47세,경상
2013071600100089,2013년 7월 16일 07시,화요일,전라북도 익산시 모현동1가,경상사고,0,0,1,0,차대사람 - 차도통행중,안전운전불이행,건조,맑음,단일로 - 기타,승용,남,39세,상해없음,보행자,남,13세,경상
2013071600100128,2013년 7월 16일 08시,화요일,전라북도 전주시 완산구 효자동2가,경상사고,0,0,1,0,차대사람 - 기타,보행자보호의무위반,건조,맑음,교차로 - 교차로부근,승용,여,34세,상해없음,보행자,남,59세,경상
2013071600100165,2013년 7월 16일 09시,화요일,전라북도 장수군 장수읍,중상사고,0,2,2,0,차대차 - 정면충돌,직진우회전진행방해,건조,맑음,교차로 - 교차로안,승용,남,60세,경상,승용,남,36세,중상
2013071600100222,2013년 7월 16일 11시,화요일,전라북도 전주시 완산구 경원동1가,경상사고,0,0,1,0,차대차 - 기타,안전운전불이행,건조,맑음,단일로 - 기타,승용,남,24세,상해없음,승용,여,44세,경상
2013071600100223,2013년 7월 16일 11시,화요일,전라북도 남원시 주천면,중상사고,0,1,1,0,차대차 - 추돌 - 진행중,안전운전불이행,건조,맑음,단일로 - 터널,화물,남,81세,상해없음,이륜,남,36세,중상
2013071600100243,2013년 7월 16일 12시,화요일,전라북도 익산시 신흥동,경상사고,0,0,2,0,차대차 - 측면직각충돌,직진우회전진행방해,건조,맑음,교차로 - 교차로안,화물,남,32세,상해없음,승용,남,33세,경상
2013071600100244,2013년 7월 16일 12시,화요일,전라북도 남원시 금동,경상사고,0,0,1,0,차대차 - 측면직각충돌,직진우회전진행방해,건조,맑음,교차로 - 교차로안,승용,남,46세,상해없음,자전거,남,69세,경상
2013071600100268,2013년 7월 16일 13시,화요일,전라북도 익산시 남중동,경상사고,0,0,1,0,차대사람 - 횡단중,안전운전불이행,건조,맑음,단일로 - 기타,승용,여,52세,상해없음,보행자,남,21세,경상
2013071600100305,2013년 7월 16일 14시,화요일,전라북도 익산시 춘포면,경상사고,0,0,2,0,차대차 - 정면충돌,중앙선침범,건조,맑음,단일로 - 기타,승용,남,75세,경상,화물,남,50세,경상
2013071600100306,2013년 7월 16일 14시,화요일,전라북도 부안군 부안읍,중상사고,0,1,0,0,차대사람 - 기타,안전운전불이행,건조,맑음,단일로 - 기타,승용,남,66세,상해없음,보행자,여,76세,중상
2013071600100335,2013년 7월 16일 15시,화요일,전라북도 군산시 소룡동,경상사고,0,0,1,0,차대차 - 추돌 - 진행중,안전운전불이행,건조,맑음,교차로 - 교차로부근,승용,남,49세,상해없음,화물,남,38세,경상
2013071600100369,2013년 7월 16일 16시,화요일,전라북도 익산시 인화동1가,중상사고,0,1,0,0,차대차 - 정면충돌,신호위반,건조,맑음,교차로 - 교차로안,승용,남,67세,상해없음,승용,남,29세,중상
2013071600100370,2013년 7월 16일 16시,화요일,전라북도 김제시 죽산면,경상사고,0,0,1,0,차대차 - 기타,안전운전불이행,건조,맑음,단일로 - 기타,화물,남,66세,상해없음,승용,남,30세,경상
2013071600100397,2013년 7월 16일 17시,화요일,전라북도 전주시 덕진구 산정동,사망사고,1,0,0,0,차량단독 - 기타,안전운전불이행,건조,맑음,단일로 - 기타,이륜,남,46세,사망,,,,
2013071600100464,2013년 7월 16일 19시,화요일,전라북도 정읍시 연지동,경상사고,0,0,1,0,차대차 - 추돌 - 진행중,안전운전불이행,건조,맑음,단일로 - 기타,화물,남,51세,상해없음,승용,여,46세,경상
2013071600100492,2013년 7월 16일 20시,화요일,전라북도 전주시 완산구 중화산동2가,경상사고,0,0,4,0,차대차 - 기타,신호위반,건조,맑음,교차로 - 교차로부근,승용,여,46세,경상,승용,남,49세,경상
2013071600100493,2013년 7월 16일 20시,화요일,전라북도 전주시 덕진구 우아동2가,중상사고,0,1,0,0,차대사람 - 차도통행중,안전운전불이행,건조,맑음,단일로 - 기타,화물,남,40세,상해없음,보행자,여,60세,중상
2013071600100494,2013년 7월 16일 20시,화요일,전라북도 고창군 고창읍,중상사고,0,1,0,0,차대사람 - 차도통행중,안전운전불이행,건조,맑음,교차로 - 교차로안,승용,남,52세,상해없음,보행자,여,49세,중상
2013071600100520,2013년 7월 16일 21시,화요일,전라북도 전주시 덕진구 우아동2가,경상사고,0,0,1,0,차대차 - 추돌 - 진행중,중앙선침범,건조,맑음,단일로 - 기타,승용,여,52세,상해없음,승용,여,25세,경상
2013071600100557,2013년 7월 16일 22시,화요일,전라북도 전주시 완산구 중화산동1가,중상사고,0,1,0,0,차대차 - 측면직각충돌,신호위반,건조,맑음,교차로 - 교차로안,승용,남,52세,상해없음,이륜,남,18세,중상
2013071700100077,2013년 7월 17일 05시,수요일,전라북도 익산시 어양동,경상사고,0,0,1,0,차대차 - 추돌 - 진행중,안전운전불이행,건조,맑음,단일로 - 기타,승용,남,28세,상해없음,자전거,여,44세,경상
2013071700100109,2013년 7월 17일 07시,수요일,전라북도 군산시 수송동,경상사고,0,0,1,0,차대차 - 측면직각충돌,안전운전불이행,건조,맑음,교차로 - 교차로안,승용,여,39세,상해없음,승용,남,60세,경상
2013071700100175,2013년 7월 17일 09시,수요일,전라북도 남원시 주천면,중상사고,0,1,0,0,차대차 - 기타,직진우회전진행방해,건조,맑음,교차로 - 교차로안,건설기계,남,53세,상해없음,이륜,여,77세,중상
2013071700100176,2013년 7월 17일 09시,수요일,전라북도 진안군 진안읍,중상사고,0,1,0,0,차대차 - 기타,안전거리미확보,건조,맑음,단일로 - 기타,화물,남,70세,상해없음,승용,여,41세,중상
2013071700100220,2013년 7월 17일 11시,수요일,전라북도 전주시 덕진구 송천동1가,경상사고,0,0,1,0,차대사람 - 횡단중,보행자보호의무위반,건조,맑음,교차로 - 교차로부근,승합,남,60세,상해없음,보행자,여,43세,경상
2013071700100221,2013년 7월 17일 11시,수요일,전라북도 김제시 하동,중상사고,0,1,1,0,차대차 - 추돌 - 진행중,안전운전불이행,건조,맑음,교차로 - 교차로부근,승용,여,63세,중상,화물,남,39세,경상
2013071700100222,2013년 7월 17일 11시,수요일,전라북도 김제시 서암동,경상사고,0,0,2,0,차대차 - 측면직각충돌,신호위반,건조,맑음,교차로 - 교차로안,승용,남,62세,상해없음,승용,남,61세,경상
2013071700100246,2013년 7월 17일 12시,수요일,전라북도 전주시 완산구 평화동1가,경상사고,0,0,2,0,차대차 - 측면직각충돌,차로위반,건조,맑음,교차로 - 교차로부근,화물,남,48세,상해없음,승합,남,47세,경상
2013071700100247,2013년 7월 17일 12시,수요일,전라북도 군산시 나운동,중상사고,0,1,0,0,차대차 - 기타,안전거리미확보,건조,흐림,교차로 - 교차로부근,승용,여,27세,상해없음,승용,여,40세,중상
2013071700100282,2013년 7월 17일 13시,수요일,전라북도 전주시 완산구 중화산동2가,경상사고,0,0,2,0,차대차 - 측면직각충돌,교차로운행방법위반,건조,흐림,교차로 - 교차로안,승용,남,36세,상해없음,승용,남,69세,경상
2013071700100283,2013년 7월 17일 13시,수요일,전라북도 진안군 백운면,경상사고,0,0,5,0,차대차 - 측면직각충돌,직진우회전진행방해,건조,맑음,교차로 - 교차로안,화물,여,65세,상해없음,승합,남,51세,경상
2013071700100309,2013년 7월 17일 14시,수요일,전라북도 전주시 덕진구 인후동2가,경상사고,0,0,1,0,차대차 - 기타,안전운전불이행,건조,맑음,교차로 - 교차로안,승용,남,45세,상해없음,이륜,남,66세,경상
2013071700100341,2013년 7월 17일 15시,수요일,전라북도 익산시 동산동,경상사고,0,0,1,0,차대사람 - 기타,안전운전불이행,건조,맑음,교차로 - 교차로안,기타불명,기타불명,기타불명,기타불명,보행자,여,14세,경상
2013071700100342,2013년 7월 17일 15시,수요일,전라북도 완주군 고산면,부상신고사고,0,0,0,1,차대차 - 기타,안전운전불이행,건조,맑음,단일로 - 기타,기타불명,기타불명,기타불명,기타불명,화물,남,47세,부상신고
2013071700100343,2013년 7월 17일 15시,수요일,전라북도 고창군 흥덕면,경상사고,0,0,1,0,차대차 - 기타,기타,건조,맑음,단일로 - 기타,화물,남,47세,상해없음,승용,남,52세,경상
2013071700100467,2013년 7월 17일 18시,수요일,전라북도 전주시 완산구 효자동1가,경상사고,0,0,1,0,차대사람 - 횡단중,안전운전불이행,건조,맑음,교차로 - 교차로안,승용,남,48세,상해없음,보행자,여,39세,경상
2013071700100468,2013년 7월 17일 18시,수요일,전라북도 전주시 덕진구 금암동,경상사고,0,0,1,0,차대차 - 기타,안전운전불이행,건조,맑음,교차로 - 교차로안,승용,여,22세,상해없음,승용,남,63세,경상
2013071700100469,2013년 7월 17일 18시,수요일,전라북도 군산시 수송동,경상사고,0,0,1,0,차대차 - 측면직각충돌,안전운전불이행,건조,맑음,교차로 - 교차로부근,승용,남,55세,상해없음,원동기,남,17세,경상
2013071700100545,2013년 7월 17일 20시,수요일,전라북도 진안군 진안읍,중상사고,0,1,0,0,차량단독 - 기타,안전운전불이행,건조,맑음,단일로 - 기타,자전거,남,10세,중상,,,,
2013071700100583,2013년 7월 17일 21시,수요일,전라북도 전주시 완산구 서신동,경상사고,0,0,1,0,차대사람 - 횡단중,보행자보호의무위반,건조,맑음,교차로 - 교차로안,승합,남,46세,상해없음,보행자,여,30세,경상
2013071700100584,2013년 7월 17일 21시,수요일,전라북도 군산시 수송동,경상사고,0,0,1,0,차대사람 - 횡단중,보행자보호의무위반,건조,맑음,교차로 - 교차로부근,승용,남,42세,상해없음,보행자,여,46세,경상
2013071700100616,2013년 7월 17일 22시,수요일,전라북도 익산시 중앙동1가,경상사고,0,0,1,0,차량단독 - 기타,안전운전불이행,건조,맑음,단일로 - 기타,승용,남,50세,상해없음,,,,
2013071800100062,2013년 7월 18일 02시,목요일,전라북도 정읍시 태인면,중상사고,0,1,0,0,차대사람 - 횡단중,안전운전불이행,건조,맑음,단일로 - 기타,승용,여,28세,상해없음,보행자,남,61세,중상
2013071800100072,2013년 7월 18일 03시,목요일,전라북도 완주군 봉동읍,중상사고,0,1,1,0,차대차 - 추돌 - 진행중,안전운전불이행,건조,맑음,단일로 - 기타,화물,남,34세,경상,화물,남,39세,중상
2013071800100161,2013년 7월 18일 08시,목요일,전라북도 익산시 모현동1가,경상사고,0,0,1,0,차대사람 - 기타,안전운전불이행,건조,맑음,단일로 - 기타,기타불명,기타불명,기타불명,기타불명,보행자,남,14세,경상
2013071800100162,2013년 7월 18일 08시,목요일,전라북도 익산시 평화동,경상사고,0,0,1,0,차대차 - 추돌 - 진행중,안전거리미확보,건조,맑음,단일로 - 기타,승용,남,67세,상해없음,이륜,남,59세,경상
2013071800100188,2013년 7월 18일 09시,목요일,전라북도 군산시 산북동,사망사고,1,0,0,0,차량단독 - 공작물충돌,안전운전불이행,건조,맑음,단일로 - 기타,승용,남,54세,사망,,,,
2013071800100189,2013년 7월 18일 09시,목요일,전라북도 정읍시 고부면,경상사고,0,0,1,0,차량단독 - 기타,기타,건조,맑음,단일로 - 기타,승합,남,48세,상해없음,,,,
2013071800100190,2013년 7월 18일 09시,목요일,전라북도 고창군 상하면,사망사고,1,0,0,0,차량단독 - 전도전복,안전운전불이행,건조,맑음,단일로 - 기타,건설기계,남,53세,사망,,,,
2013071800100205,2013년 7월 18일 10시,목요일,전라북도 전주시 완산구 전동,경상사고,0,0,4,0,차대차 - 측면직각충돌,중앙선침범,건조,맑음,단일로 - 기타,승용,여,63세,상해없음,승용,남,55세,상해없음
2013071800100206,2013년 7월 18일 10시,목요일,전라북도 전주시 덕진구 진북동,경상사고,0,0,1,0,차대차 - 측면직각충돌,신호위반,건조,맑음,교차로 - 교차로안,승용,남,53세,상해없음,화물,남,61세,경상
2013071800100207,2013년 7월 18일 10시,목요일,전라북도 익산시 영등동,경상사고,0,0,2,0,차대차 - 측면직각충돌,신호위반,건조,맑음,교차로 - 교차로안,승용,여,54세,상해없음,승용,여,33세,경상
2013071800100228,2013년 7월 18일 11시,목요일,전라북도 군산시 옥산면,경상사고,0,0,2,0,차대차 - 측면직각충돌,직진우회전진행방해,건조,맑음,교차로 - 교차로안,승용,여,21세,경상,승용,여,63세,경상
2013071800100246,2013년 7월 18일 12시,목요일,전라북도 군산시 수송동,경상사고,0,0,5,0,차대차 - 측면직각충돌,안전운전불이행,건조,맑음,교차로 - 교차로안,승용,여,38세,경상,승용,남,62세,경상
2013071800100247,2013년 7월 18일 12시,목요일,전라북도 익산시 부송동,경상사고,0,0,1,0,차대사람 - 횡단중,안전운전불이행,건조,맑음,교차로 - 교차로안,승용,여,45세,상해없음,보행자,남,13세,경상
2013071800100263,2013년 7월 18일 13시,목요일,전라북도 익산시 모현동1가,경상사고,0,0,1,0,차대차 - 측면직각충돌,안전운전불이행,건조,맑음,단일로 - 기타,승용,여,45세,상해없음,승용,여,55세,경상
2013071800100264,2013년 7월 18일 13시,목요일,전라북도 익산시 남중동,경상사고,0,0,1,0,차대차 - 추돌 - 주정차중,안전운전불이행,건조,맑음,교차로 - 교차로부근,기타불명,기타불명,기타불명,기타불명,승용,여,38세,경상
2013071800100265,2013년 7월 18일 13시,목요일,전라북도 순창군 순창읍,중상사고,0,1,1,0,차량단독 - 도로외이탈 - 기타,안전운전불이행,건조,맑음,단일로 - 기타,화물,남,63세,기타불명,,,,
2013071800100293,2013년 7월 18일 14시,목요일,전라북도 남원시 인월면,경상사고,0,0,2,0,차대차 - 정면충돌,안전운전불이행,건조,맑음,단일로 - 기타,화물,남,61세,상해없음,화물,남,57세,경상
2013071800100325,2013년 7월 18일 15시,목요일,전라북도 부안군 행안면,경상사고,0,0,1,0,차량단독 - 공작물충돌,안전운전불이행,건조,맑음,단일로 - 기타,화물,남,31세,상해없음,,,,
2013071800100399,2013년 7월 18일 17시,목요일,전라북도 전주시 덕진구 인후동1가,중상사고,0,1,0,0,차대차 - 측면직각충돌,안전운전불이행,건조,맑음,교차로 - 교차로부근,승합,남,58세,상해없음,자전거,남,9세,중상
2013071800100400,2013년 7월 18일 17시,목요일,전라북도 군산시 나운동,경상사고,0,0,2,0,차대차 - 추돌 - 진행중,안전거리미확보,건조,맑음,단일로 - 기타,승용,남,59세,상해없음,승용,남,58세,경상
2013071800100401,2013년 7월 18일 17시,목요일,전라북도 익산시 신동,경상사고,0,0,1,0,차대차 - 기타,안전거리미확보,건조,맑음,단일로 - 기타,승용,여,29세,상해없음,승합,남,46세,경상
2013071800100447,2013년 7월 18일 18시,목요일,전라북도 익산시 신동,부상신고사고,0,0,0,1,차대차 - 추돌 - 진행중,안전거리미확보,건조,맑음,교차로 - 교차로부근,승용,여,51세,상해없음,승용,남,62세,부상신고
2013071800100516,2013년 7월 18일 20시,목요일,전라북도 전주시 완산구 평화동3가,경상사고,0,0,4,0,차대차 - 측면직각충돌,차로위반,건조,맑음,단일로 - 기타,승용,남,57세,상해없음,승용,남,34세,상해없음
2013071800100517,2013년 7월 18일 20시,목요일,전라북도 군산시 나운동,경상사고,0,0,1,0,차량단독 - 기타,안전운전불이행,기타,맑음,교차로 - 교차로부근,이륜,남,17세,경상,,,,
2013071800100518,2013년 7월 18일 20시,목요일,전라북도 임실군 오수면,경상사고,0,0,2,0,차대사람 - 기타,안전운전불이행,건조,맑음,교차로 - 교차로부근,승용,여,18세,상해없음,보행자,남,75세,경상
2013071800100519,2013년 7월 18일 20시,목요일,전라북도 완주군 이서면,사망사고,1,1,0,0,차대사람 - 차도통행중,안전운전불이행,건조,맑음,단일로 - 기타,승용,남,48세,상해없음,보행자,남,62세,사망
2013071800100520,2013년 7월 18일 20시,목요일,전라북도 완주군 봉동읍,중상사고,0,1,0,0,차대차 - 측면직각충돌,안전운전불이행,건조,맑음,단일로 - 기타,승용,남,53세,상해없음,승용,남,39세,중상
2013071800100599,2013년 7월 18일 22시,목요일,전라북도 전주시 덕진구 호성동1가,중상사고,0,1,0,0,차대사람 - 길가장자리구역통행중,안전운전불이행,건조,맑음,교차로 - 교차로안,승용,남,53세,상해없음,보행자,남,47세,중상
2013071800100630,2013년 7월 18일 23시,목요일,전라북도 전주시 완산구 평화동1가,경상사고,0,0,1,0,차대사람 - 기타,안전운전불이행,건조,맑음,교차로 - 교차로부근,승용,남,42세,상해없음,보행자,남,28세,경상
2013071900100013,2013년 7월 19일 00시,금요일,전라북도 군산시 옥산면,사망사고,1,0,1,0,차대차 - 추돌 - 진행중,안전운전불이행,건조,맑음,단일로 - 기타,승용,남,36세,사망,화물,남,32세,경상
2013071900100103,2013년 7월 19일 07시,금요일,전라북도 익산시 신흥동,경상사고,0,0,2,0,차대차 - 측면직각충돌,직진우회전진행방해,건조,맑음,교차로 - 교차로안,승용,남,50세,상해없음,승용,여,36세,경상
2013071900100104,2013년 7월 19일 07시,금요일,전라북도 익산시 인화동1가,경상사고,0,0,4,0,차대차 - 추돌 - 주정차중,안전거리미확보,건조,맑음,교차로 - 교차로부근,승용,남,78세,상해없음,승용,남,56세,경상
2013071900100132,2013년 7월 19일 08시,금요일,전라북도 전주시 완산구 효자동2가,경상사고,0,0,2,0,차대차 - 기타,안전거리미확보,건조,맑음,단일로 - 횡단보도부근,건설기계,남,41세,상해없음,승용,남,45세,경상
2013071900100192,2013년 7월 19일 10시,금요일,전라북도 전주시 완산구 용복동,중상사고,0,1,0,0,차량단독 - 전도전복,안전운전불이행,건조,맑음,단일로 - 기타,승용,여,53세,상해없음,,,,
2013071900100193,2013년 7월 19일 10시,금요일,전라북도 부안군 줄포면,경상사고,0,0,1,0,차대차 - 기타,교차로운행방법위반,건조,맑음,교차로 - 교차로안,승용,남,63세,상해없음,원동기,남,60세,경상
2013071900100220,2013년 7월 19일 11시,금요일,전라북도 익산시 동산동,경상사고,0,0,2,0,차대차 - 측면직각충돌,안전운전불이행,건조,맑음,교차로 - 교차로안,승용,남,31세,상해없음,승용,남,50세,경상
2013071900100221,2013년 7월 19일 11시,금요일,전라북도 김제시 용지면,경상사고,0,0,2,0,차대차 - 측면직각충돌,신호위반,건조,맑음,교차로 - 교차로안,승용,남,36세,상해없음,화물,남,61세,경상
2013071900100283,2013년 7월 19일 13시,금요일,전라북도 전주시 완산구 경원동1가,경상사고,0,0,1,0,차대사람 - 횡단중,안전운전불이행,건조,맑음,단일로 - 기타,승용,남,51세,상해없음,보행자,남,19세,경상
2013071900100284,2013년 7월 19일 13시,금요일,전라북도 전주시 덕진구 금암동,중상사고,0,1,0,0,차대사람 - 횡단중,안전운전불이행,건조,맑음,단일로 - 기타,승용,남,44세,상해없음,보행자,여,74세,중상
2013071900100285,2013년 7월 19일 13시,금요일,전라북도 전주시 덕진구 송천동1가,경상사고,0,0,1,0,차대차 - 추돌 - 진행중,안전거리미확보,건조,맑음,단일로 - 기타,승용,남,71세,상해없음,승용,여,45세,경상
2013071900100320,2013년 7월 19일 14시,금요일,전라북도 익산시 팔봉동,경상사고,0,0,1,0,차대차 - 추돌 - 진행중,안전운전불이행,건조,맑음,단일로 - 기타,승용,남,59세,상해없음,승용,남,44세,경상
2013071900100321,2013년 7월 19일 14시,금요일,전라북도 익산시 삼기면,중상사고,0,1,0,0,차대차 - 추돌 - 진행중,안전거리미확보,건조,맑음,단일로 - 기타,화물,남,35세,상해없음,승용,여,47세,중상
2013071900100322,2013년 7월 19일 14시,금요일,전라북도 장수군 천천면,경상사고,0,0,3,0,차대차 - 기타,안전운전불이행,건조,맑음,단일로 - 기타,화물,남,47세,상해없음,승용,남,71세,경상
2013071900100323,2013년 7월 19일 14시,금요일,전라북도 남원시 송동면,중상사고,0,2,2,0,차대차 - 기타,안전운전불이행,습기,흐림,단일로 - 기타,승용,남,44세,상해없음,승용,남,58세,경상
2013071900100353,2013년 7월 19일 15시,금요일,전라북도 전주시 완산구 중화산동2가,경상사고,0,0,1,0,차대차 - 기타,안전거리미확보,건조,맑음,단일로 - 기타,승용,남,38세,상해없음,승용,남,29세,경상
2013071900100354,2013년 7월 19일 15시,금요일,전라북도 전주시 덕진구 인후동1가,경상사고,0,0,2,0,차대차 - 추돌 - 주정차중,안전운전불이행,건조,맑음,교차로 - 교차로부근,승용,여,29세,상해없음,승용,여,57세,경상