사고번호,사고일시,요일,시군구,사고내용,사망자수,중상자수,경상자수,부상신고자수,사고유형,법규위반,노면상태,기상상태,도로형태,가해운전자 차종,가해운전자 성별,가해운전자 연령,가해운전자 상해정도,피해운전자 차종,피해운전자 성별,피해운전자 연령,피해운전자 상해정도
2013071900100381,2013년 7월 19일 16시,금요일,전라북도 전주시 완산구 효자동1가,경상사고,0,0,1,0,차대차 - 기타,교차로운행방법위반,건조,맑음,교차로 - 교차로안,승합,남,57세,상해없음,승합,남,46세,상해없음
2013071900100412,2013년 7월 19일 17시,금요일,전라북도 전주시 덕진구 인후동1가,경상사고,0,0,1,0,차대차 - 측면직각충돌,안전운전불이행,건조,맑음,교차로 - 교차로부근,이륜,남,24세,경상,승용,남,40세,상해없음
2013071900100413,2013년 7월 19일 17시,금요일,전라북도 군산시 경암동,경상사고,0,0,1,0,차대차 - 추돌 - 진행중,안전거리미확보,건조,맑음,단일로 - 기타,화물,남,55세,상해없음,승용,남,54세,경상
2013071900100414,2013년 7월 19일 17시,금요일,전라북도 군산시 수송동,중상사고,0,1,1,0,차대차 - 측면직각충돌,신호위반,건조,맑음,교차로 - 교차로안,승용,남,57세,상해없음,승용,여,21세,중상
2013071900100415,2013년 7월 19일 17시,금요일,전라북도 군산시 나운동,경상사고,0,0,2,0,차대차 - 측면직각충돌,신호위반,건조,맑음,교차로 - 교차로안,승용,여,47세,상해없음,승용,남,49세,경상
2013071900100471,2013년 7월 19일 18시,금요일,전라북도 전주시 완산구 태평동,경상사고,0,0,1,0,차대차 - 기타,안전운전불이행,건조,맑음,단일로 - 기타,승용,남,27세,상해없음,자전거,남,15세,경상
2013071900100472,2013년 7월 19일 18시,금요일,전라북도 전주시 완산구 효자동3가,경상사고,0,0,3,0,차대차 - 측면직각충돌,교차로운행방법위반,건조,맑음,교차로 - 교차로안,승용,여,20세,경상,승용,여,30세,상해없음
2013071900100473,2013년 7월 19일 18시,금요일,전라북도 전주시 덕진구 송천동1가,경상사고,0,0,2,0,차대차 - 추돌 - 주정차중,안전운전불이행,건조,맑음,단일로 - 기타,승용,남,31세,상해없음,승용,여,29세,경상
2013071900100474,2013년 7월 19일 18시,금요일,전라북도 군산시 나운동,경상사고,0,0,1,0,차대차 - 측면직각충돌,중앙선침범,건조,맑음,단일로 - 기타,승용,남,25세,상해없음,승용,남,26세,경상
2013071900100475,2013년 7월 19일 18시,금요일,전라북도 익산시 함라면,중상사고,0,1,0,0,차대차 - 측면직각충돌,안전운전불이행,건조,맑음,교차로 - 교차로안,원동기,남,70세,중상,화물,남,37세,상해없음
2013071900100476,2013년 7월 19일 18시,금요일,전라북도 익산시 금강동,중상사고,0,1,0,0,차대차 - 측면직각충돌,안전운전불이행,건조,맑음,단일로 - 기타,승용,여,53세,상해없음,자전거,남,39세,중상
2013071900100477,2013년 7월 19일 18시,금요일,전라북도 김제시 백구면,경상사고,0,0,1,0,차대차 - 추돌 - 진행중,안전운전불이행,건조,맑음,단일로 - 기타,승용,여,30세,기타불명,이륜,남,54세,경상
2013071900100513,2013년 7월 19일 19시,금요일,전라북도 군산시 미장동,중상사고,0,1,2,0,차대차 - 추돌 - 진행중,안전거리미확보,건조,맑음,단일로 - 기타,승용,남,29세,기타불명,승용,여,32세,중상
2013071900100514,2013년 7월 19일 19시,금요일,전라북도 군산시 명산동,중상사고,0,1,0,0,차대차 - 측면직각충돌,안전운전불이행,건조,맑음,교차로 - 교차로안,이륜,남,65세,중상,승용,남,55세,상해없음
2013071900100515,2013년 7월 19일 19시,금요일,전라북도 익산시 남중동,경상사고,0,0,1,0,차대차 - 기타,안전운전불이행,건조,맑음,단일로 - 기타,승용,남,41세,상해없음,승용,남,35세,경상
2013071900100546,2013년 7월 19일 20시,금요일,전라북도 고창군 고창읍,경상사고,0,0,1,0,차대차 - 측면직각충돌,직진우회전진행방해,건조,맑음,교차로 - 교차로안,승용,남,56세,상해없음,이륜,남,47세,경상
2013071900100547,2013년 7월 19일 20시,금요일,전라북도 완주군 봉동읍,사망사고,1,0,0,0,차대차 - 기타,안전운전불이행,건조,맑음,단일로 - 기타,승용,남,32세,상해없음,자전거,남,75세,사망
2013071900100587,2013년 7월 19일 21시,금요일,전라북도 전주시 완산구 서신동,경상사고,0,0,2,0,차대차 - 측면직각충돌,중앙선침범,건조,맑음,단일로 - 기타,승용,여,41세,상해없음,승용,남,30세,경상
2013071900100588,2013년 7월 19일 21시,금요일,전라북도 전주시 완산구 서신동,경상사고,0,0,2,0,차대차 - 기타,직진우회전진행방해,건조,맑음,교차로 - 교차로안,승용,남,46세,상해없음,승용,남,64세,상해없음
2013071900100589,2013년 7월 19일 21시,금요일,전라북도 군산시 나운동,중상사고,0,1,0,0,차대차 - 측면직각충돌,안전거리미확보,건조,맑음,단일로 - 기타,승용,남,54세,상해없음,이륜,남,19세,중상
2013071900100590,2013년 7월 19일 21시,금요일,전라북도 정읍시 시기동,중상사고,0,1,0,0,차대사람 - 기타,안전운전불이행,건조,맑음,단일로 - 기타,승용,남,53세,상해없음,보행자,여,62세,중상
2013071900100619,2013년 7월 19일 22시,금요일,전라북도 전주시 덕진구 금암동,중상사고,0,1,1,0,차대차 - 측면직각충돌,안전운전불이행,건조,맑음,교차로 - 교차로안,승용,남,20세,경상,이륜,남,32세,중상
2013071900100648,2013년 7월 19일 23시,금요일,전라북도 전주시 덕진구 덕진동1가,경상사고,0,0,1,0,차대차 - 측면직각충돌,안전운전불이행,건조,맑음,단일로 - 기타,기타불명,기타불명,기타불명,기타불명,자전거,남,39세,경상
2013071900100649,2013년 7월 19일 23시,금요일,전라북도 익산시 영등동,경상사고,0,0,1,0,차대사람 - 횡단중,안전운전불이행,건조,맑음,교차로 - 교차로안,승용,남,60세,상해없음,보행자,남,64세,경상
2013072000100017,2013년 7월 20일 00시,토요일,전라북도 전주시 완산구 중화산동2가,경상사고,0,0,1,0,차대차 - 측면직각충돌,직진우회전진행방해,건조,맑음,교차로 - 교차로안,승용,여,26세,상해없음,승용,여,27세,경상
2013072000100018,2013년 7월 20일 00시,토요일,전라북도 전주시 덕진구 송천동1가,경상사고,0,0,2,0,차대차 - 측면직각충돌,중앙선침범,건조,맑음,교차로 - 교차로부근,승용,남,33세,상해없음,승용,남,35세,경상
2013072000100051,2013년 7월 20일 01시,토요일,전라북도 전주시 덕진구 우아동1가,경상사고,0,0,1,0,차량단독 - 공작물충돌,안전운전불이행,건조,맑음,교차로 - 교차로부근,승용,남,38세,경상,,,,
2013072000100052,2013년 7월 20일 01시,토요일,전라북도 고창군 신림면,중상사고,0,2,0,0,차량단독 - 공작물충돌,안전운전불이행,건조,맑음,교차로 - 교차로안,승용,남,23세,중상,,,,
2013072000100071,2013년 7월 20일 02시,토요일,전라북도 익산시 남중동,중상사고,0,1,2,0,차대차 - 정면충돌,중앙선침범,건조,맑음,단일로 - 기타,승용,남,36세,상해없음,승용,남,50세,중상
2013072000100072,2013년 7월 20일 02시,토요일,전라북도 김제시 입석동,중상사고,0,1,0,0,차대사람 - 길가장자리구역통행중,안전운전불이행,건조,맑음,교차로 - 교차로부근,승용,남,35세,상해없음,보행자,남,66세,중상
2013072000100098,2013년 7월 20일 04시,토요일,전라북도 전주시 덕진구 인후동1가,경상사고,0,0,2,0,차대차 - 추돌 - 주정차중,안전운전불이행,건조,맑음,교차로 - 교차로부근,승용,남,41세,상해없음,승용,남,42세,상해없음
2013072000100099,2013년 7월 20일 04시,토요일,전라북도 완주군 이서면,중상사고,0,1,0,0,차량단독 - 기타,안전운전불이행,건조,맑음,단일로 - 기타,원동기,남,74세,중상,,,,
2013072000100142,2013년 7월 20일 06시,토요일,전라북도 군산시 산북동,경상사고,0,0,1,0,차대차 - 추돌 - 진행중,안전거리미확보,건조,맑음,교차로 - 교차로안,승용,남,70세,상해없음,승용,남,34세,경상
2013072000100143,2013년 7월 20일 06시,토요일,전라북도 익산시 함열읍,경상사고,0,0,2,0,차대차 - 측면직각충돌,안전운전불이행,건조,맑음,교차로 - 교차로부근,승용,남,68세,상해없음,화물,남,54세,경상
2013072000100158,2013년 7월 20일 07시,토요일,전라북도 군산시 조촌동,경상사고,0,0,3,0,차대차 - 측면직각충돌,직진우회전진행방해,건조,맑음,교차로 - 교차로안,승용,남,27세,경상,승용,남,51세,경상
2013072000100159,2013년 7월 20일 07시,토요일,전라북도 남원시 아영면,경상사고,0,0,1,0,차대차 - 기타,안전운전불이행,건조,맑음,단일로 - 기타,기타불명,남,86세,상해없음,승용,여,56세,경상
2013072000100175,2013년 7월 20일 08시,토요일,전라북도 전주시 완산구 서신동,경상사고,0,0,1,0,차대차 - 추돌 - 진행중,안전운전불이행,건조,맑음,단일로 - 기타,승용,남,60세,상해없음,승용,남,48세,경상
2013072000100176,2013년 7월 20일 08시,토요일,전라북도 전주시 덕진구 화전동,경상사고,0,0,1,0,차대차 - 추돌 - 진행중,안전운전불이행,건조,맑음,단일로 - 교량,승합,남,26세,상해없음,화물,남,53세,경상
2013072000100177,2013년 7월 20일 08시,토요일,전라북도 익산시 용제동,경상사고,0,0,1,0,차대차 - 기타,안전운전불이행,건조,맑음,단일로 - 기타,승용,기타불명,기타불명,기타불명,승용,남,35세,상해없음
2013072000100193,2013년 7월 20일 09시,토요일,전라북도 전주시 완산구 서서학동,중상사고,0,1,0,0,차대차 - 기타,신호위반,건조,맑음,교차로 - 교차로안,화물,남,63세,상해없음,원동기,남,61세,중상
2013072000100194,2013년 7월 20일 09시,토요일,전라북도 전주시 완산구 중화산동2가,경상사고,0,0,2,0,차대차 - 기타,안전거리미확보,건조,맑음,교차로 - 교차로부근,승용,남,52세,상해없음,승용,남,47세,경상
2013072000100218,2013년 7월 20일 10시,토요일,전라북도 전주시 덕진구 동산동,경상사고,0,0,1,0,차대차 - 측면직각충돌,신호위반,건조,맑음,교차로 - 교차로안,화물,남,43세,상해없음,승용,남,65세,경상
2013072000100219,2013년 7월 20일 10시,토요일,전라북도 전주시 덕진구 우아동1가,경상사고,0,0,6,0,차대차 - 추돌 - 주정차중,안전운전불이행,건조,맑음,교차로 - 교차로부근,승용,남,27세,상해없음,승용,남,29세,경상
2013072000100220,2013년 7월 20일 10시,토요일,전라북도 임실군 강진면,중상사고,0,1,0,0,차대차 - 추돌 - 진행중,안전운전불이행,건조,맑음,단일로 - 기타,화물,남,49세,상해없음,이륜,남,79세,중상
2013072000100288,2013년 7월 20일 12시,토요일,전라북도 전주시 완산구 효자동2가,경상사고,0,0,1,0,차대차 - 기타,안전거리미확보,건조,맑음,교차로 - 교차로부근,승용,남,44세,상해없음,승용,여,21세,경상
2013072000100289,2013년 7월 20일 12시,토요일,전라북도 전주시 완산구 다가동1가,경상사고,0,0,1,0,차대사람 - 기타,기타,건조,맑음,교차로 - 교차로부근,승합,남,53세,기타불명,보행자,여,77세,경상
2013072000100290,2013년 7월 20일 12시,토요일,전라북도 남원시 왕정동,경상사고,0,0,1,0,차대차 - 기타,중앙선침범,건조,맑음,단일로 - 기타,승용,남,28세,상해없음,원동기,남,78세,경상
2013072000100365,2013년 7월 20일 14시,토요일,전라북도 전주시 완산구 효자동3가,경상사고,0,0,1,0,차대차 - 기타,안전운전불이행,건조,맑음,단일로 - 기타,자전거,남,8세,경상,승용,여,29세,상해없음
2013072000100366,2013년 7월 20일 14시,토요일,전라북도 군산시 대명동,경상사고,0,0,1,0,차대차 - 측면직각충돌,안전운전불이행,건조,맑음,단일로 - 기타,승용,여,60세,상해없음,자전거,여,54세,경상
2013072000100408,2013년 7월 20일 15시,토요일,전라북도 전주시 완산구 중화산동2가,경상사고,0,0,2,0,차대차 - 추돌 - 진행중,안전운전불이행,건조,맑음,교차로 - 교차로부근,승용,남,45세,상해없음,승용,여,43세,경상
2013072000100409,2013년 7월 20일 15시,토요일,전라북도 익산시 망성면,경상사고,0,0,1,0,차량단독 - 기타,기타,건조,맑음,단일로 - 기타,승합,남,53세,상해없음,,,,
2013072000100410,2013년 7월 20일 15시,토요일,전라북도 남원시 주천면,경상사고,0,0,1,0,차대차 - 측면직각충돌,직진우회전진행방해,건조,맑음,교차로 - 교차로안,승용,남,62세,상해없음,승용,남,71세,상해없음
2013072000100411,2013년 7월 20일 15시,토요일,전라북도 순창군 순창읍,사망사고,1,0,0,0,차대사람 - 차도통행중,안전운전불이행,건조,맑음,단일로 - 교량,승용,남,33세,상해없음,보행자,남,85세,사망
2013072000100433,2013년 7월 20일 16시,토요일,전라북도 전주시 덕진구 호성동1가,경상사고,0,0,3,0,차대차 - 추돌 - 주정차중,안전운전불이행,건조,맑음,교차로 - 교차로부근,승용,남,24세,상해없음,승용,남,51세,경상
2013072000100434,2013년 7월 20일 16시,토요일,전라북도 군산시 개정면,중상사고,0,1,0,0,차대차 - 측면직각충돌,안전거리미확보,건조,맑음,단일로 - 기타,승용,여,46세,상해없음,자전거,남,49세,중상
2013072000100435,2013년 7월 20일 16시,토요일,전라북도 정읍시 정우면,중상사고,0,1,0,0,차대차 - 측면직각충돌,안전운전불이행,건조,맑음,단일로 - 기타,기타불명,기타불명,기타불명,기타불명,승용,남,76세,중상
2013072000100466,2013년 7월 20일 17시,토요일,전라북도 군산시 오식도동,중상사고,0,1,0,0,차대차 - 측면직각충돌,중앙선침범,건조,맑음,단일로 - 기타,자전거,남,54세,중상,승용,남,50세,상해없음
2013072000100467,2013년 7월 20일 17시,토요일,전라북도 순창군 팔덕면,중상사고,0,1,0,0,차량단독 - 도로외이탈 - 기타,안전운전불이행,건조,맑음,단일로 - 기타,농기계,남,71세,중상,,,,
2013072000100499,2013년 7월 20일 18시,토요일,전라북도 전주시 완산구 색장동,중상사고,0,1,0,0,차대차 - 추돌 - 진행중,안전운전불이행,건조,맑음,단일로 - 기타,승합,남,38세,상해없음,이륜,남,50세,중상
2013072000100528,2013년 7월 20일 19시,토요일,전라북도 전주시 완산구 태평동,경상사고,0,0,1,0,차대사람 - 길가장자리구역통행중,안전운전불이행,건조,맑음,단일로 - 기타,승용,남,43세,기타불명,보행자,남,46세,경상
2013072000100529,2013년 7월 20일 19시,토요일,전라북도 전주시 덕진구 동산동,중상사고,0,1,0,0,차대사람 - 길가장자리구역통행중,안전운전불이행,건조,맑음,단일로 - 기타,승용,남,22세,상해없음,보행자,여,64세,중상
2013072000100530,2013년 7월 20일 19시,토요일,전라북도 김제시 요촌동,경상사고,0,0,1,0,차대차 - 추돌 - 진행중,기타,건조,맑음,교차로 - 교차로안,원동기,남,43세,상해없음,원동기,남,22세,경상
2013072000100558,2013년 7월 20일 20시,토요일,전라북도 부안군 변산면,중상사고,0,2,4,1,차대차 - 측면직각충돌,직진우회전진행방해,건조,맑음,교차로 - 교차로안,승용,남,52세,상해없음,승용,여,35세,경상
2013072000100559,2013년 7월 20일 20시,토요일,전라북도 완주군 삼례읍,경상사고,0,0,1,0,차대차 - 측면직각충돌,안전운전불이행,건조,맑음,교차로 - 교차로안,화물,남,46세,상해없음,승용,여,54세,경상
2013072000100607,2013년 7월 20일 22시,토요일,전라북도 전주시 완산구 중화산동2가,경상사고,0,0,4,0,차대차 - 정면충돌,중앙선침범,건조,맑음,교차로 - 교차로부근,승용,남,24세,상해없음,승용,남,32세,경상
2013072100100030,2013년 7월 21일 01시,일요일,전라북도 전주시 완산구 효자동2가,경상사고,0,0,2,0,차대차 - 기타,교차로운행방법위반,건조,맑음,교차로 - 교차로안,승용,남,41세,상해없음,승용,남,38세,경상
2013072100100105,2013년 7월 21일 06시,일요일,전라북도 전주시 덕진구 팔복동2가,경상사고,0,0,1,0,차대차 - 추돌 - 주정차중,안전운전불이행,건조,맑음,교차로 - 교차로부근,승용,남,29세,상해없음,승용,남,63세,경상
2013072100100106,2013년 7월 21일 06시,일요일,전라북도 부안군 백산면,경상사고,0,0,1,0,차량단독 - 공작물충돌,안전운전불이행,건조,맑음,단일로 - 기타,승용,남,26세,경상,,,,
2013072100100117,2013년 7월 21일 07시,일요일,전라북도 전주시 덕진구 송천동2가,경상사고,0,0,1,0,차대차 - 측면직각충돌,안전운전불이행,건조,흐림,단일로 - 기타,승용,남,58세,상해없음,승합,남,50세,경상
2013072100100131,2013년 7월 21일 08시,일요일,전라북도 익산시 영등동,중상사고,0,1,0,0,차대차 - 측면직각충돌,안전운전불이행,건조,맑음,교차로 - 교차로안,승용,여,48세,상해없음,자전거,여,53세,중상
2013072100100165,2013년 7월 21일 10시,일요일,전라북도 군산시 조촌동,중상사고,0,2,0,0,차대차 - 측면직각충돌,신호위반,건조,맑음,교차로 - 교차로안,승용,남,25세,상해없음,승용,남,65세,중상
2013072100100178,2013년 7월 21일 11시,일요일,전라북도 김제시 검산동,중상사고,0,1,0,0,차대차 - 측면직각충돌,안전운전불이행,건조,맑음,교차로 - 교차로안,자전거,남,12세,중상,승용,남,47세,상해없음
2013072100100196,2013년 7월 21일 12시,일요일,전라북도 전주시 덕진구 호성동1가,경상사고,0,0,1,0,차대차 - 추돌 - 진행중,안전거리미확보,건조,맑음,교차로 - 교차로안,승용,남,42세,상해없음,승용,남,32세,상해없음
2013072100100197,2013년 7월 21일 12시,일요일,전라북도 전주시 덕진구 덕진동2가,중상사고,0,1,2,0,차대차 - 추돌 - 주정차중,안전운전불이행,건조,맑음,단일로 - 기타,승용,남,33세,상해없음,승용,남,55세,중상
2013072100100198,2013년 7월 21일 12시,일요일,전라북도 익산시 창인동1가,경상사고,0,0,1,0,차대차 - 추돌 - 주정차중,안전운전불이행,건조,맑음,교차로 - 교차로부근,승용,여,31세,상해없음,승용,남,47세,경상
2013072100100224,2013년 7월 21일 13시,일요일,전라북도 전주시 덕진구 금암동,경상사고,0,0,3,0,차대차 - 추돌 - 주정차중,안전거리미확보,건조,맑음,교차로 - 교차로부근,승용,남,59세,상해없음,승용,여,35세,경상
2013072100100269,2013년 7월 21일 15시,일요일,전라북도 군산시 나운동,경상사고,0,0,2,0,차대차 - 측면직각충돌,안전운전불이행,건조,맑음,교차로 - 교차로안,승용,남,22세,상해없음,승용,여,58세,경상
2013072100100302,2013년 7월 21일 16시,일요일,전라북도 정읍시 수성동,부상신고사고,0,0,0,1,차대차 - 측면직각충돌,안전거리미확보,건조,맑음,단일로 - 기타,승용,남,51세,상해없음,승용,남,59세,부상신고
2013072100100331,2013년 7월 21일 17시,일요일,전라북도 전주시 완산구 상림동,경상사고,0,0,1,0,차대차 - 측면직각충돌,안전거리미확보,건조,맑음,단일로 - 기타,승용,남,62세,상해없음,승용,여,60세,경상
2013072100100361,2013년 7월 21일 18시,일요일,전라북도 무주군 무주읍,경상사고,0,0,1,0,차대차 - 측면직각충돌,안전운전불이행,건조,흐림,단일로 - 기타,화물,남,67세,상해없음,원동기,남,57세,경상
2013072100100392,2013년 7월 21일 19시,일요일,전라북도 전주시 완산구 효자동2가,경상사고,0,0,1,0,차대차 - 기타,불법유턴,건조,맑음,교차로 - 교차로부근,승용,남,45세,상해없음,승용,남,30세,경상
2013072100100417,2013년 7월 21일 20시,일요일,전라북도 정읍시 시기동,경상사고,0,0,1,0,차대차 - 추돌 - 진행중,안전운전불이행,건조,맑음,단일로 - 기타,승용,남,59세,상해없음,승용,여,45세,경상
2013072100100418,2013년 7월 21일 20시,일요일,전라북도 부안군 변산면,사망사고,1,0,0,0,차량단독 - 전도전복,안전운전불이행,건조,맑음,교차로 - 교차로부근,원동기,남,50세,사망,,,,
2013072100100441,2013년 7월 21일 21시,일요일,전라북도 전주시 완산구 효자동3가,경상사고,0,0,1,0,차대차 - 기타,교차로운행방법위반,건조,맑음,교차로 - 교차로안,원동기,남,46세,경상,승용,남,49세,상해없음
2013072100100442,2013년 7월 21일 21시,일요일,전라북도 전주시 덕진구 인후동1가,경상사고,0,0,1,0,차대사람 - 길가장자리구역통행중,안전운전불이행,건조,맑음,단일로 - 기타,기타불명,기타불명,기타불명,기타불명,보행자,남,71세,경상
2013072100100443,2013년 7월 21일 21시,일요일,전라북도 전주시 덕진구 송천동1가,경상사고,0,0,1,0,차대사람 - 기타,안전운전불이행,건조,맑음,기타 - 기타,자전거,남,12세,상해없음,보행자,여,3세,경상
2013072100100468,2013년 7월 21일 22시,일요일,전라북도 전주시 덕진구 장동,중상사고,0,2,1,0,차대차 - 측면직각충돌,안전운전불이행,건조,맑음,교차로 - 교차로안,승용,남,51세,상해없음,승용,남,37세,중상
2013072200100017,2013년 7월 22일 01시,월요일,전라북도 김제시 요촌동,경상사고,0,0,1,0,차대사람 - 길가장자리구역통행중,안전운전불이행,건조,맑음,단일로 - 기타,승합,남,45세,상해없음,보행자,남,19세,경상
2013072200100033,2013년 7월 22일 04시,월요일,전라북도 부안군 부안읍,중상사고,0,1,1,0,차량단독 - 공작물충돌,안전운전불이행,건조,맑음,단일로 - 기타,승용,남,29세,경상,,,,
2013072200100048,2013년 7월 22일 05시,월요일,전라북도 전주시 덕진구 송천동2가,경상사고,0,0,1,0,차대사람 - 횡단중,안전운전불이행,건조,맑음,단일로 - 기타,원동기,남,63세,상해없음,보행자,여,56세,경상
2013072200100062,2013년 7월 22일 06시,월요일,전라북도 전주시 완산구 평화동2가,경상사고,0,0,1,0,차대사람 - 기타,안전운전불이행,건조,맑음,교차로 - 교차로부근,화물,남,34세,상해없음,보행자,남,73세,경상
2013072200100063,2013년 7월 22일 06시,월요일,전라북도 군산시 산북동,중상사고,0,1,2,0,차대차 - 측면직각충돌,교차로운행방법위반,건조,맑음,교차로 - 교차로안,화물,여,53세,중상,승용,남,61세,경상
2013072200100111,2013년 7월 22일 08시,월요일,전라북도 익산시 평화동,중상사고,0,1,0,0,차대차 - 측면직각충돌,안전운전불이행,건조,맑음,단일로 - 기타,승용,여,38세,상해없음,자전거,여,59세,중상
2013072200100112,2013년 7월 22일 08시,월요일,전라북도 순창군 복흥면,경상사고,0,0,1,0,차량단독 - 도로외이탈 - 기타,안전운전불이행,건조,맑음,기타 - 기타,승용,여,52세,경상,,,,
2013072200100140,2013년 7월 22일 09시,월요일,전라북도 김제시 신풍동,중상사고,0,1,0,0,차대사람 - 횡단중,안전운전불이행,건조,맑음,교차로 - 교차로안,승용,남,51세,상해없음,보행자,여,63세,중상
2013072200100141,2013년 7월 22일 09시,월요일,전라북도 임실군 오수면,중상사고,0,1,0,0,차대차 - 측면직각충돌,안전운전불이행,건조,맑음,교차로 - 교차로안,승용,여,55세,상해없음,자전거,여,32세,중상
2013072200100142,2013년 7월 22일 09시,월요일,전라북도 진안군 마령면,경상사고,0,0,1,0,차량단독 - 도로외이탈 - 추락,안전운전불이행,건조,맑음,단일로 - 기타,승용,남,24세,경상,,,,
2013072200100170,2013년 7월 22일 10시,월요일,전라북도 전주시 완산구 서서학동,중상사고,0,1,0,0,차대차 - 측면직각충돌,안전운전불이행,건조,맑음,단일로 - 기타,화물,남,48세,상해없음,원동기,여,62세,중상
2013072200100171,2013년 7월 22일 10시,월요일,전라북도 전주시 덕진구 덕진동1가,중상사고,0,1,0,0,차대사람 - 횡단중,안전운전불이행,건조,맑음,교차로 - 교차로안,승용,여,46세,상해없음,보행자,여,70세,중상
2013072200100204,2013년 7월 22일 11시,월요일,전라북도 익산시 황등면,중상사고,0,1,0,0,차대사람 - 차도통행중,안전운전불이행,건조,맑음,교차로 - 교차로안,승용,남,75세,상해없음,보행자,여,73세,중상
2013072200100205,2013년 7월 22일 11시,월요일,전라북도 정읍시 시기동,중상사고,0,1,0,0,차대차 - 기타,안전운전불이행,건조,맑음,단일로 - 기타,화물,남,34세,상해없음,자전거,여,57세,중상
2013072200100206,2013년 7월 22일 11시,월요일,전라북도 완주군 상관면,중상사고,0,1,0,0,차대차 - 측면직각충돌,신호위반,건조,맑음,교차로 - 교차로안,화물,남,41세,상해없음,승용,여,60세,중상
2013072200100277,2013년 7월 22일 13시,월요일,전라북도 전주시 덕진구 팔복동2가,경상사고,0,0,2,0,차대차 - 추돌 - 주정차중,안전운전불이행,건조,맑음,단일로 - 기타,승용,남,43세,상해없음,승용,여,31세,경상
2013072200100278,2013년 7월 22일 13시,월요일,전라북도 전주시 덕진구 인후동1가,경상사고,0,0,3,0,차대차 - 측면직각충돌,직진우회전진행방해,건조,맑음,교차로 - 교차로안,승용,남,31세,상해없음,화물,남,40세,경상
2013072200100279,2013년 7월 22일 13시,월요일,전라북도 익산시 춘포면,경상사고,0,0,1,0,차대차 - 측면직각충돌,직진우회전진행방해,건조,맑음,교차로 - 교차로안,승용,남,54세,상해없음,화물,남,45세,경상
2013072200100313,2013년 7월 22일 14시,월요일,전라북도 군산시 소룡동,경상사고,0,0,3,0,차대차 - 측면직각충돌,중앙선침범,건조,맑음,단일로 - 기타,승용,남,60세,상해없음,승용,남,32세,경상
2013072200100314,2013년 7월 22일 14시,월요일,전라북도 익산시 신동,경상사고,0,0,1,0,차대사람 - 횡단중,안전운전불이행,건조,맑음,기타 - 기타,화물,여,58세,상해없음,보행자,여,83세,경상
2013072200100343,2013년 7월 22일 15시,월요일,전라북도 전주시 완산구 삼천동1가,경상사고,0,0,1,0,차대차 - 기타,안전거리미확보,건조,맑음,교차로 - 교차로부근,승용,남,69세,상해없음,승용,여,51세,경상
2013072200100375,2013년 7월 22일 16시,월요일,전라북도 군산시 해망동,경상사고,0,0,1,0,차대차 - 측면직각충돌,안전거리미확보,건조,맑음,단일로 - 기타,승용,남,67세,상해없음,화물,남,43세,경상
2013072200100443,2013년 7월 22일 18시,월요일,전라북도 완주군 봉동읍,경상사고,0,0,1,0,차대차 - 측면직각충돌,차로위반,건조,맑음,단일로 - 횡단보도부근,화물,여,42세,상해없음,승용,남,24세,경상
2013072200100473,2013년 7월 22일 19시,월요일,전라북도 전주시 완산구 효자동3가,중상사고,0,1,3,0,차대차 - 측면직각충돌,교차로운행방법위반,건조,맑음,교차로 - 교차로안,승용,여,35세,경상,원동기,남,18세,중상
2013072200100474,2013년 7월 22일 19시,월요일,전라북도 익산시 창인동1가,경상사고,0,0,3,0,차대차 - 측면직각충돌,신호위반,건조,맑음,교차로 - 교차로안,승용,남,25세,상해없음,승합,남,34세,경상
2013072200100504,2013년 7월 22일 20시,월요일,전라북도 익산시 함라면,경상사고,0,0,1,0,차대차 - 측면직각충돌,신호위반,건조,맑음,교차로 - 교차로안,화물,남,42세,상해없음,화물,남,31세,경상
2013072200100505,2013년 7월 22일 20시,월요일,전라북도 김제시 황산동,사망사고,1,0,1,0,차대차 - 측면직각충돌,안전운전불이행,건조,맑음,단일로 - 기타,농기계,남,68세,사망,화물,남,52세,경상
2013072200100506,2013년 7월 22일 20시,월요일,전라북도 김제시 검산동,중상사고,0,1,0,0,차대차 - 측면직각충돌,안전운전불이행,건조,맑음,교차로 - 교차로안,화물,남,62세,상해없음,자전거,남,84세,중상
2013072200100537,2013년 7월 22일 21시,월요일,전라북도 전주시 완산구 남노송동,경상사고,0,0,2,0,차대차 - 측면직각충돌,신호위반,건조,맑음,교차로 - 교차로부근,승용,남,56세,상해없음,승용,남,38세,경상
2013072200100561,2013년 7월 22일 22시,월요일,전라북도 군산시 중앙로3가,중상사고,0,1,0,0,차대사람 - 기타,안전운전불이행,건조,맑음,단일로 - 기타,승용,남,26세,상해없음,보행자,남,69세,중상
2013072200100586,2013년 7월 22일 23시,월요일,전라북도 전주시 완산구 평화동1가,중상사고,0,1,0,0,차대차 - 측면직각충돌,안전거리미확보,건조,맑음,단일로 - 기타,승용,남,19세,상해없음,이륜,남,17세,중상
2013072300100043,2013년 7월 23일 02시,화요일,전라북도 군산시 오식도동,경상사고,0,0,3,0,차대차 - 측면직각충돌,안전운전불이행,건조,맑음,교차로 - 교차로안,승용,남,38세,경상,승용,남,51세,경상
2013072300100047,2013년 7월 23일 03시,화요일,전라북도 장수군 번암면,경상사고,0,0,1,0,차대차 - 측면직각충돌,중앙선침범,건조,맑음,기타 - 기타,승용,남,34세,상해없음,승용,남,49세,경상