사고번호,사고일시,요일,시군구,사고내용,사망자수,중상자수,경상자수,부상신고자수,사고유형,법규위반,노면상태,기상상태,도로형태,가해운전자 차종,가해운전자 성별,가해운전자 연령,가해운전자 상해정도,피해운전자 차종,피해운전자 성별,피해운전자 연령,피해운전자 상해정도
2013072300100060,2013년 7월 23일 04시,화요일,전라북도 군산시 구암동,경상사고,0,0,1,0,차대차 - 추돌 - 진행중,안전운전불이행,습기,비,단일로 - 기타,승용,남,24세,상해없음,화물,여,49세,경상
2013072300100082,2013년 7월 23일 06시,화요일,전라북도 전주시 완산구 효자동1가,중상사고,0,1,0,0,차대차 - 측면직각충돌,신호위반,건조,맑음,교차로 - 교차로안,승용,여,53세,상해없음,자전거,남,80세,중상
2013072300100106,2013년 7월 23일 07시,화요일,전라북도 전주시 덕진구 덕진동1가,경상사고,0,0,1,0,차대차 - 측면직각충돌,불법유턴,건조,흐림,단일로 - 기타,승용,남,61세,상해없음,승용,남,35세,경상
2013072300100107,2013년 7월 23일 07시,화요일,전라북도 남원시 동충동,경상사고,0,0,1,0,차대차 - 기타,안전운전불이행,건조,흐림,단일로 - 기타,화물,남,46세,상해없음,이륜,남,83세,경상
2013072300100108,2013년 7월 23일 07시,화요일,전라북도 순창군 인계면,사망사고,1,0,1,0,차대차 - 측면직각충돌,직진우회전진행방해,건조,맑음,교차로 - 교차로안,승용,여,58세,사망,건설기계,남,51세,경상
2013072300100139,2013년 7월 23일 08시,화요일,전라북도 전주시 완산구 동서학동,중상사고,0,1,0,0,차대사람 - 횡단중,안전운전불이행,건조,맑음,단일로 - 기타,승용,여,38세,상해없음,보행자,남,7세,중상
2013072300100140,2013년 7월 23일 08시,화요일,전라북도 부안군 부안읍,중상사고,0,1,0,0,차대사람 - 횡단중,안전운전불이행,습기,비,단일로 - 기타,승용,여,69세,상해없음,보행자,여,16세,중상
2013072300100167,2013년 7월 23일 09시,화요일,전라북도 전주시 덕진구 우아동2가,경상사고,0,0,1,0,차대차 - 측면직각충돌,직진우회전진행방해,습기,비,교차로 - 교차로안,승용,여,34세,상해없음,승용,남,42세,경상
2013072300100168,2013년 7월 23일 09시,화요일,전라북도 정읍시 수성동,중상사고,0,1,0,0,차대사람 - 횡단중,안전운전불이행,습기,비,교차로 - 교차로부근,승용,남,57세,상해없음,보행자,남,83세,중상
2013072300100169,2013년 7월 23일 09시,화요일,전라북도 김제시 서암동,사망사고,1,0,0,0,차대사람 - 횡단중,안전운전불이행,습기,비,교차로 - 교차로안,화물,여,69세,상해없음,보행자,여,70세,사망
2013072300100226,2013년 7월 23일 11시,화요일,전라북도 전주시 덕진구 호성동1가,경상사고,0,0,1,0,차대차 - 측면직각충돌,불법유턴,습기,비,단일로 - 기타,화물,남,55세,상해없음,승용,남,39세,경상
2013072300100256,2013년 7월 23일 12시,화요일,전라북도 전주시 완산구 서서학동,경상사고,0,0,1,0,차대차 - 기타,신호위반,습기,비,교차로 - 교차로안,승용,여,59세,상해없음,승용,남,50세,경상
2013072300100310,2013년 7월 23일 14시,화요일,전라북도 익산시 덕기동,경상사고,0,0,1,0,차대차 - 추돌 - 주정차중,안전거리미확보,건조,맑음,교차로 - 교차로부근,화물,남,63세,상해없음,승용,남,42세,경상
2013072300100339,2013년 7월 23일 15시,화요일,전라북도 군산시 비응도동,경상사고,0,0,1,0,차량단독 - 공작물충돌,안전운전불이행,건조,맑음,단일로 - 기타,승용,여,20세,상해없음,,,,
2013072300100340,2013년 7월 23일 15시,화요일,전라북도 익산시 황등면,경상사고,0,0,1,0,차대차 - 측면직각충돌,직진우회전진행방해,건조,맑음,교차로 - 교차로안,승용,남,65세,상해없음,원동기,남,80세,경상
2013072300100341,2013년 7월 23일 15시,화요일,전라북도 익산시 모현동1가,경상사고,0,0,1,0,차대사람 - 보도통행중,기타,건조,흐림,단일로 - 기타,원동기,남,70세,상해없음,보행자,여,60세,경상
2013072300100361,2013년 7월 23일 16시,화요일,전라북도 전주시 완산구 효자동2가,경상사고,0,0,1,0,차대차 - 기타,교차로운행방법위반,건조,맑음,교차로 - 교차로안,승용,남,42세,상해없음,승용,여,29세,경상
2013072300100391,2013년 7월 23일 17시,화요일,전라북도 익산시 영등동,경상사고,0,0,1,0,차대사람 - 횡단중,안전운전불이행,건조,맑음,단일로 - 기타,승용,남,60세,상해없음,보행자,남,4세,경상
2013072300100416,2013년 7월 23일 18시,화요일,전라북도 전주시 완산구 평화동1가,경상사고,0,0,1,0,차대사람 - 횡단중,안전운전불이행,건조,맑음,단일로 - 기타,승용,여,42세,상해없음,보행자,남,9세,경상
2013072300100449,2013년 7월 23일 19시,화요일,전라북도 군산시 소룡동,경상사고,0,0,1,0,차대차 - 측면직각충돌,직진우회전진행방해,건조,맑음,교차로 - 교차로안,승용,남,33세,상해없음,이륜,남,22세,경상
2013072300100450,2013년 7월 23일 19시,화요일,전라북도 익산시 어양동,경상사고,0,0,1,0,차대차 - 측면직각충돌,안전운전불이행,건조,맑음,교차로 - 교차로부근,승용,여,46세,상해없음,자전거,남,14세,경상
2013072300100487,2013년 7월 23일 20시,화요일,전라북도 전주시 덕진구 진북동,중상사고,0,1,0,0,차대차 - 측면직각충돌,불법유턴,건조,맑음,단일로 - 기타,승용,남,56세,상해없음,이륜,남,39세,중상
2013072300100597,2013년 7월 23일 23시,화요일,전라북도 전주시 완산구 삼천동1가,경상사고,0,0,1,0,차대차 - 추돌 - 주정차중,안전운전불이행,건조,맑음,교차로 - 교차로부근,승용,남,60세,상해없음,승용,여,41세,경상
2013072400100030,2013년 7월 24일 01시,수요일,전라북도 익산시 동산동,경상사고,0,0,1,0,차대차 - 추돌 - 진행중,안전거리미확보,건조,맑음,단일로 - 기타,화물,남,34세,상해없음,승용,남,59세,경상
2013072400100058,2013년 7월 24일 04시,수요일,전라북도 김제시 금구면,중상사고,0,1,0,0,차대사람 - 차도통행중,안전운전불이행,건조,흐림,단일로 - 기타,기타불명,기타불명,기타불명,기타불명,보행자,남,21세,중상
2013072400100130,2013년 7월 24일 08시,수요일,전라북도 전주시 덕진구 덕진동1가,중상사고,0,1,0,0,차대차 - 측면직각충돌,안전운전불이행,건조,흐림,교차로 - 교차로부근,승용,남,36세,상해없음,자전거,남,42세,중상
2013072400100160,2013년 7월 24일 09시,수요일,전라북도 전주시 완산구 삼천동1가,중상사고,0,1,0,0,차대사람 - 횡단중,안전운전불이행,건조,맑음,단일로 - 기타,승용,여,39세,상해없음,보행자,여,52세,중상
2013072400100161,2013년 7월 24일 09시,수요일,전라북도 김제시 공덕면,중상사고,0,1,1,0,차대차 - 정면충돌,안전운전불이행,습기,맑음,교차로 - 교차로안,승용,남,48세,상해없음,승용,남,49세,경상
2013072400100162,2013년 7월 24일 09시,수요일,전라북도 남원시 향교동,중상사고,0,3,0,0,차대차 - 측면직각충돌,신호위반,습기,비,교차로 - 교차로안,승용,남,46세,상해없음,승용,여,41세,중상
2013072400100191,2013년 7월 24일 10시,수요일,전라북도 군산시 중앙로1가,경상사고,0,0,2,0,차대사람 - 기타,안전운전불이행,건조,맑음,단일로 - 기타,승용,여,31세,상해없음,보행자,여,50세,경상
2013072400100192,2013년 7월 24일 10시,수요일,전라북도 군산시 사정동,경상사고,0,0,1,0,차대차 - 기타,안전거리미확보,습기,흐림,단일로 - 기타,승합,남,56세,상해없음,원동기,남,71세,경상
2013072400100217,2013년 7월 24일 11시,수요일,전라북도 익산시 모현동1가,경상사고,0,0,1,0,차대차 - 측면직각충돌,직진우회전진행방해,건조,맑음,교차로 - 교차로안,승용,여,31세,상해없음,이륜,남,75세,경상
2013072400100218,2013년 7월 24일 11시,수요일,전라북도 김제시 신풍동,경상사고,0,0,2,0,차대차 - 추돌 - 주정차중,안전거리미확보,건조,맑음,단일로 - 기타,승용,여,60세,상해없음,승용,남,52세,경상
2013072400100219,2013년 7월 24일 11시,수요일,전라북도 고창군 심원면,부상신고사고,0,0,0,1,차량단독 - 도로외이탈 - 기타,안전운전불이행,건조,맑음,단일로 - 기타,화물,남,51세,부상신고,,,,
2013072400100246,2013년 7월 24일 12시,수요일,전라북도 전주시 완산구 서신동,경상사고,0,0,3,0,차대차 - 기타,안전거리미확보,건조,맑음,단일로 - 기타,승용,여,47세,경상,화물,남,42세,경상
2013072400100247,2013년 7월 24일 12시,수요일,전라북도 전주시 덕진구 금암동,경상사고,0,0,3,0,차대차 - 추돌 - 주정차중,안전운전불이행,건조,맑음,단일로 - 기타,승용,남,27세,상해없음,승용,여,34세,경상
2013072400100248,2013년 7월 24일 12시,수요일,전라북도 정읍시 농소동,중상사고,0,1,0,0,차대차 - 측면직각충돌,안전거리미확보,건조,맑음,단일로 - 기타,승용,여,32세,상해없음,원동기,남,34세,중상
2013072400100294,2013년 7월 24일 14시,수요일,전라북도 익산시 오산면,중상사고,0,1,0,0,차대차 - 측면직각충돌,안전운전불이행,건조,맑음,단일로 - 기타,승용,남,63세,상해없음,자전거,남,79세,중상
2013072400100295,2013년 7월 24일 14시,수요일,전라북도 완주군 상관면,경상사고,0,0,1,0,차대차 - 기타,안전거리미확보,건조,맑음,단일로 - 기타,건설기계,남,66세,상해없음,승용,여,52세,경상
2013072400100319,2013년 7월 24일 15시,수요일,전라북도 전주시 덕진구 팔복동1가,경상사고,0,0,2,0,차대차 - 추돌 - 주정차중,안전운전불이행,건조,흐림,단일로 - 기타,승용,남,61세,상해없음,승용,여,60세,경상
2013072400100320,2013년 7월 24일 15시,수요일,전라북도 익산시 남중동,경상사고,0,0,1,0,차대차 - 측면직각충돌,안전운전불이행,건조,맑음,교차로 - 교차로안,승용,남,52세,상해없음,화물,남,27세,경상
2013072400100321,2013년 7월 24일 15시,수요일,전라북도 정읍시 신태인읍,중상사고,0,1,0,0,차대차 - 측면직각충돌,안전거리미확보,건조,맑음,단일로 - 기타,화물,남,44세,상해없음,자전거,남,78세,중상
2013072400100373,2013년 7월 24일 17시,수요일,전라북도 익산시 영등동,경상사고,0,0,1,0,차대차 - 측면직각충돌,안전운전불이행,건조,맑음,단일로 - 기타,승용,남,65세,상해없음,자전거,남,11세,경상
2013072400100374,2013년 7월 24일 17시,수요일,전라북도 익산시 함열읍,중상사고,0,1,0,0,차대차 - 추돌 - 진행중,안전운전불이행,건조,맑음,단일로 - 기타,화물,남,68세,상해없음,자전거,남,67세,중상
2013072400100406,2013년 7월 24일 18시,수요일,전라북도 전주시 완산구 삼천동1가,경상사고,0,0,2,0,차대차 - 기타,안전운전불이행,건조,맑음,단일로 - 기타,승용,남,47세,상해없음,승용,남,43세,경상
2013072400100407,2013년 7월 24일 18시,수요일,전라북도 정읍시 신태인읍,중상사고,0,1,0,0,차대사람 - 기타,안전운전불이행,건조,맑음,단일로 - 기타,화물,남,37세,상해없음,보행자,여,77세,중상
2013072400100439,2013년 7월 24일 19시,수요일,전라북도 익산시 왕궁면,경상사고,0,0,1,0,차대차 - 측면직각충돌,직진우회전진행방해,건조,맑음,교차로 - 교차로안,승용,여,50세,상해없음,승용,남,30세,경상
2013072400100440,2013년 7월 24일 19시,수요일,전라북도 정읍시 연지동,중상사고,0,1,0,0,차대차 - 정면충돌,중앙선침범,건조,맑음,단일로 - 기타,자전거,남,17세,중상,화물,남,21세,상해없음
2013072400100470,2013년 7월 24일 20시,수요일,전라북도 정읍시 장명동,중상사고,0,3,0,0,차대차 - 추돌 - 주정차중,안전운전불이행,건조,맑음,교차로 - 교차로부근,승합,남,62세,중상,승용,남,47세,중상
2013072400100545,2013년 7월 24일 22시,수요일,전라북도 전주시 덕진구 금암동,경상사고,0,0,3,0,차대차 - 추돌 - 주정차중,안전운전불이행,건조,흐림,교차로 - 교차로부근,승용,남,41세,상해없음,승용,여,50세,경상
2013072500100009,2013년 7월 25일 00시,목요일,전라북도 익산시 목천동,사망사고,1,0,0,0,차량단독 - 공작물충돌,안전운전불이행,건조,맑음,단일로 - 기타,이륜,남,53세,사망,,,,
2013072500100049,2013년 7월 25일 04시,목요일,전라북도 전주시 덕진구 송천동1가,경상사고,0,0,1,0,차대차 - 추돌 - 주정차중,안전운전불이행,건조,맑음,교차로 - 교차로부근,화물,남,28세,상해없음,승용,남,31세,경상
2013072500100079,2013년 7월 25일 07시,목요일,전라북도 전주시 덕진구 송천동1가,경상사고,0,0,1,0,차대차 - 측면직각충돌,신호위반,건조,맑음,교차로 - 교차로안,승용,여,27세,상해없음,승용,남,28세,경상
2013072500100109,2013년 7월 25일 08시,목요일,전라북도 전주시 완산구 서신동,경상사고,0,0,2,0,차대차 - 정면충돌,중앙선침범,건조,맑음,단일로 - 기타,승용,남,41세,상해없음,승용,남,32세,경상
2013072500100110,2013년 7월 25일 08시,목요일,전라북도 군산시 금암동,경상사고,0,0,2,0,차대차 - 추돌 - 진행중,직진우회전진행방해,건조,맑음,교차로 - 교차로안,승용,남,28세,상해없음,승용,남,61세,경상
2013072500100111,2013년 7월 25일 08시,목요일,전라북도 익산시 모현동1가,경상사고,0,0,1,0,차대차 - 기타,직진우회전진행방해,건조,맑음,교차로 - 교차로안,승용,여,46세,상해없음,이륜,남,67세,경상
2013072500100142,2013년 7월 25일 09시,목요일,전라북도 전주시 덕진구 덕진동1가,경상사고,0,0,1,0,차대사람 - 길가장자리구역통행중,안전운전불이행,건조,맑음,단일로 - 기타,기타불명,기타불명,기타불명,기타불명,보행자,여,23세,경상
2013072500100167,2013년 7월 25일 10시,목요일,전라북도 전주시 덕진구 인후동1가,중상사고,0,1,0,0,차대사람 - 기타,안전운전불이행,건조,맑음,단일로 - 기타,승용,남,70세,상해없음,보행자,남,55세,중상
2013072500100168,2013년 7월 25일 10시,목요일,전라북도 임실군 관촌면,경상사고,0,0,2,0,차대차 - 추돌 - 진행중,안전운전불이행,건조,맑음,교차로 - 교차로부근,건설기계,기타불명,기타불명,기타불명,승용,남,62세,경상
2013072500100199,2013년 7월 25일 11시,목요일,전라북도 익산시 영등동,경상사고,0,0,1,0,차대차 - 추돌 - 주정차중,안전운전불이행,건조,맑음,단일로 - 기타,승용,남,77세,상해없음,승용,여,43세,경상
2013072500100200,2013년 7월 25일 11시,목요일,전라북도 남원시 수지면,경상사고,0,0,1,0,차대차 - 측면직각충돌,안전운전불이행,건조,맑음,단일로 - 기타,승용,남,65세,상해없음,승용,남,38세,상해없음
2013072500100264,2013년 7월 25일 13시,목요일,전라북도 익산시 부송동,경상사고,0,0,1,0,차대차 - 추돌 - 주정차중,안전운전불이행,건조,맑음,단일로 - 기타,승용,여,53세,기타불명,건설기계,남,57세,상해없음
2013072500100294,2013년 7월 25일 14시,목요일,전라북도 전주시 완산구 중화산동2가,경상사고,0,0,1,0,차대차 - 추돌 - 주정차중,안전운전불이행,건조,맑음,단일로 - 기타,승용,여,48세,상해없음,이륜,남,49세,경상
2013072500100295,2013년 7월 25일 14시,목요일,전라북도 김제시 요촌동,경상사고,0,0,1,0,차대차 - 추돌 - 주정차중,안전운전불이행,건조,맑음,기타 - 기타,화물,남,57세,상해없음,승용,여,49세,경상
2013072500100345,2013년 7월 25일 15시,목요일,전라북도 전주시 완산구 고사동,경상사고,0,0,2,0,차대차 - 추돌 - 주정차중,안전운전불이행,건조,맑음,단일로 - 기타,화물,여,64세,상해없음,승용,여,38세,경상
2013072500100385,2013년 7월 25일 16시,목요일,전라북도 김제시 금구면,경상사고,0,0,1,0,차대차 - 측면직각충돌,신호위반,건조,맑음,교차로 - 교차로안,승용,남,65세,상해없음,승용,남,63세,경상
2013072500100418,2013년 7월 25일 17시,목요일,전라북도 전주시 덕진구 송천동1가,경상사고,0,0,3,0,차대차 - 추돌 - 주정차중,안전운전불이행,건조,맑음,단일로 - 기타,승용,남,42세,경상,화물,남,31세,경상
2013072500100465,2013년 7월 25일 18시,목요일,전라북도 익산시 신동,경상사고,0,0,1,0,차대차 - 측면직각충돌,안전운전불이행,건조,맑음,교차로 - 교차로부근,승용,남,50세,상해없음,이륜,남,17세,경상
2013072500100500,2013년 7월 25일 19시,목요일,전라북도 전주시 완산구 삼천동1가,경상사고,0,0,1,0,차대차 - 기타,중앙선침범,건조,맑음,단일로 - 기타,원동기,남,40세,경상,승용,남,64세,상해없음
2013072500100501,2013년 7월 25일 19시,목요일,전라북도 전주시 덕진구 우아동1가,경상사고,0,0,2,0,차대차 - 측면직각충돌,직진우회전진행방해,건조,맑음,교차로 - 교차로안,승용,남,47세,상해없음,승용,남,35세,경상
2013072500100540,2013년 7월 25일 20시,목요일,전라북도 전주시 완산구 서완산동1가,중상사고,0,1,0,0,차대사람 - 기타,신호위반,건조,맑음,단일로 - 기타,이륜,남,20세,상해없음,보행자,여,72세,중상
2013072500100541,2013년 7월 25일 20시,목요일,전라북도 김제시 황산면,경상사고,0,0,2,0,차대차 - 정면충돌,직진우회전진행방해,건조,맑음,교차로 - 교차로안,승용,남,32세,상해없음,승용,남,36세,경상
2013072500100570,2013년 7월 25일 21시,목요일,전라북도 완주군 봉동읍,부상신고사고,0,0,0,1,차대차 - 기타,교차로운행방법위반,건조,맑음,단일로 - 기타,승용,남,45세,상해없음,이륜,남,18세,부상신고
2013072500100599,2013년 7월 25일 22시,목요일,전라북도 전주시 완산구 효자동1가,경상사고,0,0,1,0,차대차 - 기타,안전운전불이행,건조,맑음,교차로 - 교차로부근,승용,남,57세,상해없음,승용,남,24세,경상
2013072500100600,2013년 7월 25일 22시,목요일,전라북도 전주시 완산구 중화산동1가,경상사고,0,0,1,0,차대차 - 기타,교차로운행방법위반,건조,맑음,교차로 - 교차로안,이륜,남,17세,상해없음,이륜,남,38세,경상
2013072500100601,2013년 7월 25일 22시,목요일,전라북도 익산시 함열읍,중상사고,0,1,1,0,차대차 - 측면직각충돌,안전운전불이행,건조,맑음,교차로 - 교차로안,승용,여,56세,기타불명,승용,남,25세,경상
2013072500100602,2013년 7월 25일 22시,목요일,전라북도 고창군 고창읍,중상사고,0,1,1,0,차대사람 - 기타,안전운전불이행,건조,맑음,단일로 - 기타,승합,여,55세,상해없음,보행자,남,52세,경상
2013072500100629,2013년 7월 25일 23시,목요일,전라북도 전주시 완산구 중화산동2가,경상사고,0,0,1,0,차대차 - 기타,신호위반,건조,맑음,교차로 - 교차로안,승용,남,26세,상해없음,승용,여,27세,경상
2013072500100630,2013년 7월 25일 23시,목요일,전라북도 전주시 완산구 효자동1가,경상사고,0,0,1,0,차대차 - 기타,안전운전불이행,건조,맑음,교차로 - 교차로부근,승용,남,36세,상해없음,승용,남,47세,경상
2013072500100631,2013년 7월 25일 23시,목요일,전라북도 전주시 덕진구 인후동1가,경상사고,0,0,1,0,차대차 - 기타,안전운전불이행,건조,맑음,교차로 - 교차로안,기타불명,기타불명,기타불명,기타불명,자전거,남,23세,경상
2013072600100010,2013년 7월 26일 00시,금요일,전라북도 군산시 나운동,경상사고,0,0,1,0,차대차 - 측면직각충돌,안전운전불이행,건조,맑음,단일로 - 기타,승용,남,32세,상해없음,원동기,남,18세,경상
2013072600100043,2013년 7월 26일 03시,금요일,전라북도 전주시 덕진구 송천동1가,사망사고,1,2,0,0,차대차 - 측면직각충돌,신호위반,건조,흐림,교차로 - 교차로안,승용,남,30세,기타불명,승용,남,38세,상해없음
2013072600100054,2013년 7월 26일 04시,금요일,전라북도 전주시 완산구 효자동1가,경상사고,0,0,5,0,차대차 - 추돌 - 주정차중,안전운전불이행,건조,맑음,단일로 - 기타,승용,남,38세,상해없음,승합,남,59세,상해없음
2013072600100070,2013년 7월 26일 06시,금요일,전라북도 익산시 함열읍,중상사고,0,3,1,9,차대차 - 측면직각충돌,직진우회전진행방해,건조,맑음,교차로 - 교차로안,승용,남,77세,상해없음,승합,여,55세,상해없음
2013072600100116,2013년 7월 26일 08시,금요일,전라북도 익산시 금마면,경상사고,0,0,1,0,차대차 - 추돌 - 주정차중,안전운전불이행,건조,맑음,교차로 - 교차로부근,승용,여,43세,상해없음,승용,남,34세,경상
2013072600100117,2013년 7월 26일 08시,금요일,전라북도 익산시 송학동,경상사고,0,0,4,0,차대차 - 측면직각충돌,신호위반,건조,맑음,교차로 - 교차로안,승용,남,80세,상해없음,승용,남,67세,경상
2013072600100118,2013년 7월 26일 08시,금요일,전라북도 남원시 운봉읍,중상사고,0,1,0,0,차대차 - 측면직각충돌,직진우회전진행방해,건조,맑음,교차로 - 교차로안,건설기계,남,50세,상해없음,원동기,남,84세,중상
2013072600100119,2013년 7월 26일 08시,금요일,전라북도 완주군 이서면,경상사고,0,0,1,0,차대차 - 추돌 - 진행중,안전운전불이행,건조,맑음,단일로 - 교량,화물,기타불명,기타불명,기타불명,승용,남,25세,경상
2013072600100145,2013년 7월 26일 09시,금요일,전라북도 김제시 요촌동,경상사고,0,0,1,0,차대차 - 추돌 - 주정차중,기타,건조,맑음,단일로 - 기타,승용,남,62세,상해없음,원동기,남,67세,경상
2013072600100146,2013년 7월 26일 09시,금요일,전라북도 완주군 삼례읍,경상사고,0,0,2,0,차대차 - 기타,안전거리미확보,건조,맑음,단일로 - 기타,화물,남,60세,경상,승용,남,35세,경상
2013072600100182,2013년 7월 26일 10시,금요일,전라북도 익산시 함열읍,경상사고,0,0,2,0,차대차 - 추돌 - 주정차중,안전운전불이행,건조,맑음,교차로 - 교차로부근,건설기계,남,39세,상해없음,화물,남,62세,경상
2013072600100277,2013년 7월 26일 13시,금요일,전라북도 전주시 완산구 태평동,중상사고,0,1,0,0,차대차 - 측면직각충돌,안전운전불이행,건조,맑음,교차로 - 교차로부근,화물,남,41세,상해없음,이륜,남,57세,중상
2013072600100303,2013년 7월 26일 14시,금요일,전라북도 김제시 신풍동,경상사고,0,0,1,0,차대사람 - 횡단중,안전운전불이행,건조,맑음,단일로 - 기타,승용,남,45세,상해없음,보행자,여,10세,경상
2013072600100339,2013년 7월 26일 15시,금요일,전라북도 전주시 완산구 효자동1가,경상사고,0,0,2,0,차대차 - 측면직각충돌,안전거리미확보,건조,맑음,단일로 - 기타,승용,여,53세,상해없음,승용,남,53세,경상
2013072600100340,2013년 7월 26일 15시,금요일,전라북도 전주시 완산구 효자동1가,경상사고,0,0,4,0,차대차 - 추돌 - 주정차중,안전운전불이행,건조,맑음,단일로 - 기타,승용,남,26세,상해없음,승용,남,47세,경상
2013072600100372,2013년 7월 26일 16시,금요일,전라북도 전주시 완산구 효자동1가,경상사고,0,0,1,0,차대차 - 측면직각충돌,안전거리미확보,건조,맑음,단일로 - 기타,원동기,남,19세,경상,승용,여,30세,상해없음
2013072600100373,2013년 7월 26일 16시,금요일,전라북도 전주시 완산구 효자동2가,경상사고,0,0,2,0,차대차 - 추돌 - 주정차중,안전운전불이행,건조,맑음,교차로 - 교차로부근,승용,남,57세,상해없음,승용,남,41세,경상
2013072600100374,2013년 7월 26일 16시,금요일,전라북도 익산시 금강동,중상사고,0,1,1,0,차대차 - 추돌 - 진행중,안전운전불이행,건조,맑음,단일로 - 기타,이륜,남,53세,상해없음,자전거,남,76세,경상
2013072600100375,2013년 7월 26일 16시,금요일,전라북도 남원시 향교동,중상사고,0,1,0,0,차대차 - 추돌 - 진행중,직진우회전진행방해,건조,맑음,교차로 - 교차로안,승용,여,50세,상해없음,자전거,남,12세,중상
2013072600100400,2013년 7월 26일 17시,금요일,전라북도 전주시 완산구 색장동,경상사고,0,0,3,0,차대차 - 추돌 - 주정차중,안전운전불이행,건조,맑음,교차로 - 교차로부근,화물,남,69세,상해없음,승용,여,42세,경상
2013072600100401,2013년 7월 26일 17시,금요일,전라북도 정읍시 시기동,경상사고,0,0,1,0,차대차 - 측면직각충돌,직진우회전진행방해,건조,맑음,교차로 - 교차로안,승용,여,50세,상해없음,승용,남,56세,경상
2013072600100402,2013년 7월 26일 17시,금요일,전라북도 순창군 순창읍,경상사고,0,0,1,0,차대차 - 측면직각충돌,신호위반,건조,맑음,교차로 - 교차로안,승용,남,71세,상해없음,화물,남,53세,경상
2013072600100436,2013년 7월 26일 18시,금요일,전라북도 전주시 덕진구 반월동,사망사고,1,0,1,0,차대차 - 기타,안전거리미확보,건조,맑음,교차로 - 교차로부근,승용,여,22세,상해없음,화물,남,56세,사망
2013072600100437,2013년 7월 26일 18시,금요일,전라북도 남원시 금지면,경상사고,0,0,1,0,차대차 - 측면직각충돌,직진우회전진행방해,건조,맑음,교차로 - 교차로안,원동기,남,75세,상해없음,원동기,남,80세,경상
2013072600100438,2013년 7월 26일 18시,금요일,전라북도 완주군 화산면,경상사고,0,0,1,0,차대차 - 측면직각충돌,교차로운행방법위반,건조,맑음,교차로 - 교차로안,승용,남,37세,상해없음,농기계,남,70세,경상
2013072600100470,2013년 7월 26일 19시,금요일,전라북도 부안군 줄포면,중상사고,0,1,1,0,차대차 - 측면직각충돌,안전운전불이행,건조,맑음,교차로 - 교차로안,특수,남,32세,경상,화물,남,52세,중상
2013072600100499,2013년 7월 26일 20시,금요일,전라북도 전주시 완산구 효자동3가,경상사고,0,0,1,0,차대차 - 측면직각충돌,차로위반,건조,맑음,단일로 - 기타,승용,여,41세,상해없음,이륜,남,20세,경상
2013072600100500,2013년 7월 26일 20시,금요일,전라북도 고창군 고창읍,중상사고,0,3,2,0,차대차 - 측면직각충돌,직진우회전진행방해,건조,맑음,교차로 - 교차로안,승용,남,52세,중상,승용,남,67세,중상
2013072600100501,2013년 7월 26일 20시,금요일,전라북도 완주군 삼례읍,경상사고,0,0,1,0,차대차 - 측면직각충돌,안전거리미확보,건조,맑음,단일로 - 기타,화물,남,59세,상해없음,승용,남,39세,경상
2013072600100586,2013년 7월 26일 22시,금요일,전라북도 익산시 남중동,경상사고,0,0,5,0,차대차 - 정면충돌,신호위반,건조,맑음,교차로 - 교차로안,화물,남,66세,상해없음,승용,여,49세,경상
2013072600100616,2013년 7월 26일 23시,금요일,전라북도 전주시 완산구 효자동3가,경상사고,0,0,1,0,차대차 - 측면직각충돌,신호위반,건조,맑음,교차로 - 교차로안,승용,남,35세,상해없음,승용,여,55세,경상
2013072600100617,2013년 7월 26일 23시,금요일,전라북도 전주시 덕진구 팔복동2가,경상사고,0,0,3,0,차대차 - 추돌 - 주정차중,안전운전불이행,습기,흐림,단일로 - 기타,승용,남,30세,상해없음,승용,여,50세,경상
2013072700100012,2013년 7월 27일 00시,토요일,전라북도 전주시 완산구 삼천동1가,경상사고,0,0,1,0,차대차 - 측면직각충돌,안전거리미확보,건조,맑음,단일로 - 기타,승용,여,32세,상해없음,이륜,남,26세,경상
2013072700100013,2013년 7월 27일 00시,토요일,전라북도 군산시 수송동,경상사고,0,0,3,0,차대차 - 측면직각충돌,직진우회전진행방해,건조,맑음,교차로 - 교차로안,승용,남,54세,상해없음,승용,남,65세,상해없음
2013072700100014,2013년 7월 27일 00시,토요일,전라북도 정읍시 망제동,중상사고,0,1,0,0,차대사람 - 차도통행중,안전운전불이행,건조,맑음,단일로 - 기타,승용,남,25세,상해없음,보행자,남,36세,중상
2013072700100015,2013년 7월 27일 00시,토요일,전라북도 완주군 구이면,경상사고,0,0,4,0,차대차 - 측면직각충돌,중앙선침범,건조,맑음,단일로 - 기타,승용,여,40세,상해없음,승용,남,41세,경상
2013072700100040,2013년 7월 27일 01시,토요일,전라북도 전주시 완산구 서신동,중상사고,0,1,1,0,차대차 - 측면직각충돌,신호위반,건조,맑음,교차로 - 교차로안,승용,남,34세,상해없음,승용,여,50세,경상
2013072700100041,2013년 7월 27일 01시,토요일,전라북도 무주군 부남면,중상사고,0,1,0,0,차량단독 - 공작물충돌,안전운전불이행,건조,맑음,단일로 - 기타,승용,여,18세,상해없음,,,,
2013072700100070,2013년 7월 27일 03시,토요일,전라북도 김제시 공덕면,경상사고,0,0,2,0,차대차 - 측면직각충돌,안전운전불이행,건조,맑음,단일로 - 기타,승용,남,30세,상해없음,승용,남,37세,경상
2013072700100084,2013년 7월 27일 04시,토요일,전라북도 부안군 행안면,중상사고,0,1,1,0,차대차 - 측면직각충돌,과속,습기,안개,단일로 - 기타,승용,남,35세,상해없음,원동기,남,69세,중상