사고번호,사고일시,요일,시군구,사고내용,사망자수,중상자수,경상자수,부상신고자수,사고유형,법규위반,노면상태,기상상태,도로형태,가해운전자 차종,가해운전자 성별,가해운전자 연령,가해운전자 상해정도,피해운전자 차종,피해운전자 성별,피해운전자 연령,피해운전자 상해정도
2013072700100097,2013년 7월 27일 05시,토요일,전라북도 익산시 신용동,중상사고,0,2,2,0,차대차 - 측면직각충돌,신호위반,건조,맑음,교차로 - 교차로안,승용,남,61세,중상,화물,남,29세,중상
2013072700100125,2013년 7월 27일 07시,토요일,전라북도 익산시 남중동,경상사고,0,0,1,0,차대차 - 측면직각충돌,직진우회전진행방해,건조,맑음,교차로 - 교차로안,승용,남,43세,상해없음,승용,남,69세,경상
2013072700100145,2013년 7월 27일 08시,토요일,전라북도 전주시 덕진구 인후동1가,경상사고,0,0,1,0,차대차 - 추돌 - 주정차중,안전운전불이행,건조,맑음,교차로 - 교차로부근,화물,남,39세,상해없음,승용,여,57세,경상
2013072700100146,2013년 7월 27일 08시,토요일,전라북도 익산시 춘포면,경상사고,0,0,2,0,차대차 - 측면직각충돌,직진우회전진행방해,건조,맑음,교차로 - 교차로안,승용,여,49세,상해없음,화물,남,56세,경상
2013072700100147,2013년 7월 27일 08시,토요일,전라북도 정읍시 용계동,경상사고,0,0,2,0,차대차 - 측면직각충돌,신호위반,건조,맑음,교차로 - 교차로안,승용,남,70세,상해없음,승용,남,31세,경상
2013072700100148,2013년 7월 27일 08시,토요일,전라북도 순창군 쌍치면,경상사고,0,0,1,0,차량단독 - 공작물충돌,안전운전불이행,건조,맑음,단일로 - 기타,이륜,남,81세,경상,,,,
2013072700100169,2013년 7월 27일 09시,토요일,전라북도 전주시 덕진구 진북동,경상사고,0,0,4,0,차대차 - 측면직각충돌,신호위반,건조,맑음,교차로 - 교차로안,승용,남,33세,경상,승용,여,56세,경상
2013072700100170,2013년 7월 27일 09시,토요일,전라북도 임실군 삼계면,중상사고,0,1,2,0,차대차 - 추돌 - 진행중,안전운전불이행,건조,맑음,단일로 - 기타,화물,남,51세,경상,화물,남,53세,중상
2013072700100195,2013년 7월 27일 10시,토요일,전라북도 임실군 오수면,중상사고,0,1,0,0,차대차 - 측면직각충돌,교차로운행방법위반,건조,맑음,교차로 - 교차로안,이륜,남,75세,중상,승용,남,41세,상해없음
2013072700100225,2013년 7월 27일 11시,토요일,전라북도 전주시 덕진구 송천동1가,중상사고,0,1,0,0,차대차 - 측면직각충돌,안전운전불이행,건조,맑음,교차로 - 교차로안,승용,남,42세,상해없음,승용,여,52세,중상
2013072700100226,2013년 7월 27일 11시,토요일,전라북도 군산시 미원동,경상사고,0,0,1,0,차대차 - 기타,안전거리미확보,건조,맑음,교차로 - 교차로부근,승용,남,46세,상해없음,승용,여,26세,경상
2013072700100260,2013년 7월 27일 12시,토요일,전라북도 전주시 덕진구 덕진동1가,중상사고,0,1,0,0,차대사람 - 횡단중,안전운전불이행,건조,맑음,단일로 - 기타,승용,남,48세,상해없음,보행자,여,68세,중상
2013072700100261,2013년 7월 27일 12시,토요일,전라북도 익산시 금마면,중상사고,0,1,0,0,차대차 - 측면직각충돌,직진우회전진행방해,건조,맑음,교차로 - 교차로안,승용,남,51세,상해없음,이륜,여,43세,중상
2013072700100292,2013년 7월 27일 13시,토요일,전라북도 전주시 완산구 삼천동1가,중상사고,0,1,0,0,차대차 - 기타,안전거리미확보,건조,맑음,교차로 - 교차로안,승용,남,39세,상해없음,이륜,남,21세,중상
2013072700100293,2013년 7월 27일 13시,토요일,전라북도 남원시 주생면,경상사고,0,0,1,0,차대차 - 추돌 - 주정차중,안전거리미확보,건조,맑음,단일로 - 기타,화물,남,34세,상해없음,승용,남,62세,상해없음
2013072700100327,2013년 7월 27일 14시,토요일,전라북도 군산시 중동,경상사고,0,0,4,0,차대차 - 추돌 - 진행중,안전운전불이행,건조,맑음,단일로 - 기타,화물,남,44세,상해없음,승용,여,66세,경상
2013072700100328,2013년 7월 27일 14시,토요일,전라북도 정읍시 연지동,중상사고,0,1,0,0,차대사람 - 횡단중,중앙선침범,건조,맑음,단일로 - 기타,승용,남,34세,상해없음,보행자,남,64세,중상
2013072700100329,2013년 7월 27일 14시,토요일,전라북도 임실군 지사면,중상사고,0,1,0,0,차대차 - 측면직각충돌,교차로운행방법위반,건조,맑음,교차로 - 교차로안,이륜,남,64세,중상,승용,남,57세,상해없음
2013072700100330,2013년 7월 27일 14시,토요일,전라북도 완주군 삼례읍,경상사고,0,0,1,0,차대차 - 측면직각충돌,안전운전불이행,건조,맑음,기타 - 기타,승용,남,29세,상해없음,이륜,남,20세,경상
2013072700100366,2013년 7월 27일 15시,토요일,전라북도 익산시 송학동,경상사고,0,0,1,0,차대차 - 측면직각충돌,안전운전불이행,건조,맑음,교차로 - 교차로안,승용,남,70세,상해없음,승용,남,41세,경상
2013072700100400,2013년 7월 27일 16시,토요일,전라북도 전주시 완산구 중화산동2가,경상사고,0,0,4,0,차대차 - 측면직각충돌,교차로운행방법위반,건조,맑음,교차로 - 교차로안,승용,여,55세,경상,승용,남,39세,경상
2013072700100431,2013년 7월 27일 17시,토요일,전라북도 부안군 상서면,경상사고,0,0,2,0,차대차 - 측면직각충돌,안전운전불이행,건조,맑음,단일로 - 기타,승용,남,24세,상해없음,화물,남,55세,경상
2013072700100469,2013년 7월 27일 18시,토요일,전라북도 전주시 완산구 중화산동1가,중상사고,0,1,0,0,차대사람 - 횡단중,안전운전불이행,건조,맑음,단일로 - 횡단보도상,승용,남,36세,상해없음,보행자,여,57세,중상
2013072700100470,2013년 7월 27일 18시,토요일,전라북도 전주시 덕진구 전미동1가,중상사고,0,1,1,0,차대차 - 정면충돌,안전운전불이행,건조,맑음,교차로 - 교차로안,승용,여,44세,상해없음,승용,남,40세,경상
2013072700100471,2013년 7월 27일 18시,토요일,전라북도 남원시 산내면,경상사고,0,0,1,0,차대사람 - 횡단중,안전운전불이행,건조,맑음,교차로 - 교차로안,승용,남,57세,상해없음,보행자,남,7세,경상
2013072700100472,2013년 7월 27일 18시,토요일,전라북도 완주군 봉동읍,경상사고,0,0,1,0,차대차 - 기타,교차로운행방법위반,건조,맑음,교차로 - 교차로안,승용,남,41세,상해없음,승용,남,36세,경상
2013072700100509,2013년 7월 27일 19시,토요일,전라북도 익산시 모현동1가,경상사고,0,0,1,0,차대차 - 측면직각충돌,직진우회전진행방해,건조,맑음,교차로 - 교차로안,이륜,남,50세,상해없음,승용,남,49세,상해없음
2013072700100538,2013년 7월 27일 20시,토요일,전라북도 전주시 덕진구 동산동,중상사고,0,1,3,0,차대차 - 추돌 - 진행중,안전운전불이행,건조,맑음,교차로 - 교차로부근,승용,여,44세,상해없음,승용,남,35세,경상
2013072700100539,2013년 7월 27일 20시,토요일,전라북도 군산시 대명동,경상사고,0,0,1,0,차대사람 - 횡단중,보행자보호의무위반,습기,비,교차로 - 교차로부근,승용,기타불명,기타불명,기타불명,보행자,남,57세,경상
2013072700100572,2013년 7월 27일 21시,토요일,전라북도 군산시 나운동,경상사고,0,0,1,0,차대차 - 추돌 - 진행중,안전운전불이행,건조,맑음,교차로 - 교차로부근,승용,남,56세,상해없음,승용,남,53세,경상
2013072700100612,2013년 7월 27일 22시,토요일,전라북도 익산시 모현동1가,경상사고,0,0,1,0,차대차 - 기타,안전운전불이행,습기,비,단일로 - 기타,승용,남,62세,상해없음,승용,남,19세,경상
2013072800100012,2013년 7월 28일 00시,일요일,전라북도 부안군 변산면,경상사고,0,0,1,1,차량단독 - 도로외이탈 - 추락,안전운전불이행,습기,비,교차로 - 교차로안,승용,남,33세,부상신고,,,,
2013072800100037,2013년 7월 28일 01시,일요일,전라북도 전주시 완산구 효자동3가,경상사고,0,0,1,0,차대차 - 기타,교차로운행방법위반,습기,비,교차로 - 교차로안,승용,남,41세,상해없음,승용,남,57세,경상
2013072800100055,2013년 7월 28일 02시,일요일,전라북도 군산시 산북동,경상사고,0,0,1,0,차대사람 - 횡단중,안전운전불이행,건조,맑음,교차로 - 교차로부근,승용,남,34세,상해없음,보행자,남,48세,경상
2013072800100083,2013년 7월 28일 04시,일요일,전라북도 전주시 완산구 상림동,경상사고,0,0,1,0,차대차 - 기타,안전운전불이행,습기,비,단일로 - 기타,승용,남,32세,상해없음,승용,남,46세,경상
2013072800100093,2013년 7월 28일 05시,일요일,전라북도 전주시 완산구 삼천동1가,중상사고,0,1,3,0,차대차 - 추돌 - 주정차중,안전운전불이행,습기,비,교차로 - 교차로부근,승용,남,28세,상해없음,승용,남,48세,경상
2013072800100094,2013년 7월 28일 05시,일요일,전라북도 남원시 주천면,중상사고,0,1,0,0,차대차 - 추돌 - 진행중,안전운전불이행,습기,비,단일로 - 기타,화물,남,47세,상해없음,자전거,남,72세,중상
2013072800100115,2013년 7월 28일 07시,일요일,전라북도 전주시 완산구 삼천동3가,경상사고,0,0,1,0,차대차 - 추돌 - 주정차중,안전거리미확보,습기,비,교차로 - 교차로부근,화물,남,38세,상해없음,승용,여,58세,경상
2013072800100134,2013년 7월 28일 08시,일요일,전라북도 익산시 팔봉동,경상사고,0,0,1,0,차대차 - 측면직각충돌,안전거리미확보,습기,비,교차로 - 교차로부근,승용,여,51세,상해없음,승용,남,58세,경상
2013072800100155,2013년 7월 28일 09시,일요일,전라북도 전주시 완산구 용복동,경상사고,0,0,2,0,차대차 - 기타,안전운전불이행,습기,비,단일로 - 기타,승용,남,42세,상해없음,승용,남,62세,경상
2013072800100179,2013년 7월 28일 10시,일요일,전라북도 전주시 덕진구 인후동2가,경상사고,0,0,2,0,차대차 - 측면직각충돌,중앙선침범,습기,흐림,단일로 - 기타,승용,남,22세,상해없음,화물,남,51세,상해없음
2013072800100245,2013년 7월 28일 13시,일요일,전라북도 정읍시 수성동,경상사고,0,0,1,0,차대차 - 측면직각충돌,차로위반,건조,맑음,단일로 - 기타,승용,남,61세,상해없음,승용,남,30세,경상
2013072800100266,2013년 7월 28일 14시,일요일,전라북도 전주시 완산구 경원동3가,경상사고,0,0,1,0,차대차 - 기타,교차로운행방법위반,건조,맑음,교차로 - 교차로안,승용,남,78세,상해없음,승용,여,61세,경상
2013072800100267,2013년 7월 28일 14시,일요일,전라북도 익산시 인화동1가,경상사고,0,0,4,0,차대차 - 측면직각충돌,직진우회전진행방해,건조,맑음,교차로 - 교차로안,승용,남,52세,상해없음,승용,남,55세,경상
2013072800100268,2013년 7월 28일 14시,일요일,전라북도 익산시 금마면,경상사고,0,0,1,0,차대차 - 측면직각충돌,직진우회전진행방해,건조,맑음,교차로 - 교차로안,승용,여,29세,상해없음,승합,남,40세,경상
2013072800100269,2013년 7월 28일 14시,일요일,전라북도 정읍시 공평동,경상사고,0,0,2,0,차대차 - 측면직각충돌,신호위반,건조,맑음,교차로 - 교차로안,승용,여,35세,기타불명,승용,여,50세,경상
2013072800100296,2013년 7월 28일 15시,일요일,전라북도 남원시 산내면,경상사고,0,0,3,0,차대차 - 측면직각충돌,안전운전불이행,건조,맑음,단일로 - 기타,승용,여,31세,상해없음,승용,남,40세,경상
2013072800100343,2013년 7월 28일 17시,일요일,전라북도 전주시 완산구 평화동1가,경상사고,0,0,1,0,차대사람 - 기타,안전운전불이행,건조,맑음,교차로 - 교차로부근,원동기,남,18세,상해없음,보행자,남,61세,경상
2013072800100344,2013년 7월 28일 17시,일요일,전라북도 군산시 서흥남동,경상사고,0,0,4,0,차대차 - 측면직각충돌,중앙선침범,건조,맑음,단일로 - 기타,승용,남,21세,상해없음,승용,남,54세,경상
2013072800100345,2013년 7월 28일 17시,일요일,전라북도 부안군 변산면,경상사고,0,0,3,2,차대차 - 추돌 - 진행중,안전거리미확보,건조,맑음,단일로 - 기타,승용,여,59세,상해없음,승용,남,34세,경상
2013072800100366,2013년 7월 28일 18시,일요일,전라북도 전주시 덕진구 인후동1가,경상사고,0,0,2,0,차대차 - 추돌 - 진행중,직진우회전진행방해,건조,맑음,교차로 - 교차로안,승용,남,47세,상해없음,승용,남,26세,경상
2013072800100391,2013년 7월 28일 19시,일요일,전라북도 전주시 완산구 서신동,중상사고,0,1,2,0,차대차 - 추돌 - 주정차중,안전거리미확보,습기,비,단일로 - 기타,승용,기타불명,기타불명,기타불명,승용,여,47세,중상
2013072800100443,2013년 7월 28일 21시,일요일,전라북도 전주시 덕진구 호성동1가,경상사고,0,0,1,0,차대사람 - 차도통행중,안전운전불이행,건조,맑음,교차로 - 교차로안,승합,남,28세,상해없음,보행자,남,55세,경상
2013072800100444,2013년 7월 28일 21시,일요일,전라북도 군산시 미룡동,경상사고,0,0,1,0,차대차 - 측면직각충돌,직진우회전진행방해,건조,흐림,교차로 - 교차로안,승용,남,37세,상해없음,원동기,남,16세,경상
2013072900100028,2013년 7월 29일 03시,월요일,전라북도 군산시 소룡동,경상사고,0,0,1,0,차대차 - 추돌 - 주정차중,안전운전불이행,건조,맑음,단일로 - 기타,승용,남,30세,상해없음,승용,여,50세,경상
2013072900100085,2013년 7월 29일 08시,월요일,전라북도 익산시 영등동,경상사고,0,0,1,0,차대차 - 측면직각충돌,안전거리미확보,건조,맑음,단일로 - 기타,승용,남,24세,상해없음,승용,여,24세,경상
2013072900100086,2013년 7월 29일 08시,월요일,전라북도 남원시 천거동,경상사고,0,0,1,0,차대차 - 측면직각충돌,안전운전불이행,습기,맑음,교차로 - 교차로부근,승합,남,43세,상해없음,자전거,여,51세,경상
2013072900100114,2013년 7월 29일 09시,월요일,전라북도 남원시 인월면,중상사고,0,2,1,0,차량단독 - 도로외이탈 - 기타,과속,습기,비,단일로 - 기타,승합,남,52세,상해없음,,,,
2013072900100138,2013년 7월 29일 10시,월요일,전라북도 김제시 금구면,경상사고,0,0,2,0,차대차 - 측면직각충돌,안전운전불이행,건조,맑음,단일로 - 기타,화물,남,38세,상해없음,승용,여,31세,경상
2013072900100156,2013년 7월 29일 11시,월요일,전라북도 익산시 모현동1가,경상사고,0,0,3,0,차대차 - 측면직각충돌,안전운전불이행,건조,맑음,단일로 - 기타,승용,여,30세,상해없음,승용,남,38세,경상
2013072900100230,2013년 7월 29일 14시,월요일,전라북도 전주시 덕진구 진북동,중상사고,0,1,0,0,차대차 - 기타,안전운전불이행,건조,맑음,교차로 - 교차로부근,승용,여,42세,상해없음,이륜,남,49세,중상
2013072900100231,2013년 7월 29일 14시,월요일,전라북도 전주시 덕진구 덕진동1가,경상사고,0,0,1,0,차대차 - 기타,신호위반,건조,맑음,단일로 - 횡단보도상,승용,여,53세,상해없음,자전거,남,47세,경상
2013072900100232,2013년 7월 29일 14시,월요일,전라북도 군산시 신창동,경상사고,0,0,1,0,차대차 - 측면직각충돌,안전운전불이행,건조,맑음,단일로 - 기타,승용,남,56세,상해없음,승용,남,68세,경상
2013072900100233,2013년 7월 29일 14시,월요일,전라북도 군산시 나운동,경상사고,0,0,3,0,차대차 - 추돌 - 진행중,안전거리미확보,건조,맑음,교차로 - 교차로안,승합,남,32세,경상,승용,여,58세,경상
2013072900100234,2013년 7월 29일 14시,월요일,전라북도 익산시 어양동,경상사고,0,0,1,0,차대사람 - 기타,기타,건조,맑음,단일로 - 기타,승용,여,45세,상해없음,보행자,남,8세,경상
2013072900100235,2013년 7월 29일 14시,월요일,전라북도 완주군 봉동읍,경상사고,0,0,1,0,차대차 - 측면직각충돌,신호위반,건조,맑음,교차로 - 교차로안,화물,남,54세,상해없음,건설기계,남,57세,경상
2013072900100270,2013년 7월 29일 15시,월요일,전라북도 임실군 강진면,중상사고,0,1,1,0,차대차 - 추돌 - 진행중,안전운전불이행,건조,맑음,단일로 - 기타,승용,남,51세,상해없음,화물,남,51세,경상
2013072900100315,2013년 7월 29일 16시,월요일,전라북도 부안군 부안읍,경상사고,0,0,1,0,차량단독 - 기타,안전운전불이행,건조,맑음,단일로 - 기타,원동기,남,77세,경상,,,,
2013072900100343,2013년 7월 29일 17시,월요일,전라북도 진안군 마령면,중상사고,0,1,0,0,차대사람 - 횡단중,안전운전불이행,건조,맑음,단일로 - 기타,화물,남,56세,상해없음,보행자,남,17세,중상
2013072900100344,2013년 7월 29일 17시,월요일,전라북도 진안군 안천면,경상사고,0,0,1,0,차대차 - 측면직각충돌,신호위반,건조,맑음,교차로 - 교차로안,승용,여,49세,상해없음,화물,남,69세,경상
2013072900100412,2013년 7월 29일 19시,월요일,전라북도 전주시 완산구 태평동,경상사고,0,0,1,0,차대사람 - 기타,보행자보호의무위반,건조,맑음,교차로 - 교차로안,승합,남,44세,상해없음,보행자,여,65세,경상
2013072900100413,2013년 7월 29일 19시,월요일,전라북도 군산시 수송동,경상사고,0,0,2,0,차대차 - 측면직각충돌,불법유턴,건조,맑음,단일로 - 기타,승용,여,26세,경상,승용,남,58세,경상
2013072900100472,2013년 7월 29일 21시,월요일,전라북도 완주군 삼례읍,경상사고,0,0,2,0,차대차 - 기타,안전운전불이행,건조,맑음,단일로 - 기타,화물,남,50세,상해없음,승용,여,30세,경상
2013073000100025,2013년 7월 30일 01시,화요일,전라북도 고창군 고창읍,경상사고,0,0,1,0,차대차 - 측면직각충돌,교차로운행방법위반,건조,맑음,교차로 - 교차로안,승용,남,43세,상해없음,승용,남,35세,상해없음
2013073000100041,2013년 7월 30일 03시,화요일,전라북도 전주시 덕진구 진북동,경상사고,0,0,1,0,차대사람 - 기타,안전운전불이행,건조,맑음,교차로 - 교차로부근,기타불명,기타불명,기타불명,기타불명,보행자,남,32세,경상
2013073000100094,2013년 7월 30일 08시,화요일,전라북도 익산시 동산동,경상사고,0,0,1,0,차대사람 - 횡단중,안전운전불이행,건조,맑음,교차로 - 교차로부근,승용,남,56세,상해없음,보행자,여,82세,경상
2013073000100121,2013년 7월 30일 09시,화요일,전라북도 전주시 완산구 효자동1가,경상사고,0,0,1,0,차대차 - 정면충돌,중앙선침범,건조,흐림,교차로 - 교차로부근,자전거,여,54세,경상,승용,여,40세,상해없음
2013073000100122,2013년 7월 30일 09시,화요일,전라북도 정읍시 북면,중상사고,0,1,0,0,차대차 - 측면직각충돌,중앙선침범,건조,맑음,단일로 - 기타,승용,남,66세,상해없음,원동기,남,75세,중상
2013073000100152,2013년 7월 30일 10시,화요일,전라북도 전주시 덕진구 금암동,경상사고,0,0,1,0,차대차 - 추돌 - 진행중,안전거리미확보,건조,맑음,교차로 - 교차로부근,승용,남,53세,상해없음,승용,여,43세,상해없음
2013073000100254,2013년 7월 30일 13시,화요일,전라북도 전주시 완산구 효자동1가,중상사고,0,1,0,0,차대사람 - 기타,안전운전불이행,건조,맑음,기타 - 기타,화물,남,53세,상해없음,보행자,남,47세,중상
2013073000100255,2013년 7월 30일 13시,화요일,전라북도 전주시 완산구 효자동2가,경상사고,0,0,1,0,차대사람 - 기타,안전운전불이행,건조,맑음,단일로 - 기타,승합,남,47세,상해없음,보행자,여,53세,경상
2013073000100291,2013년 7월 30일 14시,화요일,전라북도 전주시 완산구 경원동1가,경상사고,0,0,1,0,차대사람 - 기타,안전운전불이행,건조,맑음,교차로 - 교차로부근,승용,여,20세,상해없음,보행자,여,17세,경상
2013073000100292,2013년 7월 30일 14시,화요일,전라북도 익산시 동산동,중상사고,0,1,0,0,차대사람 - 횡단중,안전운전불이행,습기,비,교차로 - 교차로안,화물,남,50세,상해없음,보행자,여,66세,중상
2013073000100356,2013년 7월 30일 16시,화요일,전라북도 익산시 마동,경상사고,0,0,1,0,차대차 - 기타,안전운전불이행,습기,맑음,단일로 - 기타,승용,남,29세,상해없음,이륜,남,56세,경상
2013073000100401,2013년 7월 30일 17시,화요일,전라북도 전주시 덕진구 인후동1가,경상사고,0,0,1,0,차대차 - 측면직각충돌,안전거리미확보,건조,맑음,교차로 - 교차로부근,승용,남,56세,상해없음,이륜,남,36세,경상
2013073000100402,2013년 7월 30일 17시,화요일,전라북도 익산시 인화동1가,경상사고,0,0,1,0,차대차 - 기타,안전운전불이행,건조,맑음,교차로 - 교차로부근,승합,남,35세,상해없음,자전거,남,75세,경상
2013073000100403,2013년 7월 30일 17시,화요일,전라북도 고창군 무장면,중상사고,0,1,0,0,차대차 - 측면직각충돌,직진우회전진행방해,건조,맑음,교차로 - 교차로안,화물,남,53세,상해없음,승용,남,31세,상해없음
2013073000100405,2013년 7월 30일 17시,화요일,전라북도 완주군 소양면,중상사고,0,3,0,0,차량단독 - 공작물충돌,안전운전불이행,습기,비,단일로 - 기타,화물,남,57세,상해없음,,,,
2013073000100446,2013년 7월 30일 18시,화요일,전라북도 익산시 현영동,중상사고,0,1,0,0,차대차 - 측면직각충돌,직진우회전진행방해,건조,맑음,교차로 - 교차로안,화물,남,49세,상해없음,승용,남,42세,중상
2013073000100479,2013년 7월 30일 19시,화요일,전라북도 완주군 봉동읍,중상사고,0,1,2,0,차대차 - 측면직각충돌,안전운전불이행,건조,맑음,교차로 - 교차로안,승용,여,36세,상해없음,승용,여,28세,경상
2013073000100512,2013년 7월 30일 20시,화요일,전라북도 전주시 완산구 효자동1가,부상신고사고,0,0,0,1,차대사람 - 횡단중,신호위반,건조,흐림,단일로 - 횡단보도상,승용,여,36세,상해없음,보행자,남,49세,부상신고
2013073000100553,2013년 7월 30일 21시,화요일,전라북도 전주시 완산구 효자동1가,경상사고,0,0,1,0,차대차 - 추돌 - 진행중,안전거리미확보,건조,맑음,교차로 - 교차로부근,승용,남,42세,상해없음,승용,남,64세,경상
2013073000100587,2013년 7월 30일 22시,화요일,전라북도 전주시 덕진구 덕진동1가,경상사고,0,0,2,0,차대차 - 측면직각충돌,안전운전불이행,건조,맑음,단일로 - 기타,승합,남,54세,상해없음,이륜,남,51세,경상
2013073000100616,2013년 7월 30일 23시,화요일,전라북도 전주시 완산구 효자동3가,경상사고,0,0,1,0,차대차 - 기타,안전운전불이행,건조,맑음,단일로 - 기타,이륜,남,20세,상해없음,자전거,남,26세,경상
2013073000100617,2013년 7월 30일 23시,화요일,전라북도 익산시 송학동,경상사고,0,0,2,0,차대차 - 측면직각충돌,직진우회전진행방해,습기,흐림,교차로 - 교차로안,승용,남,49세,상해없음,승용,남,61세,경상
2013073100100017,2013년 7월 31일 00시,수요일,전라북도 익산시 금강동,중상사고,0,1,1,0,차대차 - 추돌 - 주정차중,안전운전불이행,건조,맑음,교차로 - 교차로부근,승용,남,55세,상해없음,승용,남,36세,중상
2013073100100018,2013년 7월 31일 00시,수요일,전라북도 부안군 부안읍,경상사고,0,0,2,1,차대차 - 추돌 - 진행중,안전운전불이행,건조,흐림,단일로 - 기타,승용,남,25세,부상신고,승용,남,31세,경상
2013073100100039,2013년 7월 31일 01시,수요일,전라북도 남원시 월락동,경상사고,0,0,1,0,차대차 - 측면직각충돌,직진우회전진행방해,건조,기타,교차로 - 교차로안,승용,남,46세,상해없음,승용,남,51세,상해없음
2013073100100133,2013년 7월 31일 08시,수요일,전라북도 익산시 어양동,경상사고,0,0,1,0,차대차 - 측면직각충돌,안전운전불이행,건조,맑음,교차로 - 교차로안,승용,여,47세,상해없음,승용,여,56세,경상
2013073100100134,2013년 7월 31일 08시,수요일,전라북도 김제시 황산동,중상사고,0,1,0,0,차대차 - 측면직각충돌,중앙선침범,습기,비,교차로 - 교차로부근,승용,남,48세,상해없음,승합,남,65세,상해없음
2013073100100160,2013년 7월 31일 09시,수요일,전라북도 남원시 인월면,중상사고,0,2,1,0,차대차 - 정면충돌,안전운전불이행,건조,맑음,단일로 - 기타,화물,남,51세,상해없음,화물,남,58세,경상
2013073100100161,2013년 7월 31일 09시,수요일,전라북도 진안군 부귀면,경상사고,0,0,1,0,차대차 - 측면직각충돌,안전운전불이행,습기,비,단일로 - 기타,승합,남,30세,상해없음,화물,남,68세,경상
2013073100100184,2013년 7월 31일 10시,수요일,전라북도 익산시 영등동,경상사고,0,0,1,0,차대차 - 추돌 - 진행중,안전운전불이행,건조,맑음,교차로 - 교차로부근,승용,남,61세,상해없음,승용,여,53세,상해없음
2013073100100185,2013년 7월 31일 10시,수요일,전라북도 정읍시 용계동,경상사고,0,0,2,0,차대차 - 측면직각충돌,안전운전불이행,습기,비,교차로 - 교차로부근,화물,남,57세,상해없음,승용,남,71세,경상
2013073100100222,2013년 7월 31일 11시,수요일,전라북도 부안군 부안읍,경상사고,0,0,1,0,차대사람 - 보도통행중,보행자보호의무위반,건조,맑음,교차로 - 교차로부근,화물,남,51세,상해없음,보행자,여,66세,경상
2013073100100328,2013년 7월 31일 14시,수요일,전라북도 정읍시 수성동,경상사고,0,0,1,0,차대사람 - 보도통행중,신호위반,건조,맑음,교차로 - 교차로부근,승용,남,54세,상해없음,보행자,여,60세,경상
2013073100100329,2013년 7월 31일 14시,수요일,전라북도 남원시 향교동,중상사고,0,1,0,0,차대차 - 기타,안전운전불이행,건조,흐림,단일로 - 기타,승용,남,57세,상해없음,원동기,여,51세,중상
2013073100100355,2013년 7월 31일 15시,수요일,전라북도 전주시 완산구 효자동3가,경상사고,0,0,6,0,차대차 - 기타,안전운전불이행,건조,맑음,단일로 - 기타,승용,여,26세,상해없음,승합,여,55세,경상
2013073100100388,2013년 7월 31일 16시,수요일,전라북도 전주시 완산구 삼천동1가,경상사고,0,0,1,0,차대사람 - 기타,안전운전불이행,건조,맑음,단일로 - 기타,화물,남,38세,상해없음,보행자,여,42세,경상
2013073100100389,2013년 7월 31일 16시,수요일,전라북도 전주시 덕진구 송천동1가,경상사고,0,0,1,0,차대차 - 기타,안전운전불이행,건조,흐림,기타 - 기타,자전거,남,14세,경상,승합,여,43세,상해없음
2013073100100390,2013년 7월 31일 16시,수요일,전라북도 전주시 덕진구 팔복동3가,경상사고,0,0,3,0,차대차 - 측면직각충돌,안전운전불이행,건조,맑음,교차로 - 교차로부근,화물,남,53세,상해없음,화물,남,47세,경상
2013073100100391,2013년 7월 31일 16시,수요일,전라북도 군산시 소룡동,경상사고,0,0,1,0,차대차 - 추돌 - 주정차중,안전거리미확보,건조,맑음,교차로 - 교차로안,승용,남,39세,상해없음,승용,여,56세,경상
2013073100100392,2013년 7월 31일 16시,수요일,전라북도 익산시 송학동,경상사고,0,0,1,0,차대차 - 기타,안전운전불이행,건조,맑음,단일로 - 기타,승용,남,57세,상해없음,원동기,여,30세,경상
2013073100100461,2013년 7월 31일 18시,수요일,전라북도 순창군 동계면,중상사고,0,1,0,0,차대차 - 추돌 - 진행중,안전운전불이행,건조,맑음,교차로 - 교차로부근,화물,남,43세,상해없음,원동기,남,59세,중상
2013073100100462,2013년 7월 31일 18시,수요일,전라북도 완주군 소양면,경상사고,0,0,1,0,차대차 - 측면직각충돌,직진우회전진행방해,건조,맑음,교차로 - 교차로안,승용,여,41세,상해없음,승합,남,56세,상해없음
2013073100100616,2013년 7월 31일 23시,수요일,전라북도 전주시 덕진구 인후동1가,경상사고,0,0,1,0,차대차 - 측면직각충돌,안전운전불이행,건조,흐림,교차로 - 교차로부근,승용,남,28세,상해없음,이륜,남,19세,경상
2013073100100617,2013년 7월 31일 23시,수요일,전라북도 전주시 덕진구 호성동1가,경상사고,0,0,1,0,차대사람 - 기타,안전운전불이행,건조,맑음,단일로 - 기타,승용,남,59세,상해없음,보행자,남,41세,경상
2013080100100011,2013년 8월 1일 00시,목요일,전라북도 군산시 서흥남동,경상사고,0,0,2,1,차대차 - 측면직각충돌,신호위반,건조,맑음,교차로 - 교차로안,승용,남,60세,부상신고,승용,남,40세,경상
2013080100100024,2013년 8월 1일 01시,목요일,전라북도 익산시 신동,경상사고,0,0,3,0,차대차 - 측면직각충돌,안전운전불이행,건조,맑음,교차로 - 교차로안,승용,여,32세,상해없음,승용,남,62세,경상
2013080100100041,2013년 8월 1일 02시,목요일,전라북도 전주시 완산구 효자동2가,경상사고,0,0,3,0,차대차 - 측면직각충돌,안전운전불이행,건조,맑음,교차로 - 교차로안,승용,남,23세,상해없음,승용,여,57세,경상