사고번호,사고일시,요일,시군구,사고내용,사망자수,중상자수,경상자수,부상신고자수,사고유형,법규위반,노면상태,기상상태,도로형태,가해운전자 차종,가해운전자 성별,가해운전자 연령,가해운전자 상해정도,피해운전자 차종,피해운전자 성별,피해운전자 연령,피해운전자 상해정도
2013080100100054,2013년 8월 1일 03시,목요일,전라북도 고창군 대산면,사망사고,1,11,4,0,차대차 - 기타,안전운전불이행,건조,맑음,단일로 - 기타,승용,남,55세,사망,승용,남,40세,경상
2013080100100105,2013년 8월 1일 07시,목요일,전라북도 부안군 부안읍,중상사고,0,1,2,0,차대차 - 측면직각충돌,안전운전불이행,건조,맑음,교차로 - 교차로안,승용,남,52세,경상,승용,남,57세,경상
2013080100100157,2013년 8월 1일 09시,목요일,전라북도 김제시 금구면,경상사고,0,0,1,0,차대차 - 기타,불법유턴,건조,맑음,교차로 - 교차로부근,화물,남,42세,상해없음,원동기,남,76세,경상
2013080100100187,2013년 8월 1일 10시,목요일,전라북도 남원시 운봉읍,경상사고,0,0,1,0,차량단독 - 공작물충돌,안전운전불이행,건조,맑음,단일로 - 기타,원동기,남,76세,상해없음,,,,
2013080100100188,2013년 8월 1일 10시,목요일,전라북도 남원시 운봉읍,경상사고,0,0,1,0,차량단독 - 공작물충돌,안전운전불이행,건조,맑음,단일로 - 기타,승용,여,24세,상해없음,,,,
2013080100100224,2013년 8월 1일 11시,목요일,전라북도 김제시 백산면,중상사고,0,2,0,0,차대차 - 측면직각충돌,직진우회전진행방해,건조,맑음,교차로 - 교차로안,승용,남,44세,상해없음,화물,남,39세,상해없음
2013080100100225,2013년 8월 1일 11시,목요일,전라북도 부안군 변산면,경상사고,0,0,5,0,차대차 - 추돌 - 주정차중,안전거리미확보,건조,맑음,단일로 - 기타,승용,남,27세,상해없음,승용,남,55세,경상
2013080100100255,2013년 8월 1일 12시,목요일,전라북도 전주시 완산구 풍남동1가,중상사고,0,1,0,0,차대사람 - 기타,안전운전불이행,건조,맑음,기타 - 기타,승용,여,24세,상해없음,보행자,여,70세,중상
2013080100100256,2013년 8월 1일 12시,목요일,전라북도 군산시 중앙로1가,중상사고,0,1,0,0,차대사람 - 횡단중,보행자보호의무위반,건조,맑음,단일로 - 기타,승용,남,40세,상해없음,보행자,여,71세,중상
2013080100100257,2013년 8월 1일 12시,목요일,전라북도 순창군 순창읍,중상사고,0,2,0,0,차대차 - 측면직각충돌,직진우회전진행방해,건조,맑음,교차로 - 교차로안,승용,남,47세,상해없음,이륜,남,75세,중상
2013080100100284,2013년 8월 1일 13시,목요일,전라북도 정읍시 연지동,중상사고,0,2,0,0,차대차 - 측면직각충돌,직진우회전진행방해,건조,흐림,교차로 - 교차로안,화물,남,44세,중상,승합,남,69세,중상
2013080100100302,2013년 8월 1일 14시,목요일,전라북도 전주시 완산구 효자동3가,경상사고,0,0,1,0,차대차 - 측면직각충돌,신호위반,건조,맑음,교차로 - 교차로안,승용,남,67세,상해없음,승용,남,33세,경상
2013080100100303,2013년 8월 1일 14시,목요일,전라북도 익산시 팔봉동,경상사고,0,0,4,0,차대차 - 기타,안전운전불이행,건조,맑음,단일로 - 기타,승용,남,60세,경상,승용,여,46세,경상
2013080100100373,2013년 8월 1일 16시,목요일,전라북도 남원시 어현동,경상사고,0,0,1,0,차대차 - 추돌 - 진행중,안전거리미확보,습기,비,단일로 - 기타,승용,남,46세,상해없음,원동기,남,78세,경상
2013080100100374,2013년 8월 1일 16시,목요일,전라북도 남원시 수지면,경상사고,0,0,1,0,차대차 - 측면직각충돌,안전운전불이행,습기,비,단일로 - 기타,승용,남,34세,상해없음,승용,남,39세,상해없음
2013080100100417,2013년 8월 1일 17시,목요일,전라북도 전주시 덕진구 금암동,경상사고,0,0,1,0,차대차 - 추돌 - 진행중,기타,건조,맑음,단일로 - 횡단보도부근,승용,여,68세,상해없음,승용,남,59세,경상
2013080100100418,2013년 8월 1일 17시,목요일,전라북도 익산시 금마면,경상사고,0,0,2,0,차대차 - 추돌 - 진행중,안전거리미확보,건조,맑음,단일로 - 기타,승용,여,56세,상해없음,화물,남,39세,상해없음
2013080100100447,2013년 8월 1일 18시,목요일,전라북도 전주시 완산구 대성동,경상사고,0,0,3,0,차대차 - 측면직각충돌,안전거리미확보,건조,맑음,단일로 - 기타,승용,남,54세,상해없음,승용,남,30세,경상
2013080100100448,2013년 8월 1일 18시,목요일,전라북도 군산시 오식도동,경상사고,0,0,1,0,차대차 - 측면직각충돌,신호위반,건조,맑음,교차로 - 교차로안,승용,여,26세,상해없음,승용,남,32세,경상
2013080100100449,2013년 8월 1일 18시,목요일,전라북도 정읍시 용계동,중상사고,0,1,0,0,차량단독 - 전도전복,안전운전불이행,건조,맑음,단일로 - 기타,원동기,남,73세,중상,,,,
2013080100100546,2013년 8월 1일 21시,목요일,전라북도 남원시 용정동,중상사고,0,2,0,0,차대차 - 추돌 - 주정차중,안전운전불이행,건조,맑음,단일로 - 기타,승용,남,46세,상해없음,승용,남,59세,중상
2013080100100547,2013년 8월 1일 21시,목요일,전라북도 완주군 운주면,경상사고,0,0,2,0,차대차 - 정면충돌,중앙선침범,건조,맑음,단일로 - 기타,승용,남,46세,상해없음,승용,여,43세,경상
2013080100100575,2013년 8월 1일 22시,목요일,전라북도 정읍시 상동,경상사고,0,0,1,0,차대차 - 기타,불법유턴,건조,맑음,단일로 - 기타,승용,남,21세,상해없음,승용,여,35세,경상
2013080200100043,2013년 8월 2일 02시,금요일,전라북도 군산시 나운동,경상사고,0,0,3,0,차대차 - 측면직각충돌,안전운전불이행,건조,맑음,단일로 - 기타,기타불명,기타불명,기타불명,기타불명,승용,남,33세,경상
2013080200100067,2013년 8월 2일 05시,금요일,전라북도 군산시 지곡동,경상사고,0,0,4,0,차대차 - 측면직각충돌,신호위반,건조,맑음,교차로 - 교차로안,승용,여,61세,상해없음,승용,남,62세,경상
2013080200100068,2013년 8월 2일 05시,금요일,전라북도 군산시 오식도동,중상사고,0,1,0,0,차대차 - 측면직각충돌,안전운전불이행,건조,맑음,교차로 - 교차로안,승용,남,22세,상해없음,승용,남,67세,중상
2013080200100086,2013년 8월 2일 07시,금요일,전라북도 전주시 완산구 효자동1가,경상사고,0,0,1,0,차대차 - 정면충돌,중앙선침범,건조,맑음,단일로 - 기타,승용,남,24세,상해없음,승용,여,45세,경상
2013080200100114,2013년 8월 2일 09시,금요일,전라북도 김제시 도장동,사망사고,1,0,1,0,차대사람 - 기타,안전운전불이행,건조,맑음,단일로 - 기타,승용,남,25세,상해없음,보행자,여,71세,사망
2013080200100139,2013년 8월 2일 10시,금요일,전라북도 익산시 창인동1가,중상사고,0,1,0,0,차대사람 - 횡단중,안전운전불이행,건조,맑음,단일로 - 기타,승용,남,62세,상해없음,보행자,여,63세,중상
2013080200100140,2013년 8월 2일 10시,금요일,전라북도 김제시 서암동,중상사고,0,1,0,0,차대차 - 측면직각충돌,신호위반,건조,맑음,교차로 - 교차로안,화물,남,74세,상해없음,승용,남,55세,중상
2013080200100141,2013년 8월 2일 10시,금요일,전라북도 무주군 설천면,경상사고,0,0,2,0,차대차 - 정면충돌,안전운전불이행,건조,맑음,교차로 - 교차로안,승용,남,69세,상해없음,승용,남,63세,경상
2013080200100166,2013년 8월 2일 11시,금요일,전라북도 전주시 완산구 효자동1가,중상사고,0,1,0,0,차대사람 - 횡단중,신호위반,건조,맑음,교차로 - 교차로안,원동기,남,84세,상해없음,보행자,여,56세,중상
2013080200100167,2013년 8월 2일 11시,금요일,전라북도 익산시 오산면,경상사고,0,0,5,0,차대차 - 추돌 - 진행중,중앙선침범,건조,맑음,단일로 - 기타,승용,여,51세,상해없음,승용,남,54세,경상
2013080200100168,2013년 8월 2일 11시,금요일,전라북도 남원시 용정동,중상사고,0,3,0,0,차대차 - 정면충돌,안전운전불이행,습기,맑음,단일로 - 기타,승용,여,59세,상해없음,건설기계,남,43세,상해없음
2013080200100202,2013년 8월 2일 12시,금요일,전라북도 전주시 완산구 서신동,경상사고,0,0,2,0,차대사람 - 횡단중,보행자보호의무위반,건조,맑음,교차로 - 교차로안,승용,남,42세,상해없음,보행자,여,49세,경상
2013080200100203,2013년 8월 2일 12시,금요일,전라북도 순창군 동계면,중상사고,0,2,1,0,차대차 - 정면충돌,중앙선침범,건조,맑음,단일로 - 기타,승용,여,26세,기타불명,화물,남,39세,중상
2013080200100240,2013년 8월 2일 13시,금요일,전라북도 전주시 완산구 중화산동2가,경상사고,0,0,11,0,차대차 - 측면직각충돌,안전거리미확보,건조,맑음,단일로 - 기타,승용,여,45세,경상,승용,여,29세,경상
2013080200100241,2013년 8월 2일 13시,금요일,전라북도 정읍시 옹동면,중상사고,0,1,1,0,차대차 - 측면직각충돌,교차로운행방법위반,건조,맑음,교차로 - 교차로안,승용,여,43세,경상,승용,여,61세,중상
2013080200100269,2013년 8월 2일 14시,금요일,전라북도 남원시 운봉읍,중상사고,0,1,0,0,차대차 - 측면직각충돌,직진우회전진행방해,건조,맑음,교차로 - 교차로안,승용,남,32세,상해없음,화물,남,50세,중상
2013080200100304,2013년 8월 2일 15시,금요일,전라북도 전주시 완산구 효자동2가,경상사고,0,0,3,0,차대차 - 정면충돌,신호위반,건조,맑음,교차로 - 교차로안,승용,남,27세,상해없음,승용,여,50세,상해없음
2013080200100305,2013년 8월 2일 15시,금요일,전라북도 익산시 왕궁면,경상사고,0,0,1,0,차대차 - 정면충돌,안전운전불이행,건조,맑음,단일로 - 기타,승용,남,49세,상해없음,원동기,남,63세,상해없음
2013080200100333,2013년 8월 2일 16시,금요일,전라북도 전주시 완산구 교동,경상사고,0,0,1,0,차대사람 - 기타,안전운전불이행,건조,맑음,단일로 - 기타,승용,남,45세,상해없음,보행자,남,5세,경상
2013080200100369,2013년 8월 2일 17시,금요일,전라북도 군산시 지곡동,중상사고,0,1,0,0,차대차 - 측면직각충돌,직진우회전진행방해,건조,맑음,교차로 - 교차로안,승용,남,58세,상해없음,자전거,남,45세,중상
2013080200100370,2013년 8월 2일 17시,금요일,전라북도 임실군 성수면,경상사고,0,0,1,0,차대차 - 추돌 - 진행중,안전거리미확보,건조,맑음,단일로 - 기타,화물,남,56세,상해없음,승용,여,33세,경상
2013080200100371,2013년 8월 2일 17시,금요일,전라북도 남원시 아영면,경상사고,0,0,4,0,차량단독 - 공작물충돌,안전운전불이행,건조,맑음,단일로 - 기타,승용,남,49세,상해없음,,,,
2013080200100403,2013년 8월 2일 18시,금요일,전라북도 전주시 완산구 삼천동3가,중상사고,0,1,3,0,차대차 - 추돌 - 진행중,안전운전불이행,건조,맑음,단일로 - 기타,승용,남,34세,중상,승용,남,47세,상해없음
2013080200100404,2013년 8월 2일 18시,금요일,전라북도 익산시 송학동,사망사고,1,0,0,0,차대사람 - 횡단중,안전운전불이행,건조,맑음,교차로 - 교차로부근,승합,남,48세,상해없음,보행자,여,74세,사망
2013080200100503,2013년 8월 2일 21시,금요일,전라북도 전주시 완산구 중화산동2가,경상사고,0,0,2,0,차대차 - 추돌 - 주정차중,안전운전불이행,건조,맑음,단일로 - 기타,승용,남,24세,상해없음,승용,남,37세,경상
2013080200100535,2013년 8월 2일 22시,금요일,전라북도 군산시 수송동,중상사고,0,1,0,0,차대차 - 측면직각충돌,안전운전불이행,건조,맑음,교차로 - 교차로안,승용,남,34세,상해없음,이륜,남,18세,중상
2013080200100536,2013년 8월 2일 22시,금요일,전라북도 익산시 동산동,경상사고,0,0,3,0,차대차 - 추돌 - 진행중,안전운전불이행,건조,맑음,단일로 - 기타,화물,남,46세,상해없음,승용,남,59세,경상
2013080200100537,2013년 8월 2일 22시,금요일,전라북도 남원시 동충동,경상사고,0,0,1,0,차대차 - 기타,안전운전불이행,건조,맑음,교차로 - 교차로부근,승용,남,44세,상해없음,자전거,여,22세,경상
2013080300100014,2013년 8월 3일 00시,토요일,전라북도 전주시 완산구 효자동1가,경상사고,0,0,1,0,차대사람 - 기타,안전운전불이행,건조,맑음,단일로 - 기타,화물,남,51세,상해없음,보행자,남,53세,경상
2013080300100034,2013년 8월 3일 01시,토요일,전라북도 익산시 남중동,중상사고,0,1,0,0,차량단독 - 공작물충돌,안전운전불이행,건조,맑음,단일로 - 기타,자전거,남,43세,중상,,,,
2013080300100062,2013년 8월 3일 03시,토요일,전라북도 익산시 남중동,경상사고,0,0,1,0,차대차 - 측면직각충돌,안전운전불이행,건조,맑음,단일로 - 기타,승용,남,32세,상해없음,승용,남,53세,경상
2013080300100102,2013년 8월 3일 06시,토요일,전라북도 고창군 성내면,사망사고,1,0,0,0,차대사람 - 차도통행중,안전운전불이행,건조,맑음,단일로 - 교량,승용,남,45세,상해없음,보행자,여,71세,사망
2013080300100130,2013년 8월 3일 08시,토요일,전라북도 김제시 신풍동,경상사고,0,0,1,0,차대사람 - 기타,안전운전불이행,건조,맑음,기타 - 기타,승용,여,50세,상해없음,보행자,남,62세,경상
2013080300100156,2013년 8월 3일 09시,토요일,전라북도 익산시 용제동,경상사고,0,0,3,0,차대차 - 추돌 - 주정차중,안전운전불이행,건조,맑음,교차로 - 교차로부근,승용,여,45세,상해없음,승용,남,52세,경상
2013080300100187,2013년 8월 3일 10시,토요일,전라북도 익산시 함열읍,경상사고,0,0,1,0,차대차 - 기타,안전운전불이행,건조,맑음,단일로 - 기타,화물,남,80세,상해없음,원동기,남,80세,경상
2013080300100210,2013년 8월 3일 11시,토요일,전라북도 부안군 변산면,중상사고,0,2,5,3,차대차 - 추돌 - 주정차중,안전운전불이행,건조,맑음,단일로 - 기타,승용,남,58세,상해없음,승용,남,41세,경상
2013080300100240,2013년 8월 3일 12시,토요일,전라북도 전주시 덕진구 금암동,경상사고,0,0,3,0,차대차 - 추돌 - 주정차중,안전운전불이행,건조,맑음,교차로 - 교차로부근,승용,남,66세,상해없음,승용,남,61세,경상
2013080300100241,2013년 8월 3일 12시,토요일,전라북도 전주시 덕진구 우아동3가,경상사고,0,0,1,0,차대차 - 추돌 - 진행중,안전운전불이행,건조,맑음,교차로 - 교차로부근,승용,남,77세,상해없음,이륜,남,22세,경상
2013080300100283,2013년 8월 3일 13시,토요일,전라북도 남원시 이백면,중상사고,0,4,2,0,차대차 - 측면직각충돌,직진우회전진행방해,건조,흐림,교차로 - 교차로안,승용,여,38세,경상,화물,남,35세,경상
2013080300100284,2013년 8월 3일 13시,토요일,전라북도 남원시 인월면,중상사고,0,1,5,0,차대차 - 측면직각충돌,직진우회전진행방해,건조,맑음,교차로 - 교차로안,승용,여,60세,상해없음,승용,남,48세,중상
2013080300100323,2013년 8월 3일 14시,토요일,전라북도 전주시 완산구 서노송동,경상사고,0,0,3,0,차대차 - 기타,신호위반,습기,비,교차로 - 교차로안,승용,남,52세,상해없음,승용,남,61세,경상
2013080300100350,2013년 8월 3일 15시,토요일,전라북도 군산시 임피면,중상사고,0,2,3,0,차대차 - 측면직각충돌,안전운전불이행,습기,비,단일로 - 기타,승용,남,22세,경상,건설기계,남,43세,상해없음
2013080300100351,2013년 8월 3일 15시,토요일,전라북도 완주군 화산면,경상사고,0,0,1,0,차대차 - 기타,안전운전불이행,습기,비,단일로 - 교량,승용,남,53세,상해없음,승용,남,58세,경상
2013080300100352,2013년 8월 3일 15시,토요일,전라북도 남원시 산동면,경상사고,0,0,12,0,차대차 - 추돌 - 주정차중,안전거리미확보,습기,비,단일로 - 터널,승용,남,32세,경상,승용,남,23세,경상
2013080300100391,2013년 8월 3일 16시,토요일,전라북도 전주시 덕진구 송천동2가,경상사고,0,0,1,0,차대차 - 추돌 - 진행중,중앙선침범,습기,비,단일로 - 기타,화물,남,37세,상해없음,화물,남,28세,경상
2013080300100392,2013년 8월 3일 16시,토요일,전라북도 전주시 덕진구 인후동1가,경상사고,0,0,1,0,차대차 - 측면직각충돌,신호위반,건조,맑음,교차로 - 교차로안,승용,남,44세,상해없음,승용,남,42세,경상
2013080300100393,2013년 8월 3일 16시,토요일,전라북도 남원시 죽항동,중상사고,0,1,0,0,차대차 - 기타,안전운전불이행,습기,흐림,단일로 - 기타,승용,여,46세,상해없음,이륜,남,66세,중상
2013080300100428,2013년 8월 3일 17시,토요일,전라북도 완주군 삼례읍,중상사고,0,5,0,0,차대차 - 추돌 - 주정차중,안전운전불이행,습기,흐림,교차로 - 교차로안,승용,남,43세,상해없음,승용,여,31세,중상
2013080300100476,2013년 8월 3일 18시,토요일,전라북도 군산시 수송동,경상사고,0,0,1,0,차대차 - 측면직각충돌,안전운전불이행,건조,맑음,교차로 - 교차로안,원동기,남,19세,상해없음,승용,남,65세,경상
2013080300100477,2013년 8월 3일 18시,토요일,전라북도 남원시 고죽동,중상사고,0,2,0,0,차대차 - 측면직각충돌,신호위반,습기,비,교차로 - 교차로안,승용,남,33세,상해없음,승용,남,26세,중상
2013080300100509,2013년 8월 3일 19시,토요일,전라북도 고창군 아산면,경상사고,0,0,1,0,차대차 - 추돌 - 진행중,안전운전불이행,건조,맑음,단일로 - 기타,승합,남,45세,상해없음,승합,남,48세,경상
2013080300100544,2013년 8월 3일 20시,토요일,전라북도 전주시 덕진구 금암동,경상사고,0,0,1,0,차대사람 - 횡단중,안전운전불이행,습기,비,단일로 - 기타,승용,남,77세,상해없음,보행자,남,75세,경상
2013080300100545,2013년 8월 3일 20시,토요일,전라북도 익산시 남중동,중상사고,0,1,0,0,차대사람 - 보도통행중,보행자보호의무위반,습기,비,단일로 - 기타,승용,남,39세,상해없음,보행자,여,74세,중상
2013080300100546,2013년 8월 3일 20시,토요일,전라북도 정읍시 수성동,중상사고,0,1,0,0,차대사람 - 횡단중,보행자보호의무위반,건조,맑음,교차로 - 교차로부근,승용,여,37세,상해없음,보행자,남,65세,중상
2013080300100602,2013년 8월 3일 22시,토요일,전라북도 전주시 덕진구 덕진동1가,경상사고,0,0,2,0,차대차 - 추돌 - 진행중,안전운전불이행,습기,맑음,단일로 - 기타,승용,남,24세,상해없음,승용,남,34세,경상
2013080300100635,2013년 8월 3일 23시,토요일,전라북도 전주시 완산구 중화산동2가,중상사고,0,1,0,0,차대사람 - 기타,불법유턴,건조,맑음,교차로 - 교차로부근,승용,남,37세,상해없음,보행자,남,53세,중상
2013080300100636,2013년 8월 3일 23시,토요일,전라북도 익산시 영등동,경상사고,0,0,1,0,차대차 - 추돌 - 진행중,안전운전불이행,건조,맑음,교차로 - 교차로안,승용,남,26세,상해없음,승용,남,60세,경상
2013080300100637,2013년 8월 3일 23시,토요일,전라북도 익산시 중앙동1가,중상사고,0,1,0,0,차대차 - 추돌 - 진행중,안전운전불이행,건조,맑음,교차로 - 교차로부근,원동기,남,33세,중상,승용,남,26세,상해없음
2013080400100017,2013년 8월 4일 01시,일요일,전라북도 전주시 완산구 평화동1가,중상사고,0,1,3,0,차대사람 - 횡단중,보행자보호의무위반,건조,맑음,교차로 - 교차로안,승용,남,42세,상해없음,보행자,여,18세,중상
2013080400100057,2013년 8월 4일 05시,일요일,전라북도 전주시 완산구 서신동,경상사고,0,0,4,0,차대차 - 측면직각충돌,교차로운행방법위반,건조,맑음,교차로 - 교차로안,승용,남,31세,상해없음,승용,남,63세,경상
2013080400100086,2013년 8월 4일 08시,일요일,전라북도 전주시 완산구 서신동,경상사고,0,0,1,0,차대차 - 측면직각충돌,신호위반,건조,맑음,교차로 - 교차로안,승용,여,42세,상해없음,승합,남,54세,경상
2013080400100087,2013년 8월 4일 08시,일요일,전라북도 전주시 완산구 효자동1가,중상사고,0,1,4,0,차대차 - 측면직각충돌,신호위반,건조,맑음,교차로 - 교차로안,승용,남,49세,상해없음,승용,여,27세,중상
2013080400100130,2013년 8월 4일 10시,일요일,전라북도 전주시 완산구 효자동1가,경상사고,0,0,1,0,차대차 - 추돌 - 진행중,안전운전불이행,건조,맑음,교차로 - 교차로안,승용,여,45세,상해없음,승용,남,36세,경상
2013080400100131,2013년 8월 4일 10시,일요일,전라북도 부안군 변산면,중상사고,0,1,0,0,차대차 - 기타,안전운전불이행,건조,맑음,교차로 - 교차로부근,승용,여,29세,상해없음,원동기,남,62세,중상
2013080400100178,2013년 8월 4일 12시,일요일,전라북도 익산시 영등동,경상사고,0,0,3,0,차대차 - 추돌 - 진행중,안전거리미확보,건조,맑음,단일로 - 기타,승용,남,41세,상해없음,승용,남,42세,경상
2013080400100201,2013년 8월 4일 13시,일요일,전라북도 남원시 주생면,경상사고,0,0,1,0,차대차 - 기타,안전운전불이행,건조,맑음,단일로 - 기타,승용,여,19세,상해없음,승용,남,56세,상해없음
2013080400100232,2013년 8월 4일 14시,일요일,전라북도 전주시 완산구 다가동3가,경상사고,0,0,1,0,차대차 - 추돌 - 주정차중,안전거리미확보,습기,비,단일로 - 기타,승용,남,66세,상해없음,승용,여,46세,경상
2013080400100233,2013년 8월 4일 14시,일요일,전라북도 전주시 완산구 풍남동3가,경상사고,0,0,1,0,차대차 - 기타,안전거리미확보,습기,비,단일로 - 기타,화물,남,58세,상해없음,승용,여,34세,경상
2013080400100234,2013년 8월 4일 14시,일요일,전라북도 정읍시 농소동,경상사고,0,0,4,0,차대차 - 측면직각충돌,신호위반,건조,맑음,교차로 - 교차로안,승용,남,57세,상해없음,승용,여,29세,경상
2013080400100235,2013년 8월 4일 14시,일요일,전라북도 남원시 죽항동,경상사고,0,0,1,0,차대차 - 측면직각충돌,직진우회전진행방해,건조,맑음,교차로 - 교차로안,승용,남,44세,상해없음,원동기,남,43세,경상
2013080400100236,2013년 8월 4일 14시,일요일,전라북도 순창군 쌍치면,경상사고,0,0,1,0,차량단독 - 전도전복,안전운전불이행,습기,비,단일로 - 기타,화물,여,47세,상해없음,,,,
2013080400100264,2013년 8월 4일 15시,일요일,전라북도 전주시 덕진구 금암동,경상사고,0,0,1,0,차대사람 - 기타,안전운전불이행,기타,기타,단일로 - 기타,기타불명,기타불명,기타불명,기타불명,보행자,여,73세,경상
2013080400100265,2013년 8월 4일 15시,일요일,전라북도 부안군 변산면,경상사고,0,0,4,0,차대차 - 기타,중앙선침범,건조,맑음,단일로 - 기타,승용,남,53세,상해없음,승용,여,19세,경상
2013080400100300,2013년 8월 4일 16시,일요일,전라북도 전주시 완산구 중화산동2가,경상사고,0,0,2,0,차대차 - 기타,안전운전불이행,습기,비,기타 - 기타,승용,남,47세,상해없음,승용,남,29세,경상
2013080400100301,2013년 8월 4일 16시,일요일,전라북도 익산시 어양동,경상사고,0,0,1,0,차대차 - 기타,안전운전불이행,건조,맑음,기타 - 기타,승용,여,39세,상해없음,승용,남,42세,경상
2013080400100302,2013년 8월 4일 16시,일요일,전라북도 익산시 오산면,중상사고,0,4,1,0,차량단독 - 기타,안전운전불이행,건조,맑음,단일로 - 기타,승용,남,48세,상해없음,,,,
2013080400100303,2013년 8월 4일 16시,일요일,전라북도 남원시 아영면,중상사고,0,1,4,0,차대차 - 기타,안전운전불이행,습기,비,단일로 - 기타,승용,남,38세,상해없음,승용,남,50세,경상
2013080400100356,2013년 8월 4일 18시,일요일,전라북도 전주시 완산구 중화산동1가,중상사고,0,1,0,0,차대차 - 기타,교차로운행방법위반,습기,비,교차로 - 교차로안,화물,남,32세,상해없음,자전거,남,22세,중상
2013080400100380,2013년 8월 4일 19시,일요일,전라북도 김제시 옥산동,중상사고,0,1,0,0,차대차 - 추돌 - 진행중,안전운전불이행,건조,맑음,단일로 - 기타,원동기,남,71세,상해없음,승합,남,30세,상해없음
2013080400100407,2013년 8월 4일 20시,일요일,전라북도 익산시 영등동,경상사고,0,0,1,0,차대차 - 기타,직진우회전진행방해,습기,비,교차로 - 교차로안,승용,남,39세,상해없음,이륜,남,36세,경상
2013080400100429,2013년 8월 4일 21시,일요일,전라북도 전주시 완산구 용복동,경상사고,0,0,1,0,차대차 - 기타,신호위반,습기,흐림,교차로 - 교차로안,화물,남,55세,상해없음,화물,남,25세,경상
2013080500100022,2013년 8월 5일 02시,월요일,전라북도 전주시 완산구 삼천동1가,경상사고,0,0,2,0,차대차 - 기타,신호위반,건조,맑음,교차로 - 교차로안,승용,남,42세,상해없음,승용,여,41세,경상
2013080500100038,2013년 8월 5일 05시,월요일,전라북도 진안군 진안읍,경상사고,0,0,1,0,차량단독 - 기타,안전운전불이행,건조,맑음,단일로 - 기타,승용,여,25세,경상,,,,
2013080500100086,2013년 8월 5일 08시,월요일,전라북도 전주시 덕진구 금암동,경상사고,0,0,1,0,차대차 - 추돌 - 진행중,안전거리미확보,건조,흐림,단일로 - 기타,승용,남,53세,상해없음,승용,여,49세,경상
2013080500100087,2013년 8월 5일 08시,월요일,전라북도 익산시 용안면,중상사고,0,1,0,0,차대사람 - 기타,안전운전불이행,건조,맑음,단일로 - 기타,화물,남,47세,상해없음,보행자,남,16세,중상
2013080500100088,2013년 8월 5일 08시,월요일,전라북도 정읍시 시기동,경상사고,0,0,1,0,차대차 - 추돌 - 주정차중,안전거리미확보,건조,맑음,단일로 - 기타,승용,여,44세,상해없음,승용,남,61세,경상
2013080500100089,2013년 8월 5일 08시,월요일,전라북도 김제시 성덕면,경상사고,0,0,3,0,차대차 - 측면직각충돌,직진우회전진행방해,건조,맑음,교차로 - 교차로안,승용,남,70세,상해없음,승합,남,43세,경상
2013080500100090,2013년 8월 5일 08시,월요일,전라북도 부안군 동진면,사망사고,1,1,0,0,차대차 - 기타,직진우회전진행방해,건조,맑음,교차로 - 교차로안,화물,남,48세,상해없음,원동기,남,73세,중상
2013080500100122,2013년 8월 5일 09시,월요일,전라북도 군산시 미장동,경상사고,0,0,1,0,차대차 - 측면직각충돌,안전운전불이행,건조,맑음,교차로 - 교차로부근,승용,남,58세,상해없음,자전거,여,18세,경상
2013080500100123,2013년 8월 5일 09시,월요일,전라북도 익산시 창인동1가,경상사고,0,0,1,0,차대사람 - 기타,안전운전불이행,건조,맑음,단일로 - 기타,승용,남,56세,상해없음,보행자,여,17세,경상
2013080500100124,2013년 8월 5일 09시,월요일,전라북도 익산시 모현동1가,경상사고,0,0,1,0,차대차 - 측면직각충돌,불법유턴,건조,맑음,단일로 - 기타,자전거,여,63세,경상,화물,남,39세,상해없음
2013080500100152,2013년 8월 5일 10시,월요일,전라북도 익산시 송학동,경상사고,0,0,1,0,차대차 - 측면직각충돌,안전운전불이행,건조,맑음,교차로 - 교차로안,승용,남,58세,상해없음,화물,남,42세,경상
2013080500100153,2013년 8월 5일 10시,월요일,전라북도 무주군 부남면,경상사고,0,0,1,0,차대차 - 기타,교차로운행방법위반,건조,맑음,교차로 - 교차로안,승용,남,30세,상해없음,화물,남,42세,경상
2013080500100188,2013년 8월 5일 11시,월요일,전라북도 전주시 완산구 평화동1가,경상사고,0,0,1,0,차대사람 - 기타,안전운전불이행,건조,맑음,단일로 - 기타,승합,남,28세,상해없음,보행자,남,65세,경상
2013080500100214,2013년 8월 5일 12시,월요일,전라북도 전주시 덕진구 인후동1가,경상사고,0,0,1,0,차대차 - 측면직각충돌,안전거리미확보,건조,흐림,교차로 - 교차로부근,승용,남,61세,상해없음,승용,여,35세,경상
2013080500100215,2013년 8월 5일 12시,월요일,전라북도 군산시 조촌동,경상사고,0,0,4,0,차대차 - 추돌 - 진행중,안전운전불이행,건조,맑음,단일로 - 기타,승용,남,64세,상해없음,승용,여,40세,경상
2013080500100248,2013년 8월 5일 13시,월요일,전라북도 군산시 옥산면,사망사고,1,0,0,0,차량단독 - 도로외이탈 - 추락,안전운전불이행,건조,맑음,단일로 - 기타,농기계,남,67세,사망,,,,
2013080500100287,2013년 8월 5일 14시,월요일,전라북도 전주시 완산구 효자동3가,중상사고,0,1,0,0,차대사람 - 횡단중,보행자보호의무위반,건조,맑음,단일로 - 기타,승용,남,62세,상해없음,보행자,남,9세,중상
2013080500100288,2013년 8월 5일 14시,월요일,전라북도 완주군 삼례읍,중상사고,0,2,4,0,차대차 - 추돌 - 주정차중,안전운전불이행,건조,맑음,교차로 - 교차로부근,화물,남,37세,상해없음,승용,남,40세,중상
2013080500100317,2013년 8월 5일 15시,월요일,전라북도 무주군 안성면,경상사고,0,0,4,0,차대차 - 추돌 - 주정차중,안전운전불이행,건조,맑음,교차로 - 교차로부근,승용,남,58세,상해없음,승합,남,32세,경상