사고번호,사고일시,요일,시군구,사고내용,사망자수,중상자수,경상자수,부상신고자수,사고유형,법규위반,노면상태,기상상태,도로형태,가해운전자 차종,가해운전자 성별,가해운전자 연령,가해운전자 상해정도,피해운전자 차종,피해운전자 성별,피해운전자 연령,피해운전자 상해정도
2013081900100557,2013년 8월 19일 20시,월요일,전라북도 무주군 무주읍,중상사고,0,1,0,0,차량단독 - 공작물충돌,기타,건조,맑음,단일로 - 기타,이륜,남,72세,중상,,,,
2013081900100596,2013년 8월 19일 21시,월요일,전라북도 전주시 덕진구 팔복동3가,사망사고,1,0,8,0,차대차 - 추돌 - 주정차중,안전운전불이행,건조,맑음,교차로 - 교차로부근,승용,여,30세,사망,승합,남,60세,상해없음
2013081900100597,2013년 8월 19일 21시,월요일,전라북도 완주군 삼례읍,경상사고,0,0,1,0,차대차 - 추돌 - 진행중,안전운전불이행,건조,맑음,교차로 - 교차로부근,승용,남,50세,상해없음,화물,남,37세,경상
2013082000100016,2013년 8월 20일 00시,화요일,전라북도 전주시 완산구 중화산동2가,경상사고,0,0,1,0,차대차 - 추돌 - 주정차중,안전운전불이행,건조,맑음,단일로 - 기타,승용,남,35세,상해없음,승용,남,61세,경상
2013082000100042,2013년 8월 20일 03시,화요일,전라북도 순창군 순창읍,중상사고,0,1,0,0,차대사람 - 기타,안전운전불이행,건조,맑음,단일로 - 기타,승용,남,45세,기타불명,보행자,남,49세,중상
2013082000100049,2013년 8월 20일 04시,화요일,전라북도 전주시 덕진구 금암동,중상사고,0,1,0,0,차대차 - 측면직각충돌,중앙선침범,건조,맑음,교차로 - 교차로안,승용,남,27세,상해없음,화물,남,62세,중상
2013082000100050,2013년 8월 20일 04시,화요일,전라북도 익산시 남중동,경상사고,0,0,1,0,차대사람 - 기타,안전운전불이행,건조,맑음,단일로 - 기타,승용,남,30세,상해없음,보행자,남,64세,경상
2013082000100083,2013년 8월 20일 07시,화요일,전라북도 전주시 완산구 서완산동1가,중상사고,0,1,0,0,차대사람 - 기타,안전운전불이행,건조,맑음,교차로 - 교차로안,승용,여,35세,상해없음,보행자,여,85세,중상
2013082000100084,2013년 8월 20일 07시,화요일,전라북도 군산시 경암동,경상사고,0,0,1,0,차대사람 - 기타,안전운전불이행,건조,맑음,교차로 - 교차로안,화물,남,68세,상해없음,보행자,남,30세,경상
2013082000100114,2013년 8월 20일 08시,화요일,전라북도 완주군 봉동읍,경상사고,0,0,2,0,차대차 - 기타,안전운전불이행,건조,맑음,교차로 - 교차로부근,화물,남,50세,상해없음,승용,남,29세,경상
2013082000100140,2013년 8월 20일 09시,화요일,전라북도 익산시 망성면,경상사고,0,0,1,0,차대사람 - 기타,안전운전불이행,건조,맑음,단일로 - 기타,승용,남,58세,상해없음,보행자,여,84세,경상
2013082000100141,2013년 8월 20일 09시,화요일,전라북도 정읍시 옹동면,중상사고,0,1,0,0,차대차 - 기타,안전운전불이행,건조,맑음,단일로 - 기타,화물,남,52세,상해없음,원동기,남,71세,중상
2013082000100211,2013년 8월 20일 11시,화요일,전라북도 전주시 덕진구 인후동1가,경상사고,0,0,1,0,차대차 - 추돌 - 주정차중,안전거리미확보,건조,맑음,교차로 - 교차로부근,승용,남,50세,상해없음,승용,여,50세,경상
2013082000100242,2013년 8월 20일 12시,화요일,전라북도 전주시 완산구 효자동3가,사망사고,1,0,1,0,차대차 - 측면직각충돌,신호위반,건조,맑음,교차로 - 교차로안,이륜,남,60세,사망,승합,남,54세,경상
2013082000100243,2013년 8월 20일 12시,화요일,전라북도 전주시 완산구 중화산동2가,경상사고,0,0,2,0,차대차 - 측면직각충돌,교차로운행방법위반,건조,맑음,교차로 - 교차로안,승용,남,50세,경상,승용,남,30세,상해없음
2013082000100244,2013년 8월 20일 12시,화요일,전라북도 군산시 오식도동,경상사고,0,0,2,0,차대차 - 추돌 - 진행중,안전운전불이행,건조,맑음,교차로 - 교차로부근,승합,남,67세,상해없음,승용,남,50세,경상
2013082000100260,2013년 8월 20일 13시,화요일,전라북도 전주시 완산구 효자동2가,경상사고,0,0,1,0,차대차 - 기타,안전운전불이행,건조,맑음,단일로 - 기타,승용,여,38세,상해없음,자전거,남,22세,경상
2013082000100261,2013년 8월 20일 13시,화요일,전라북도 정읍시 시기동,중상사고,0,1,0,0,차대차 - 측면직각충돌,신호위반,건조,맑음,교차로 - 교차로부근,승용,여,52세,상해없음,이륜,남,48세,중상
2013082000100262,2013년 8월 20일 13시,화요일,전라북도 부안군 계화면,경상사고,0,0,1,0,차대차 - 추돌 - 진행중,안전운전불이행,건조,맑음,단일로 - 기타,화물,남,43세,상해없음,이륜,남,58세,경상
2013082000100339,2013년 8월 20일 15시,화요일,전라북도 전주시 완산구 고사동,경상사고,0,0,5,0,차대차 - 측면직각충돌,교차로운행방법위반,건조,맑음,교차로 - 교차로안,승용,남,34세,경상,승용,남,55세,경상
2013082000100375,2013년 8월 20일 16시,화요일,전라북도 군산시 조촌동,경상사고,0,0,1,0,차대차 - 기타,안전운전불이행,건조,맑음,단일로 - 기타,승용,남,57세,상해없음,원동기,남,61세,경상
2013082000100376,2013년 8월 20일 16시,화요일,전라북도 익산시 마동,경상사고,0,0,1,0,차대차 - 기타,중앙선침범,건조,맑음,단일로 - 기타,승용,여,24세,상해없음,승용,여,28세,경상
2013082000100457,2013년 8월 20일 18시,화요일,전라북도 전주시 덕진구 우아동1가,경상사고,0,0,1,0,차대사람 - 횡단중,신호위반,건조,맑음,단일로 - 횡단보도상,승용,여,46세,기타불명,보행자,여,17세,경상
2013082000100458,2013년 8월 20일 18시,화요일,전라북도 군산시 나운동,경상사고,0,0,1,0,차대차 - 기타,안전운전불이행,건조,맑음,단일로 - 기타,이륜,남,19세,경상,승용,여,47세,상해없음
2013082000100459,2013년 8월 20일 18시,화요일,전라북도 익산시 부송동,부상신고사고,0,0,0,1,차대차 - 추돌 - 진행중,안전운전불이행,건조,맑음,단일로 - 기타,기타불명,기타불명,기타불명,기타불명,자전거,남,8세,부상신고
2013082000100460,2013년 8월 20일 18시,화요일,전라북도 완주군 봉동읍,경상사고,0,0,1,0,차대차 - 기타,신호위반,건조,맑음,교차로 - 교차로안,화물,남,32세,상해없음,승용,남,27세,경상
2013082000100525,2013년 8월 20일 20시,화요일,전라북도 정읍시 북면,중상사고,0,1,0,0,차대차 - 측면직각충돌,안전운전불이행,건조,맑음,단일로 - 기타,승용,남,42세,상해없음,이륜,남,18세,중상
2013082000100557,2013년 8월 20일 21시,화요일,전라북도 전주시 완산구 중화산동2가,경상사고,0,0,2,0,차대차 - 추돌 - 주정차중,안전운전불이행,건조,맑음,교차로 - 교차로부근,승용,남,38세,상해없음,승용,여,42세,경상
2013082000100592,2013년 8월 20일 22시,화요일,전라북도 전주시 완산구 삼천동1가,사망사고,1,0,0,0,차대사람 - 횡단중,안전운전불이행,건조,맑음,교차로 - 교차로부근,화물,남,51세,상해없음,보행자,여,86세,사망
2013082100100010,2013년 8월 21일 00시,수요일,전라북도 임실군 성수면,중상사고,0,1,0,0,차대차 - 기타,안전운전불이행,건조,맑음,단일로 - 기타,승용,남,38세,상해없음,승용,남,25세,중상
2013082100100043,2013년 8월 21일 02시,수요일,전라북도 완주군 봉동읍,중상사고,0,1,0,0,차량단독 - 공작물충돌,안전운전불이행,건조,맑음,단일로 - 기타,승합,남,31세,중상,,,,
2013082100100072,2013년 8월 21일 05시,수요일,전라북도 군산시 장미동,중상사고,0,1,0,0,차대차 - 측면직각충돌,중앙선침범,건조,맑음,단일로 - 기타,화물,남,57세,상해없음,자전거,남,74세,중상
2013082100100083,2013년 8월 21일 06시,수요일,전라북도 익산시 목천동,경상사고,0,0,1,0,차대차 - 측면직각충돌,안전운전불이행,건조,맑음,교차로 - 교차로안,승용,남,37세,상해없음,승용,남,47세,경상
2013082100100108,2013년 8월 21일 07시,수요일,전라북도 전주시 덕진구 덕진동1가,경상사고,0,0,1,0,차대차 - 측면직각충돌,안전운전불이행,건조,맑음,교차로 - 교차로부근,승용,남,45세,기타불명,자전거,여,63세,경상
2013082100100144,2013년 8월 21일 08시,수요일,전라북도 무주군 무주읍,경상사고,0,0,2,0,차대차 - 측면직각충돌,직진우회전진행방해,건조,맑음,교차로 - 교차로안,화물,남,63세,상해없음,승용,남,44세,경상
2013082100100206,2013년 8월 21일 10시,수요일,전라북도 전주시 완산구 효자동1가,경상사고,0,0,5,0,차대차 - 기타,안전거리미확보,건조,맑음,단일로 - 기타,승용,남,46세,상해없음,승용,남,52세,경상
2013082100100207,2013년 8월 21일 10시,수요일,전라북도 전주시 완산구 경원동3가,사망사고,1,0,0,0,차대사람 - 기타,안전운전불이행,건조,맑음,교차로 - 교차로안,승합,남,47세,상해없음,보행자,남,85세,사망
2013082100100235,2013년 8월 21일 11시,수요일,전라북도 전주시 덕진구 덕진동1가,경상사고,0,0,1,0,차대차 - 측면직각충돌,중앙선침범,건조,맑음,교차로 - 교차로부근,화물,남,71세,상해없음,승용,남,51세,경상
2013082100100236,2013년 8월 21일 11시,수요일,전라북도 익산시 마동,경상사고,0,0,2,0,차대차 - 기타,안전운전불이행,건조,맑음,단일로 - 기타,화물,남,67세,상해없음,화물,남,34세,경상
2013082100100296,2013년 8월 21일 13시,수요일,전라북도 전주시 덕진구 송천동1가,경상사고,0,0,1,0,차대차 - 정면충돌,중앙선침범,건조,맑음,단일로 - 기타,화물,남,39세,상해없음,승용,여,68세,경상
2013082100100331,2013년 8월 21일 14시,수요일,전라북도 전주시 덕진구 진북동,경상사고,0,0,1,0,차대차 - 정면충돌,중앙선침범,건조,맑음,교차로 - 교차로부근,승용,남,29세,상해없음,승합,남,44세,경상
2013082100100368,2013년 8월 21일 15시,수요일,전라북도 익산시 영등동,경상사고,0,0,1,0,차대사람 - 횡단중,기타,건조,맑음,단일로 - 기타,승용,여,43세,상해없음,보행자,남,8세,경상
2013082100100394,2013년 8월 21일 16시,수요일,전라북도 군산시 월명동,경상사고,0,0,1,0,차대차 - 측면직각충돌,직진우회전진행방해,건조,맑음,교차로 - 교차로안,승용,남,39세,상해없음,승용,남,46세,경상
2013082100100427,2013년 8월 21일 17시,수요일,전라북도 전주시 덕진구 덕진동1가,중상사고,0,1,0,0,차대차 - 기타,직진우회전진행방해,건조,맑음,교차로 - 교차로안,승용,남,47세,상해없음,원동기,남,56세,중상
2013082100100428,2013년 8월 21일 17시,수요일,전라북도 정읍시 용계동,경상사고,0,0,1,0,차대차 - 측면직각충돌,신호위반,건조,맑음,교차로 - 교차로안,승용,남,53세,상해없음,승용,여,48세,경상
2013082100100429,2013년 8월 21일 17시,수요일,전라북도 무주군 무주읍,중상사고,0,1,4,0,차대차 - 측면직각충돌,교차로운행방법위반,건조,맑음,교차로 - 교차로안,승용,여,47세,상해없음,승용,여,43세,중상
2013082100100469,2013년 8월 21일 18시,수요일,전라북도 전주시 덕진구 인후동1가,경상사고,0,0,1,0,차대차 - 측면직각충돌,안전운전불이행,건조,맑음,교차로 - 교차로안,승용,남,53세,상해없음,원동기,여,55세,경상
2013082100100470,2013년 8월 21일 18시,수요일,전라북도 무주군 무주읍,사망사고,1,1,0,0,차량단독 - 전도전복,안전운전불이행,건조,맑음,단일로 - 기타,화물,여,52세,사망,,,,
2013082100100497,2013년 8월 21일 19시,수요일,전라북도 김제시 용지면,사망사고,1,0,0,0,차량단독 - 도로외이탈 - 추락,안전운전불이행,건조,맑음,교차로 - 교차로부근,원동기,남,67세,사망,,,,
2013082100100498,2013년 8월 21일 19시,수요일,전라북도 완주군 고산면,중상사고,0,1,0,0,차대차 - 측면직각충돌,안전운전불이행,건조,맑음,단일로 - 기타,승용,남,52세,상해없음,원동기,여,57세,중상
2013082100100524,2013년 8월 21일 20시,수요일,전라북도 전주시 완산구 서신동,경상사고,0,0,1,0,차대차 - 추돌 - 주정차중,안전운전불이행,건조,맑음,단일로 - 기타,승용,남,51세,상해없음,승용,남,63세,경상
2013082100100525,2013년 8월 21일 20시,수요일,전라북도 익산시 인화동1가,경상사고,0,0,1,0,차대차 - 추돌 - 주정차중,안전운전불이행,건조,맑음,단일로 - 기타,승용,기타불명,기타불명,기타불명,승용,기타불명,기타불명,기타불명
2013082100100526,2013년 8월 21일 20시,수요일,전라북도 완주군 삼례읍,경상사고,0,0,2,0,차대사람 - 기타,안전운전불이행,건조,맑음,교차로 - 교차로안,승용,여,43세,상해없음,보행자,남,32세,경상
2013082100100583,2013년 8월 21일 22시,수요일,전라북도 익산시 신동,경상사고,0,0,1,0,차대사람 - 기타,안전운전불이행,건조,맑음,교차로 - 교차로안,승용,남,42세,상해없음,보행자,남,28세,경상
2013082200100095,2013년 8월 22일 07시,목요일,전라북도 전주시 완산구 삼천동2가,중상사고,0,2,0,0,차대차 - 정면충돌,중앙선침범,건조,맑음,단일로 - 기타,승용,남,19세,중상,건설기계,남,39세,상해없음
2013082200100096,2013년 8월 22일 07시,목요일,전라북도 군산시 미룡동,경상사고,0,0,1,0,차대차 - 기타,안전거리미확보,건조,맑음,교차로 - 교차로부근,승합,남,62세,상해없음,승용,남,61세,경상
2013082200100097,2013년 8월 22일 07시,목요일,전라북도 임실군 덕치면,경상사고,0,0,1,1,차대차 - 측면직각충돌,교차로운행방법위반,건조,맑음,교차로 - 교차로안,이륜,남,73세,부상신고,승용,남,50세,상해없음
2013082200100123,2013년 8월 22일 08시,목요일,전라북도 부안군 주산면,중상사고,0,1,0,0,차대차 - 정면충돌,기타,건조,맑음,교차로 - 교차로안,건설기계,남,39세,상해없음,이륜,남,32세,중상
2013082200100157,2013년 8월 22일 09시,목요일,전라북도 익산시 부송동,경상사고,0,0,1,0,차대사람 - 횡단중,안전운전불이행,건조,맑음,교차로 - 교차로부근,승용,남,74세,상해없음,보행자,여,73세,경상
2013082200100186,2013년 8월 22일 10시,목요일,전라북도 군산시 옥산면,경상사고,0,0,1,0,차대차 - 정면충돌,중앙선침범,건조,맑음,교차로 - 교차로부근,승용,여,60세,상해없음,화물,남,51세,경상
2013082200100241,2013년 8월 22일 12시,목요일,전라북도 전주시 완산구 효자동3가,경상사고,0,0,1,0,차대차 - 추돌 - 주정차중,안전운전불이행,건조,맑음,단일로 - 기타,승용,남,46세,상해없음,승용,여,45세,경상
2013082200100242,2013년 8월 22일 12시,목요일,전라북도 전주시 완산구 경원동1가,경상사고,0,0,1,0,차대차 - 추돌 - 주정차중,안전운전불이행,습기,비,교차로 - 교차로부근,승용,남,42세,상해없음,화물,남,57세,경상
2013082200100243,2013년 8월 22일 12시,목요일,전라북도 전주시 덕진구 송천동2가,경상사고,0,0,1,0,차대차 - 기타,신호위반,습기,비,교차로 - 교차로안,승용,여,38세,상해없음,승용,남,39세,경상
2013082200100244,2013년 8월 22일 12시,목요일,전라북도 부안군 행안면,중상사고,0,1,2,1,차대차 - 측면직각충돌,직진우회전진행방해,습기,비,교차로 - 교차로안,화물,남,73세,부상신고,승용,남,19세,경상
2013082200100300,2013년 8월 22일 14시,목요일,전라북도 남원시 도통동,경상사고,0,0,1,0,차대차 - 측면직각충돌,중앙선침범,건조,맑음,교차로 - 교차로부근,자전거,남,18세,경상,승용,남,43세,상해없음
2013082200100301,2013년 8월 22일 14시,목요일,전라북도 완주군 삼례읍,사망사고,1,10,7,0,차량단독 - 전도전복,안전운전불이행,건조,맑음,교차로 - 교차로안,화물,남,25세,상해없음,,,,
2013082200100333,2013년 8월 22일 15시,목요일,전라북도 군산시 조촌동,중상사고,0,1,0,0,차대사람 - 기타,보행자보호의무위반,건조,맑음,단일로 - 기타,승용,여,45세,상해없음,보행자,남,8세,중상
2013082200100359,2013년 8월 22일 16시,목요일,전라북도 전주시 완산구 효자동2가,경상사고,0,0,1,0,차대차 - 측면직각충돌,안전운전불이행,습기,비,교차로 - 교차로부근,자전거,남,24세,경상,승용,남,74세,상해없음
2013082200100360,2013년 8월 22일 16시,목요일,전라북도 군산시 선양동,중상사고,0,1,0,0,차대사람 - 횡단중,안전운전불이행,건조,맑음,단일로 - 기타,승용,여,26세,상해없음,보행자,여,93세,중상
2013082200100390,2013년 8월 22일 17시,목요일,전라북도 전주시 완산구 삼천동1가,경상사고,0,0,1,0,차대차 - 기타,교차로운행방법위반,건조,흐림,교차로 - 교차로안,승용,여,45세,상해없음,승용,여,49세,경상
2013082200100391,2013년 8월 22일 17시,목요일,전라북도 익산시 영등동,경상사고,0,0,1,0,차대사람 - 기타,보행자보호의무위반,습기,비,교차로 - 교차로안,승용,남,63세,상해없음,보행자,여,13세,경상
2013082200100424,2013년 8월 22일 18시,목요일,전라북도 익산시 금강동,중상사고,0,1,1,0,차대차 - 정면충돌,안전운전불이행,습기,비,교차로 - 교차로부근,기타불명,기타불명,기타불명,기타불명,승합,남,27세,상해없음
2013082200100507,2013년 8월 22일 20시,목요일,전라북도 전주시 완산구 서신동,경상사고,0,0,1,0,차대사람 - 기타,보행자보호의무위반,건조,맑음,단일로 - 횡단보도상,승합,남,61세,상해없음,보행자,여,42세,경상
2013082200100542,2013년 8월 22일 21시,목요일,전라북도 전주시 완산구 평화동1가,중상사고,0,1,0,0,차대사람 - 기타,안전운전불이행,건조,맑음,단일로 - 기타,원동기,남,17세,상해없음,보행자,남,64세,중상
2013082200100543,2013년 8월 22일 21시,목요일,전라북도 전주시 완산구 삼천동1가,경상사고,0,0,1,0,차대사람 - 기타,안전운전불이행,건조,맑음,단일로 - 기타,승용,남,30세,상해없음,보행자,남,62세,경상
2013082200100544,2013년 8월 22일 21시,목요일,전라북도 군산시 수송동,경상사고,0,0,1,0,차대차 - 추돌 - 진행중,안전운전불이행,건조,맑음,교차로 - 교차로부근,승용,남,38세,상해없음,승용,여,54세,경상
2013082200100545,2013년 8월 22일 21시,목요일,전라북도 익산시 남중동,경상사고,0,0,1,0,차대차 - 추돌 - 진행중,안전운전불이행,건조,흐림,교차로 - 교차로부근,승용,남,47세,상해없음,승용,여,41세,경상
2013082200100614,2013년 8월 22일 23시,목요일,전라북도 정읍시 수성동,경상사고,0,0,1,0,차대차 - 측면직각충돌,신호위반,건조,맑음,교차로 - 교차로안,승용,남,35세,상해없음,승용,남,46세,경상
2013082300100032,2013년 8월 23일 01시,금요일,전라북도 군산시 중앙로3가,경상사고,0,0,1,0,차대차 - 측면직각충돌,안전운전불이행,건조,맑음,교차로 - 교차로안,승용,남,49세,상해없음,승용,남,58세,상해없음
2013082300100050,2013년 8월 23일 02시,금요일,전라북도 전주시 완산구 효자동3가,경상사고,0,0,1,0,차대차 - 기타,신호위반,건조,맑음,교차로 - 교차로안,승용,남,26세,상해없음,승용,여,38세,경상
2013082300100080,2013년 8월 23일 04시,금요일,전라북도 전주시 덕진구 송천동2가,사망사고,1,0,0,0,차대사람 - 차도통행중,안전운전불이행,건조,맑음,단일로 - 횡단보도부근,승용,남,61세,상해없음,보행자,남,31세,사망
2013082300100148,2013년 8월 23일 07시,금요일,전라북도 군산시 비응도동,중상사고,0,2,2,0,차대차 - 정면충돌,중앙선침범,습기,비,단일로 - 기타,승용,남,43세,경상,승용,남,42세,중상
2013082300100149,2013년 8월 23일 07시,금요일,전라북도 익산시 모현동1가,중상사고,0,1,0,0,차대차 - 측면직각충돌,안전운전불이행,건조,맑음,교차로 - 교차로안,승용,남,60세,상해없음,자전거,여,26세,중상
2013082300100181,2013년 8월 23일 08시,금요일,전라북도 익산시 신동,중상사고,0,1,0,0,차대사람 - 횡단중,안전운전불이행,습기,비,단일로 - 기타,승용,여,25세,상해없음,보행자,여,74세,중상
2013082300100182,2013년 8월 23일 08시,금요일,전라북도 익산시 모현동1가,경상사고,0,0,2,0,차대차 - 측면직각충돌,신호위반,습기,비,교차로 - 교차로안,승용,남,51세,상해없음,승용,남,40세,경상
2013082300100216,2013년 8월 23일 09시,금요일,전라북도 전주시 완산구 용복동,사망사고,1,0,0,0,차량단독 - 공작물충돌,안전운전불이행,습기,비,단일로 - 기타,승용,남,43세,사망,,,,
2013082300100217,2013년 8월 23일 09시,금요일,전라북도 남원시 대산면,중상사고,0,1,0,0,차대차 - 추돌 - 주정차중,안전운전불이행,습기,비,단일로 - 기타,승용,남,59세,상해없음,자전거,여,66세,중상
2013082300100218,2013년 8월 23일 09시,금요일,전라북도 군산시 성산면,경상사고,0,0,1,0,차대차 - 측면직각충돌,안전운전불이행,습기,비,단일로 - 기타,승용,남,51세,상해없음,특수,남,46세,경상
2013082300100243,2013년 8월 23일 10시,금요일,전라북도 전주시 완산구 효자동2가,경상사고,0,0,3,0,차대차 - 측면직각충돌,안전거리미확보,습기,비,단일로 - 기타,승용,여,68세,경상,화물,남,35세,경상
2013082300100260,2013년 8월 23일 11시,금요일,전라북도 전주시 덕진구 팔복동2가,경상사고,0,0,1,0,차대차 - 추돌 - 진행중,안전거리미확보,습기,비,단일로 - 기타,승합,남,57세,상해없음,승용,여,66세,경상
2013082300100261,2013년 8월 23일 11시,금요일,전라북도 익산시 금마면,경상사고,0,0,1,0,차대차 - 추돌 - 진행중,안전거리미확보,건조,맑음,교차로 - 교차로부근,화물,남,40세,상해없음,승용,여,38세,경상
2013082300100283,2013년 8월 23일 12시,금요일,전라북도 정읍시 고부면,경상사고,0,0,1,0,차대차 - 측면직각충돌,중앙선침범,기타,비,단일로 - 기타,승용,남,34세,상해없음,승용,남,69세,경상
2013082300100312,2013년 8월 23일 13시,금요일,전라북도 전주시 완산구 서신동,경상사고,0,0,1,0,차대차 - 기타,안전운전불이행,습기,비,교차로 - 교차로부근,원동기,남,34세,경상,승용,여,55세,상해없음
2013082300100340,2013년 8월 23일 14시,금요일,전라북도 전주시 완산구 삼천동3가,경상사고,0,0,1,0,차대차 - 기타,안전운전불이행,습기,흐림,교차로 - 교차로부근,승용,여,53세,상해없음,승용,여,56세,상해없음
2013082300100341,2013년 8월 23일 14시,금요일,전라북도 익산시 어양동,경상사고,0,0,1,0,차대차 - 측면직각충돌,직진우회전진행방해,습기,흐림,교차로 - 교차로안,승용,남,34세,상해없음,승용,남,47세,경상
2013082300100342,2013년 8월 23일 14시,금요일,전라북도 김제시 요촌동,경상사고,0,0,1,0,차대차 - 측면직각충돌,교차로운행방법위반,습기,비,교차로 - 교차로안,승용,남,42세,상해없음,승용,여,25세,경상
2013082300100369,2013년 8월 23일 15시,금요일,전라북도 전주시 완산구 평화동2가,중상사고,0,1,2,0,차대사람 - 기타,안전운전불이행,습기,비,단일로 - 기타,원동기,남,19세,경상,보행자,여,31세,중상
2013082300100370,2013년 8월 23일 15시,금요일,전라북도 군산시 미장동,경상사고,0,0,1,0,차대차 - 측면직각충돌,신호위반,습기,비,교차로 - 교차로안,승용,여,36세,상해없음,승용,남,66세,경상
2013082300100371,2013년 8월 23일 15시,금요일,전라북도 익산시 모현동1가,경상사고,0,0,1,0,차대차 - 추돌 - 진행중,안전거리미확보,습기,비,단일로 - 기타,승용,남,28세,상해없음,승용,여,44세,경상
2013082300100403,2013년 8월 23일 16시,금요일,전라북도 전주시 완산구 삼천동1가,경상사고,0,0,2,0,차대차 - 측면직각충돌,안전운전불이행,습기,비,교차로 - 교차로안,승용,남,32세,상해없음,승용,남,30세,경상
2013082300100404,2013년 8월 23일 16시,금요일,전라북도 전주시 덕진구 산정동,경상사고,0,0,4,0,차대차 - 측면직각충돌,불법유턴,습기,비,단일로 - 기타,승용,남,32세,상해없음,승용,남,40세,경상
2013082300100405,2013년 8월 23일 16시,금요일,전라북도 전주시 덕진구 인후동1가,경상사고,0,0,1,0,차대사람 - 보도통행중,기타,습기,흐림,단일로 - 기타,화물,남,54세,상해없음,보행자,여,64세,경상
2013082300100406,2013년 8월 23일 16시,금요일,전라북도 부안군 부안읍,경상사고,0,0,3,0,차대차 - 측면직각충돌,안전운전불이행,습기,비,단일로 - 기타,승용,여,34세,상해없음,승용,남,57세,경상
2013082300100433,2013년 8월 23일 17시,금요일,전라북도 전주시 완산구 삼천동1가,경상사고,0,0,1,0,차대차 - 측면직각충돌,안전운전불이행,습기,비,교차로 - 교차로부근,원동기,남,18세,경상,승용,남,35세,상해없음
2013082300100434,2013년 8월 23일 17시,금요일,전라북도 완주군 경천면,중상사고,0,1,0,0,차대차 - 측면직각충돌,중앙선침범,습기,비,단일로 - 기타,승용,남,28세,상해없음,승용,남,46세,중상
2013082300100473,2013년 8월 23일 18시,금요일,전라북도 군산시 사정동,경상사고,0,0,2,0,차대차 - 측면직각충돌,신호위반,습기,비,교차로 - 교차로안,화물,남,47세,상해없음,승용,여,43세,경상
2013082300100474,2013년 8월 23일 18시,금요일,전라북도 군산시 나운동,중상사고,0,1,0,0,차대사람 - 횡단중,보행자보호의무위반,습기,비,교차로 - 교차로안,승용,여,49세,상해없음,보행자,남,66세,중상
2013082300100475,2013년 8월 23일 18시,금요일,전라북도 익산시 동산동,경상사고,0,0,2,0,차대차 - 측면직각충돌,직진우회전진행방해,습기,비,교차로 - 교차로안,승용,남,57세,상해없음,승용,남,51세,경상
2013082300100476,2013년 8월 23일 18시,금요일,전라북도 부안군 계화면,중상사고,0,1,0,0,차대차 - 측면직각충돌,교차로운행방법위반,습기,비,교차로 - 교차로안,승합,남,45세,상해없음,이륜,남,75세,중상
2013082300100557,2013년 8월 23일 20시,금요일,전라북도 전주시 완산구 서신동,경상사고,0,0,1,0,차대차 - 추돌 - 주정차중,안전운전불이행,습기,비,단일로 - 기타,승용,남,55세,상해없음,승용,남,41세,경상
2013082300100558,2013년 8월 23일 20시,금요일,전라북도 정읍시 수성동,경상사고,0,0,1,0,차대사람 - 횡단중,보행자보호의무위반,습기,비,교차로 - 교차로안,승용,여,23세,상해없음,보행자,남,54세,경상
2013082300100594,2013년 8월 23일 21시,금요일,전라북도 전주시 완산구 효자동2가,경상사고,0,0,2,0,차대차 - 추돌 - 주정차중,안전운전불이행,습기,비,교차로 - 교차로부근,승용,남,39세,상해없음,승용,여,24세,경상
2013082300100668,2013년 8월 23일 23시,금요일,전라북도 전주시 완산구 서신동,중상사고,0,1,0,0,차대사람 - 횡단중,안전운전불이행,습기,비,단일로 - 기타,승용,남,33세,상해없음,보행자,남,55세,중상
2013082300100669,2013년 8월 23일 23시,금요일,전라북도 군산시 산북동,경상사고,0,0,1,0,차대차 - 측면직각충돌,직진우회전진행방해,습기,흐림,교차로 - 교차로안,승용,남,51세,상해없음,승용,남,32세,상해없음
2013082400100079,2013년 8월 24일 02시,토요일,전라북도 전주시 완산구 효자동3가,경상사고,0,0,1,0,차대사람 - 기타,안전운전불이행,습기,비,기타 - 기타,승용,남,22세,상해없음,보행자,남,17세,경상
2013082400100080,2013년 8월 24일 02시,토요일,전라북도 군산시 조촌동,경상사고,0,0,2,0,차대차 - 측면직각충돌,직진우회전진행방해,습기,흐림,교차로 - 교차로안,화물,남,27세,상해없음,화물,남,35세,경상
2013082400100214,2013년 8월 24일 09시,토요일,전라북도 전주시 완산구 효자동3가,중상사고,0,1,1,0,차대차 - 기타,안전운전불이행,습기,비,교차로 - 교차로안,승용,남,54세,상해없음,승용,남,52세,중상
2013082400100215,2013년 8월 24일 09시,토요일,전라북도 군산시 옥산면,경상사고,0,0,2,0,차대차 - 측면직각충돌,교차로운행방법위반,습기,비,교차로 - 교차로안,화물,남,38세,상해없음,화물,남,66세,경상
2013082400100246,2013년 8월 24일 10시,토요일,전라북도 김제시 만경읍,경상사고,0,0,1,0,차대차 - 기타,차로위반,건조,맑음,단일로 - 기타,화물,남,54세,상해없음,승합,남,40세,경상
2013082400100329,2013년 8월 24일 12시,토요일,전라북도 전주시 완산구 동완산동,경상사고,0,0,1,0,차대차 - 기타,불법유턴,습기,비,단일로 - 기타,승용,남,24세,상해없음,승용,남,55세,경상
2013082400100330,2013년 8월 24일 12시,토요일,전라북도 완주군 봉동읍,경상사고,0,0,2,0,차대차 - 측면직각충돌,교차로운행방법위반,습기,흐림,교차로 - 교차로안,화물,남,60세,상해없음,승용,남,25세,경상