사고번호,사고일시,요일,시군구,사고내용,사망자수,중상자수,경상자수,부상신고자수,사고유형,법규위반,노면상태,기상상태,도로형태,가해운전자 차종,가해운전자 성별,가해운전자 연령,가해운전자 상해정도,피해운전자 차종,피해운전자 성별,피해운전자 연령,피해운전자 상해정도
2013082400100364,2013년 8월 24일 13시,토요일,전라북도 전주시 완산구 중화산동1가,경상사고,0,0,1,0,차대차 - 기타,안전운전불이행,습기,흐림,단일로 - 기타,승용,남,54세,상해없음,화물,남,47세,경상
2013082400100365,2013년 8월 24일 13시,토요일,전라북도 익산시 신용동,중상사고,0,1,0,0,차대차 - 측면직각충돌,안전운전불이행,건조,맑음,교차로 - 교차로안,승용,남,55세,상해없음,원동기,남,80세,중상
2013082400100366,2013년 8월 24일 13시,토요일,전라북도 부안군 변산면,중상사고,0,1,0,0,차대사람 - 기타,안전운전불이행,건조,흐림,단일로 - 기타,승용,여,41세,상해없음,보행자,남,6세,중상
2013082400100367,2013년 8월 24일 13시,토요일,전라북도 완주군 고산면,경상사고,0,0,3,0,차대차 - 정면충돌,중앙선침범,건조,맑음,단일로 - 기타,승용,여,31세,경상,승용,여,45세,경상
2013082400100406,2013년 8월 24일 14시,토요일,전라북도 부안군 변산면,경상사고,0,0,1,0,차대차 - 정면충돌,중앙선침범,습기,비,교차로 - 교차로부근,승용,남,22세,상해없음,화물,남,37세,경상
2013082400100439,2013년 8월 24일 15시,토요일,전라북도 전주시 덕진구 금암동,경상사고,0,0,2,0,차대차 - 측면직각충돌,안전운전불이행,습기,비,교차로 - 교차로부근,승용,여,36세,경상,승용,남,52세,경상
2013082400100473,2013년 8월 24일 16시,토요일,전라북도 부안군 행안면,경상사고,0,0,4,1,차대차 - 측면직각충돌,직진우회전진행방해,습기,비,교차로 - 교차로안,승용,남,59세,부상신고,승용,여,53세,경상
2013082400100505,2013년 8월 24일 17시,토요일,전라북도 군산시 나운동,경상사고,0,0,1,0,차대차 - 기타,신호위반,건조,맑음,교차로 - 교차로안,승용,기타불명,기타불명,기타불명,승용,남,65세,상해없음
2013082400100561,2013년 8월 24일 18시,토요일,전라북도 전주시 덕진구 인후동1가,경상사고,0,0,3,0,차대차 - 측면직각충돌,안전운전불이행,건조,맑음,교차로 - 교차로안,승용,남,71세,상해없음,승용,남,39세,경상
2013082400100562,2013년 8월 24일 18시,토요일,전라북도 부안군 동진면,중상사고,0,1,2,0,차대차 - 측면직각충돌,안전운전불이행,건조,맑음,교차로 - 교차로안,승용,남,44세,상해없음,승용,남,49세,경상
2013082400100600,2013년 8월 24일 19시,토요일,전라북도 전주시 덕진구 동산동,중상사고,0,1,0,0,차대차 - 측면직각충돌,안전운전불이행,건조,맑음,교차로 - 교차로부근,승용,남,39세,상해없음,이륜,남,16세,중상
2013082400100601,2013년 8월 24일 19시,토요일,전라북도 김제시 용지면,경상사고,0,0,2,0,차대차 - 추돌 - 주정차중,안전운전불이행,습기,비,단일로 - 기타,승용,남,49세,상해없음,승용,여,54세,경상
2013082400100641,2013년 8월 24일 20시,토요일,전라북도 전주시 완산구 효자동1가,경상사고,0,0,1,0,차대사람 - 기타,안전운전불이행,습기,비,단일로 - 기타,승용,남,62세,상해없음,보행자,여,47세,경상
2013082400100680,2013년 8월 24일 21시,토요일,전라북도 전주시 덕진구 인후동1가,경상사고,0,0,1,0,차대차 - 측면직각충돌,신호위반,건조,맑음,교차로 - 교차로안,이륜,남,23세,경상,승용,남,57세,상해없음
2013082400100681,2013년 8월 24일 21시,토요일,전라북도 익산시 신동,중상사고,0,1,0,0,차대차 - 측면직각충돌,안전운전불이행,건조,맑음,단일로 - 기타,승용,여,42세,상해없음,원동기,남,19세,중상
2013082400100716,2013년 8월 24일 22시,토요일,전라북도 전주시 덕진구 고랑동,경상사고,0,0,6,0,차대차 - 추돌 - 주정차중,안전운전불이행,건조,맑음,교차로 - 교차로부근,승용,남,34세,상해없음,승용,남,48세,경상
2013082500100029,2013년 8월 25일 01시,일요일,전라북도 전주시 덕진구 송천동1가,경상사고,0,0,1,0,차대차 - 추돌 - 진행중,안전운전불이행,건조,맑음,교차로 - 교차로부근,승용,여,43세,상해없음,자전거,남,15세,경상
2013082500100076,2013년 8월 25일 04시,일요일,전라북도 전주시 완산구 중화산동2가,경상사고,0,0,1,0,차대차 - 기타,안전운전불이행,습기,흐림,교차로 - 교차로부근,승용,남,26세,경상,승용,남,32세,기타불명
2013082500100117,2013년 8월 25일 07시,일요일,전라북도 익산시 모현동1가,경상사고,0,0,1,0,차대차 - 측면직각충돌,안전운전불이행,건조,맑음,단일로 - 기타,승용,남,46세,상해없음,화물,남,53세,경상
2013082500100140,2013년 8월 25일 09시,일요일,전라북도 전주시 덕진구 진북동,경상사고,0,0,2,0,차대차 - 측면직각충돌,안전운전불이행,건조,맑음,교차로 - 교차로부근,화물,남,59세,상해없음,승용,남,29세,경상
2013082500100167,2013년 8월 25일 10시,일요일,전라북도 고창군 흥덕면,중상사고,0,1,5,1,차대차 - 측면직각충돌,신호위반,건조,맑음,교차로 - 교차로안,화물,남,60세,부상신고,승용,남,52세,경상
2013082500100250,2013년 8월 25일 13시,일요일,전라북도 익산시 어양동,중상사고,0,1,0,0,차대사람 - 횡단중,안전운전불이행,건조,맑음,교차로 - 교차로부근,승용,여,38세,기타불명,보행자,남,15세,중상
2013082500100251,2013년 8월 25일 13시,일요일,전라북도 익산시 모현동1가,중상사고,0,1,0,0,차대사람 - 횡단중,안전운전불이행,건조,맑음,단일로 - 기타,승용,남,52세,상해없음,보행자,여,6세,중상
2013082500100252,2013년 8월 25일 13시,일요일,전라북도 무주군 설천면,중상사고,0,1,0,0,차대사람 - 횡단중,안전운전불이행,건조,맑음,단일로 - 기타,승용,남,44세,상해없음,보행자,남,7세,중상
2013082500100282,2013년 8월 25일 14시,일요일,전라북도 완주군 용진면,경상사고,0,0,2,0,차대차 - 기타,안전거리미확보,건조,맑음,단일로 - 기타,승용,남,57세,상해없음,승합,여,42세,경상
2013082500100283,2013년 8월 25일 14시,일요일,전라북도 완주군 동상면,사망사고,1,0,0,0,차량단독 - 기타,안전운전불이행,건조,맑음,단일로 - 기타,자전거,남,73세,사망,,,,
2013082500100305,2013년 8월 25일 15시,일요일,전라북도 전주시 완산구 중노송동,중상사고,0,1,0,0,차대차 - 추돌 - 주정차중,안전운전불이행,건조,맑음,교차로 - 교차로부근,원동기,남,17세,상해없음,화물,남,58세,상해없음
2013082500100306,2013년 8월 25일 15시,일요일,전라북도 남원시 신촌동,경상사고,0,0,1,0,차대차 - 기타,직진우회전진행방해,건조,맑음,교차로 - 교차로안,승용,남,34세,상해없음,승용,남,44세,상해없음
2013082500100307,2013년 8월 25일 15시,일요일,전라북도 고창군 해리면,경상사고,0,0,1,0,차대차 - 측면직각충돌,직진우회전진행방해,건조,맑음,교차로 - 교차로안,원동기,여,40세,기타불명,승합,남,52세,상해없음
2013082500100338,2013년 8월 25일 16시,일요일,전라북도 전주시 완산구 효자동3가,경상사고,0,0,4,0,차대차 - 측면직각충돌,교차로운행방법위반,건조,맑음,교차로 - 교차로안,승용,남,36세,상해없음,승용,남,60세,경상
2013082500100381,2013년 8월 25일 17시,일요일,전라북도 익산시 인화동1가,경상사고,0,0,1,0,차대차 - 기타,직진우회전진행방해,건조,맑음,교차로 - 교차로부근,승용,남,58세,상해없음,승용,남,52세,경상
2013082500100382,2013년 8월 25일 17시,일요일,전라북도 남원시 사매면,경상사고,0,0,1,0,차량단독 - 전도전복,안전운전불이행,건조,맑음,단일로 - 기타,원동기,남,36세,경상,,,,
2013082500100431,2013년 8월 25일 19시,일요일,전라북도 임실군 관촌면,중상사고,0,1,0,0,차대사람 - 길가장자리구역통행중,안전운전불이행,건조,맑음,단일로 - 기타,승용,남,43세,상해없음,보행자,여,81세,중상
2013082500100453,2013년 8월 25일 20시,일요일,전라북도 전주시 완산구 색장동,경상사고,0,0,1,0,차대차 - 기타,안전운전불이행,건조,맑음,단일로 - 교량,승용,남,31세,상해없음,승용,남,60세,기타불명
2013082500100487,2013년 8월 25일 21시,일요일,전라북도 전주시 완산구 고사동,중상사고,0,1,1,0,차대차 - 기타,신호위반,건조,맑음,교차로 - 교차로안,승용,남,28세,상해없음,승합,남,40세,경상
2013082500100488,2013년 8월 25일 21시,일요일,전라북도 부안군 하서면,경상사고,0,0,1,0,차대차 - 측면직각충돌,중앙선침범,건조,맑음,단일로 - 기타,화물,남,59세,상해없음,승용,여,50세,경상
2013082500100507,2013년 8월 25일 22시,일요일,전라북도 익산시 마동,경상사고,0,0,1,0,차대사람 - 횡단중,안전운전불이행,건조,맑음,단일로 - 기타,승용,남,54세,상해없음,보행자,남,47세,경상
2013082600100004,2013년 8월 26일 00시,월요일,전라북도 전주시 완산구 평화동1가,경상사고,0,0,2,0,차대차 - 기타,안전운전불이행,건조,맑음,단일로 - 기타,승용,남,46세,상해없음,승용,남,33세,경상
2013082600100048,2013년 8월 26일 06시,월요일,전라북도 부안군 부안읍,경상사고,0,0,1,0,차량단독 - 기타,안전운전불이행,건조,맑음,단일로 - 기타,승용,남,35세,상해없음,,,,
2013082600100119,2013년 8월 26일 08시,월요일,전라북도 전주시 덕진구 금암동,중상사고,0,1,0,0,차대사람 - 횡단중,신호위반,건조,맑음,교차로 - 교차로안,화물,남,39세,상해없음,보행자,여,24세,중상
2013082600100120,2013년 8월 26일 08시,월요일,전라북도 부안군 상서면,중상사고,0,1,1,0,차대차 - 측면직각충돌,직진우회전진행방해,건조,맑음,교차로 - 교차로안,원동기,남,70세,중상,화물,남,56세,경상
2013082600100149,2013년 8월 26일 09시,월요일,전라북도 군산시 조촌동,경상사고,0,0,2,0,차대차 - 측면직각충돌,신호위반,건조,맑음,교차로 - 교차로안,승용,여,38세,기타불명,승용,남,39세,경상
2013082600100176,2013년 8월 26일 10시,월요일,전라북도 군산시 산북동,경상사고,0,0,1,0,차대사람 - 횡단중,안전운전불이행,건조,맑음,교차로 - 교차로안,화물,남,52세,상해없음,보행자,남,63세,경상
2013082600100200,2013년 8월 26일 11시,월요일,전라북도 전주시 덕진구 여의동,경상사고,0,0,1,0,차대차 - 기타,안전운전불이행,건조,맑음,단일로 - 기타,건설기계,남,46세,상해없음,승합,남,56세,상해없음
2013082600100231,2013년 8월 26일 12시,월요일,전라북도 익산시 왕궁면,경상사고,0,0,1,0,차대차 - 측면직각충돌,신호위반,건조,맑음,교차로 - 교차로안,승용,남,29세,상해없음,승용,여,43세,경상
2013082600100267,2013년 8월 26일 13시,월요일,전라북도 전주시 완산구 효자동3가,중상사고,0,1,0,0,차대사람 - 기타,기타,건조,맑음,단일로 - 기타,승합,남,52세,상해없음,보행자,여,19세,중상
2013082600100268,2013년 8월 26일 13시,월요일,전라북도 군산시 대야면,경상사고,0,0,1,0,차대차 - 측면직각충돌,중앙선침범,건조,맑음,교차로 - 교차로부근,승합,여,48세,상해없음,승용,여,50세,경상
2013082600100306,2013년 8월 26일 14시,월요일,전라북도 군산시 소룡동,경상사고,0,0,3,0,차대차 - 측면직각충돌,안전운전불이행,건조,맑음,교차로 - 교차로안,승용,여,31세,상해없음,승용,남,62세,경상
2013082600100333,2013년 8월 26일 15시,월요일,전라북도 전주시 완산구 서신동,경상사고,0,0,1,0,차대차 - 기타,안전운전불이행,건조,맑음,단일로 - 기타,승용,남,21세,상해없음,승용,남,26세,경상
2013082600100334,2013년 8월 26일 15시,월요일,전라북도 익산시 신용동,경상사고,0,0,1,0,차대차 - 측면직각충돌,안전운전불이행,건조,맑음,단일로 - 기타,승용,남,20세,상해없음,승용,남,48세,경상
2013082600100373,2013년 8월 26일 16시,월요일,전라북도 군산시 임피면,경상사고,0,0,1,0,차량단독 - 전도전복,안전운전불이행,건조,맑음,교차로 - 교차로부근,이륜,남,63세,경상,,,,
2013082600100414,2013년 8월 26일 17시,월요일,전라북도 전주시 완산구 중화산동2가,중상사고,0,1,0,0,차대사람 - 기타,안전운전불이행,건조,맑음,교차로 - 교차로안,승용,남,38세,상해없음,보행자,남,34세,중상
2013082600100415,2013년 8월 26일 17시,월요일,전라북도 군산시 미룡동,경상사고,0,0,1,0,차대사람 - 횡단중,안전운전불이행,건조,맑음,단일로 - 기타,승용,남,45세,상해없음,보행자,남,12세,경상
2013082600100416,2013년 8월 26일 17시,월요일,전라북도 김제시 연정동,경상사고,0,0,3,0,차대차 - 추돌 - 진행중,안전거리미확보,건조,맑음,단일로 - 기타,승합,남,68세,상해없음,화물,남,45세,경상
2013082600100461,2013년 8월 26일 18시,월요일,전라북도 전주시 덕진구 인후동1가,경상사고,0,0,1,0,차대사람 - 횡단중,신호위반,건조,맑음,단일로 - 횡단보도상,승용,남,43세,상해없음,보행자,여,16세,경상
2013082600100462,2013년 8월 26일 18시,월요일,전라북도 군산시 오식도동,중상사고,0,1,0,0,차대차 - 측면직각충돌,직진우회전진행방해,건조,맑음,교차로 - 교차로안,승용,남,55세,상해없음,승용,남,29세,중상
2013082600100463,2013년 8월 26일 18시,월요일,전라북도 임실군 오수면,경상사고,0,0,2,0,차대사람 - 기타,안전운전불이행,건조,맑음,기타 - 기타,승용,여,50세,상해없음,보행자,여,59세,경상
2013082600100500,2013년 8월 26일 19시,월요일,전라북도 전주시 완산구 태평동,중상사고,0,1,0,0,차대사람 - 보도통행중,안전운전불이행,건조,맑음,단일로 - 기타,화물,남,70세,상해없음,보행자,여,72세,중상
2013082600100501,2013년 8월 26일 19시,월요일,전라북도 전주시 완산구 평화동1가,중상사고,0,1,0,0,차대사람 - 길가장자리구역통행중,안전운전불이행,건조,맑음,단일로 - 기타,승용,남,72세,상해없음,보행자,여,32세,중상
2013082600100502,2013년 8월 26일 19시,월요일,전라북도 군산시 지곡동,경상사고,0,0,2,0,차대차 - 측면직각충돌,차로위반,건조,맑음,단일로 - 기타,화물,남,65세,상해없음,승용,여,31세,경상
2013082600100503,2013년 8월 26일 19시,월요일,전라북도 군산시 장미동,경상사고,0,0,1,0,차대차 - 측면직각충돌,신호위반,건조,맑음,교차로 - 교차로안,화물,남,53세,상해없음,승용,남,65세,상해없음
2013082600100504,2013년 8월 26일 19시,월요일,전라북도 완주군 이서면,경상사고,0,0,1,0,차대차 - 기타,안전운전불이행,건조,맑음,단일로 - 기타,승용,남,40세,상해없음,승용,남,32세,경상
2013082600100541,2013년 8월 26일 20시,월요일,전라북도 전주시 덕진구 우아동3가,경상사고,0,0,3,0,차대차 - 측면직각충돌,신호위반,건조,맑음,교차로 - 교차로부근,승용,남,47세,상해없음,원동기,남,46세,경상
2013082600100542,2013년 8월 26일 20시,월요일,전라북도 정읍시 수성동,경상사고,0,0,1,0,차대차 - 측면직각충돌,직진우회전진행방해,건조,맑음,교차로 - 교차로안,승용,남,44세,상해없음,승용,남,21세,경상
2013082600100608,2013년 8월 26일 22시,월요일,전라북도 익산시 삼기면,중상사고,0,1,1,0,차대차 - 측면직각충돌,직진우회전진행방해,건조,맑음,교차로 - 교차로안,승용,여,34세,상해없음,승용,여,45세,중상
2013082600100621,2013년 8월 26일 23시,월요일,전라북도 군산시 미룡동,경상사고,0,0,1,0,차대차 - 측면직각충돌,신호위반,건조,맑음,교차로 - 교차로안,승용,남,33세,상해없음,화물,남,32세,경상
2013082700100010,2013년 8월 27일 00시,화요일,전라북도 전주시 완산구 서신동,경상사고,0,0,1,0,차대차 - 정면충돌,교차로운행방법위반,건조,맑음,교차로 - 교차로안,원동기,남,19세,상해없음,자전거,남,17세,경상
2013082700100049,2013년 8월 27일 03시,화요일,전라북도 익산시 영등동,경상사고,0,0,1,0,차대사람 - 기타,안전운전불이행,건조,맑음,단일로 - 기타,승용,남,20세,상해없음,보행자,여,33세,경상
2013082700100074,2013년 8월 27일 06시,화요일,전라북도 완주군 봉동읍,중상사고,0,1,0,0,차대차 - 측면직각충돌,신호위반,건조,맑음,교차로 - 교차로안,특수,남,52세,상해없음,승용,남,34세,중상
2013082700100090,2013년 8월 27일 07시,화요일,전라북도 익산시 임상동,경상사고,0,0,3,0,차대차 - 측면직각충돌,안전운전불이행,건조,맑음,단일로 - 기타,승용,여,43세,상해없음,승합,남,61세,경상
2013082700100091,2013년 8월 27일 07시,화요일,전라북도 익산시 송학동,경상사고,0,0,1,0,차대차 - 정면충돌,안전운전불이행,건조,맑음,교차로 - 교차로안,화물,남,51세,상해없음,승용,남,29세,경상
2013082700100092,2013년 8월 27일 07시,화요일,전라북도 순창군 순창읍,경상사고,0,0,1,0,차대사람 - 횡단중,보행자보호의무위반,건조,맑음,단일로 - 횡단보도상,화물,남,40세,상해없음,보행자,남,13세,경상
2013082700100125,2013년 8월 27일 08시,화요일,전라북도 전주시 완산구 서신동,중상사고,0,1,1,0,차대차 - 기타,신호위반,건조,맑음,교차로 - 교차로안,승용,여,54세,상해없음,승용,남,53세,중상
2013082700100126,2013년 8월 27일 08시,화요일,전라북도 익산시 함열읍,경상사고,0,0,1,0,차대차 - 측면직각충돌,직진우회전진행방해,건조,맑음,교차로 - 교차로안,화물,여,49세,상해없음,건설기계,남,35세,경상
2013082700100127,2013년 8월 27일 08시,화요일,전라북도 부안군 부안읍,경상사고,0,0,3,0,차대차 - 추돌 - 주정차중,안전운전불이행,건조,맑음,교차로 - 교차로부근,승용,여,27세,상해없음,승용,여,41세,경상
2013082700100165,2013년 8월 27일 09시,화요일,전라북도 정읍시 시기동,중상사고,0,1,0,0,차대사람 - 보도통행중,보행자보호의무위반,건조,맑음,교차로 - 교차로안,승용,남,61세,상해없음,보행자,여,67세,중상
2013082700100193,2013년 8월 27일 10시,화요일,전라북도 김제시 서암동,중상사고,0,1,0,0,차대차 - 추돌 - 진행중,안전운전불이행,건조,맑음,교차로 - 교차로안,승합,남,21세,상해없음,승용,여,35세,중상
2013082700100242,2013년 8월 27일 12시,화요일,전라북도 전주시 완산구 삼천동1가,경상사고,0,0,4,0,차대차 - 기타,신호위반,건조,맑음,교차로 - 교차로안,승용,남,57세,상해없음,승합,남,48세,경상
2013082700100293,2013년 8월 27일 14시,화요일,전라북도 정읍시 상동,경상사고,0,0,2,0,차대사람 - 보도통행중,보행자보호의무위반,건조,맑음,교차로 - 교차로안,승용,여,49세,상해없음,보행자,여,9세,경상
2013082700100311,2013년 8월 27일 15시,화요일,전라북도 익산시 남중동,중상사고,0,1,0,0,차대사람 - 보도통행중,보행자보호의무위반,건조,맑음,교차로 - 교차로안,승용,남,22세,상해없음,보행자,여,83세,중상
2013082700100312,2013년 8월 27일 15시,화요일,전라북도 부안군 변산면,경상사고,0,0,1,0,차량단독 - 기타,안전운전불이행,건조,맑음,단일로 - 기타,원동기,남,73세,경상,,,,
2013082700100369,2013년 8월 27일 17시,화요일,전라북도 전주시 덕진구 우아동3가,중상사고,0,1,0,0,차대사람 - 횡단중,보행자보호의무위반,건조,맑음,교차로 - 교차로부근,화물,남,56세,상해없음,보행자,남,63세,중상
2013082700100370,2013년 8월 27일 17시,화요일,전라북도 익산시 송학동,경상사고,0,0,3,0,차대차 - 측면직각충돌,직진우회전진행방해,건조,맑음,교차로 - 교차로안,승용,남,45세,기타불명,승용,여,48세,경상
2013082700100402,2013년 8월 27일 18시,화요일,전라북도 군산시 월명동,경상사고,0,0,1,0,차대차 - 측면직각충돌,불법유턴,습기,비,교차로 - 교차로안,승용,여,62세,경상,화물,남,34세,상해없음
2013082700100403,2013년 8월 27일 18시,화요일,전라북도 김제시 신풍동,경상사고,0,0,1,0,차대차 - 측면직각충돌,안전운전불이행,건조,맑음,단일로 - 기타,승용,남,28세,상해없음,원동기,여,61세,경상
2013082700100404,2013년 8월 27일 18시,화요일,전라북도 김제시 요촌동,중상사고,0,1,0,0,차대차 - 측면직각충돌,직진우회전진행방해,건조,맑음,교차로 - 교차로안,화물,남,59세,상해없음,원동기,여,53세,중상
2013082700100443,2013년 8월 27일 19시,화요일,전라북도 전주시 완산구 평화동1가,경상사고,0,0,3,0,차대차 - 기타,불법유턴,건조,맑음,교차로 - 교차로부근,승용,남,51세,상해없음,승용,여,31세,경상
2013082700100444,2013년 8월 27일 19시,화요일,전라북도 전주시 완산구 서신동,경상사고,0,0,2,0,차대차 - 기타,불법유턴,건조,맑음,교차로 - 교차로안,승용,여,55세,상해없음,승용,여,33세,경상
2013082700100445,2013년 8월 27일 19시,화요일,전라북도 전주시 덕진구 덕진동1가,중상사고,0,1,0,0,차대사람 - 횡단중,안전운전불이행,건조,맑음,단일로 - 기타,화물,남,39세,상해없음,보행자,남,75세,중상
2013082700100446,2013년 8월 27일 19시,화요일,전라북도 익산시 용제동,경상사고,0,0,1,0,차대차 - 측면직각충돌,안전거리미확보,건조,맑음,단일로 - 기타,승용,남,31세,상해없음,승용,여,33세,경상
2013082700100501,2013년 8월 27일 21시,화요일,전라북도 전주시 완산구 서신동,경상사고,0,0,1,0,차대차 - 기타,안전운전불이행,건조,맑음,교차로 - 교차로안,승용,남,60세,상해없음,승합,남,48세,상해없음
2013082700100502,2013년 8월 27일 21시,화요일,전라북도 익산시 어양동,경상사고,0,0,1,0,차대차 - 추돌 - 주정차중,안전운전불이행,건조,맑음,교차로 - 교차로부근,승용,남,42세,상해없음,승용,남,33세,경상
2013082700100523,2013년 8월 27일 22시,화요일,전라북도 전주시 완산구 중화산동2가,경상사고,0,0,1,0,차대차 - 추돌 - 주정차중,안전운전불이행,건조,맑음,단일로 - 기타,승용,남,23세,상해없음,승용,남,69세,경상
2013082700100524,2013년 8월 27일 22시,화요일,전라북도 전주시 덕진구 용정동,경상사고,0,0,2,0,차대차 - 추돌 - 진행중,안전거리미확보,건조,맑음,단일로 - 기타,승용,남,45세,상해없음,승용,여,49세,경상
2013082700100525,2013년 8월 27일 22시,화요일,전라북도 정읍시 상동,경상사고,0,0,1,0,차대차 - 측면직각충돌,불법유턴,건조,맑음,단일로 - 기타,승용,남,43세,상해없음,원동기,남,16세,경상
2013082700100542,2013년 8월 27일 23시,화요일,전라북도 전주시 덕진구 용정동,경상사고,0,0,2,0,차대차 - 추돌 - 진행중,안전거리미확보,건조,맑음,단일로 - 기타,승용,남,59세,상해없음,승용,남,25세,경상
2013082700100543,2013년 8월 27일 23시,화요일,전라북도 군산시 수송동,경상사고,0,0,1,0,차대사람 - 기타,기타,건조,맑음,교차로 - 교차로부근,승용,남,40세,상해없음,보행자,여,31세,경상
2013082800100042,2013년 8월 28일 04시,수요일,전라북도 전주시 완산구 전동,경상사고,0,0,1,0,차대사람 - 기타,안전운전불이행,건조,맑음,단일로 - 기타,승용,남,33세,상해없음,보행자,남,71세,경상
2013082800100085,2013년 8월 28일 07시,수요일,전라북도 김제시 금구면,경상사고,0,0,1,0,차대차 - 추돌 - 진행중,안전운전불이행,건조,맑음,단일로 - 기타,원동기,남,18세,상해없음,승용,남,52세,상해없음
2013082800100117,2013년 8월 28일 08시,수요일,전라북도 전주시 덕진구 팔복동1가,부상신고사고,0,0,0,1,차대사람 - 기타,안전운전불이행,건조,맑음,교차로 - 교차로부근,기타불명,기타불명,기타불명,기타불명,보행자,여,13세,부상신고
2013082800100118,2013년 8월 28일 08시,수요일,전라북도 고창군 고창읍,중상사고,0,1,0,0,차대차 - 측면직각충돌,직진우회전진행방해,건조,맑음,교차로 - 교차로안,화물,남,61세,상해없음,원동기,남,65세,중상
2013082800100119,2013년 8월 28일 08시,수요일,전라북도 완주군 용진면,경상사고,0,0,1,0,차대차 - 측면직각충돌,교차로운행방법위반,건조,맑음,교차로 - 교차로안,승용,여,38세,상해없음,화물,남,62세,상해없음
2013082800100155,2013년 8월 28일 09시,수요일,전라북도 전주시 완산구 효자동1가,경상사고,0,0,2,0,차대차 - 기타,안전운전불이행,건조,맑음,단일로 - 기타,승용,여,39세,상해없음,승용,여,40세,경상
2013082800100156,2013년 8월 28일 09시,수요일,전라북도 익산시 남중동,중상사고,0,1,0,0,차대차 - 측면직각충돌,직진우회전진행방해,건조,맑음,교차로 - 교차로안,승용,여,62세,상해없음,자전거,남,69세,중상
2013082800100175,2013년 8월 28일 10시,수요일,전라북도 전주시 덕진구 금암동,중상사고,0,1,0,0,차대차 - 정면충돌,신호위반,건조,맑음,단일로 - 횡단보도상,승용,여,37세,상해없음,자전거,여,67세,중상
2013082800100176,2013년 8월 28일 10시,수요일,전라북도 군산시 옥도면,경상사고,0,0,2,0,차대차 - 추돌 - 주정차중,안전운전불이행,건조,맑음,교차로 - 교차로부근,승용,남,28세,경상,승용,남,41세,경상
2013082800100203,2013년 8월 28일 11시,수요일,전라북도 익산시 부송동,경상사고,0,0,1,0,차대차 - 측면직각충돌,신호위반,건조,맑음,교차로 - 교차로안,승용,남,48세,상해없음,승용,남,56세,경상
2013082800100226,2013년 8월 28일 12시,수요일,전라북도 전주시 덕진구 호성동1가,경상사고,0,0,1,0,차대차 - 측면직각충돌,직진우회전진행방해,건조,맑음,교차로 - 교차로안,승용,여,43세,상해없음,승용,여,31세,경상
2013082800100258,2013년 8월 28일 13시,수요일,전라북도 부안군 진서면,중상사고,0,1,3,0,차대차 - 기타,중앙선침범,건조,맑음,교차로 - 교차로부근,승용,남,75세,중상,승용,여,37세,경상
2013082800100329,2013년 8월 28일 15시,수요일,전라북도 남원시 주생면,경상사고,0,0,1,0,차대차 - 측면직각충돌,직진우회전진행방해,건조,맑음,교차로 - 교차로안,원동기,여,42세,경상,승용,남,63세,상해없음
2013082800100330,2013년 8월 28일 15시,수요일,전라북도 장수군 천천면,중상사고,0,1,0,0,차대차 - 측면직각충돌,교차로운행방법위반,건조,맑음,교차로 - 교차로안,승용,남,34세,상해없음,이륜,남,66세,중상
2013082800100358,2013년 8월 28일 16시,수요일,전라북도 전주시 완산구 효자동3가,경상사고,0,0,1,0,차대차 - 기타,안전운전불이행,건조,맑음,단일로 - 기타,승용,남,67세,상해없음,승용,남,49세,경상
2013082800100359,2013년 8월 28일 16시,수요일,전라북도 군산시 서흥남동,경상사고,0,0,1,0,차대차 - 측면직각충돌,안전운전불이행,건조,맑음,단일로 - 기타,승용,여,41세,상해없음,자전거,남,70세,경상
2013082800100360,2013년 8월 28일 16시,수요일,전라북도 남원시 운봉읍,중상사고,0,1,0,0,차대사람 - 횡단중,안전운전불이행,건조,맑음,교차로 - 교차로안,화물,남,61세,상해없음,보행자,여,80세,중상
2013082800100427,2013년 8월 28일 18시,수요일,전라북도 전주시 완산구 평화동1가,중상사고,0,1,0,0,차대사람 - 기타,안전운전불이행,건조,맑음,단일로 - 기타,승용,남,69세,상해없음,보행자,여,17세,중상
2013082800100429,2013년 8월 28일 18시,수요일,전라북도 익산시 동산동,경상사고,0,0,1,0,차량단독 - 기타,안전운전불이행,건조,맑음,단일로 - 기타,승용,남,57세,상해없음,,,,
2013082800100430,2013년 8월 28일 18시,수요일,전라북도 김제시 부량면,경상사고,0,0,1,0,차대차 - 추돌 - 진행중,안전운전불이행,건조,맑음,단일로 - 교량,원동기,남,84세,경상,화물,남,50세,상해없음
2013082800100476,2013년 8월 28일 19시,수요일,전라북도 전주시 덕진구 팔복동1가,경상사고,0,0,1,0,차대차 - 추돌 - 주정차중,안전거리미확보,건조,맑음,단일로 - 교량,승용,남,50세,상해없음,승용,남,36세,상해없음
2013082800100477,2013년 8월 28일 19시,수요일,전라북도 익산시 삼기면,경상사고,0,0,2,0,차대차 - 기타,안전운전불이행,건조,맑음,교차로 - 교차로안,승용,남,52세,상해없음,승용,남,34세,경상
2013082800100478,2013년 8월 28일 19시,수요일,전라북도 익산시 영등동,중상사고,0,1,0,0,차대사람 - 횡단중,보행자보호의무위반,건조,맑음,교차로 - 교차로부근,승용,남,32세,상해없음,보행자,남,52세,중상
2013082800100479,2013년 8월 28일 19시,수요일,전라북도 완주군 동상면,경상사고,0,0,1,0,차대차 - 기타,안전운전불이행,건조,맑음,단일로 - 기타,승용,남,38세,상해없음,승용,남,69세,경상