사고번호,사고일시,요일,시군구,사고내용,사망자수,중상자수,경상자수,부상신고자수,사고유형,법규위반,노면상태,기상상태,도로형태,가해운전자 차종,가해운전자 성별,가해운전자 연령,가해운전자 상해정도,피해운전자 차종,피해운전자 성별,피해운전자 연령,피해운전자 상해정도
2013082800100520,2013년 8월 28일 20시,수요일,전라북도 익산시 금마면,중상사고,0,1,0,0,차대차 - 기타,안전운전불이행,건조,맑음,단일로 - 기타,자전거,기타불명,기타불명,기타불명,자전거,남,61세,중상
2013082800100521,2013년 8월 28일 20시,수요일,전라북도 익산시 영등동,경상사고,0,0,1,0,차대사람 - 기타,안전운전불이행,건조,맑음,교차로 - 교차로안,기타불명,기타불명,기타불명,기타불명,보행자,남,16세,경상
2013082800100550,2013년 8월 28일 21시,수요일,전라북도 남원시 신정동,중상사고,0,1,0,0,차대차 - 기타,안전운전불이행,건조,기타,단일로 - 기타,승용,남,52세,상해없음,자전거,남,70세,중상
2013082800100579,2013년 8월 28일 22시,수요일,전라북도 익산시 신동,중상사고,0,1,1,0,차대사람 - 횡단중,보행자보호의무위반,건조,맑음,단일로 - 횡단보도상,승용,여,56세,상해없음,보행자,여,34세,중상
2013082900100044,2013년 8월 29일 03시,목요일,전라북도 익산시 평화동,경상사고,0,0,1,0,차대차 - 기타,안전운전불이행,건조,맑음,교차로 - 교차로안,기타불명,기타불명,기타불명,기타불명,이륜,남,43세,경상
2013082900100053,2013년 8월 29일 04시,목요일,전라북도 전주시 덕진구 인후동1가,중상사고,0,1,0,0,차대사람 - 보도통행중,안전운전불이행,건조,맑음,단일로 - 기타,승용,남,31세,상해없음,보행자,남,66세,중상
2013082900100070,2013년 8월 29일 06시,목요일,전라북도 전주시 완산구 효자동2가,중상사고,0,1,0,0,차대사람 - 기타,안전운전불이행,건조,맑음,교차로 - 교차로안,승용,남,31세,상해없음,보행자,여,76세,중상
2013082900100094,2013년 8월 29일 07시,목요일,전라북도 정읍시 시기동,경상사고,0,0,2,0,차대차 - 측면직각충돌,직진우회전진행방해,건조,흐림,교차로 - 교차로안,승용,남,59세,상해없음,승용,여,48세,경상
2013082900100095,2013년 8월 29일 07시,목요일,전라북도 임실군 운암면,중상사고,0,1,0,0,차대차 - 추돌 - 주정차중,과속,습기,비,단일로 - 기타,화물,남,74세,상해없음,화물,여,51세,중상
2013082900100126,2013년 8월 29일 08시,목요일,전라북도 전주시 덕진구 덕진동1가,경상사고,0,0,2,0,차대차 - 추돌 - 진행중,안전거리미확보,습기,흐림,단일로 - 기타,화물,남,51세,상해없음,승용,남,56세,경상
2013082900100127,2013년 8월 29일 08시,목요일,전라북도 전주시 덕진구 진북동,경상사고,0,0,2,0,차대차 - 추돌 - 진행중,안전거리미확보,건조,흐림,단일로 - 기타,승용,남,53세,상해없음,승용,여,31세,경상
2013082900100128,2013년 8월 29일 08시,목요일,전라북도 군산시 오식도동,경상사고,0,0,1,0,차대차 - 측면직각충돌,안전운전불이행,건조,맑음,교차로 - 교차로안,승용,남,23세,상해없음,승용,남,32세,경상
2013082900100129,2013년 8월 29일 08시,목요일,전라북도 익산시 주현동,부상신고사고,0,0,0,1,차대차 - 측면직각충돌,직진우회전진행방해,건조,맑음,교차로 - 교차로안,이륜,남,61세,부상신고,승용,남,30세,상해없음
2013082900100130,2013년 8월 29일 08시,목요일,전라북도 정읍시 산외면,중상사고,0,1,3,0,차대차 - 정면충돌,신호위반,습기,비,교차로 - 교차로안,승용,남,55세,상해없음,승용,남,55세,경상
2013082900100166,2013년 8월 29일 09시,목요일,전라북도 전주시 덕진구 인후동1가,경상사고,0,0,1,0,차대차 - 측면직각충돌,안전운전불이행,건조,흐림,단일로 - 기타,승용,남,23세,상해없음,승용,여,45세,경상
2013082900100167,2013년 8월 29일 09시,목요일,전라북도 군산시 옥서면,중상사고,0,1,0,0,차대차 - 측면직각충돌,안전운전불이행,건조,맑음,교차로 - 교차로안,승용,여,61세,상해없음,이륜,남,70세,중상
2013082900100168,2013년 8월 29일 09시,목요일,전라북도 부안군 계화면,경상사고,0,0,1,0,차대차 - 측면직각충돌,중앙선침범,건조,맑음,단일로 - 기타,승용,남,69세,상해없음,승합,남,55세,경상
2013082900100200,2013년 8월 29일 10시,목요일,전라북도 전주시 덕진구 덕진동1가,경상사고,0,0,1,0,차대차 - 추돌 - 진행중,안전운전불이행,건조,맑음,단일로 - 기타,승용,남,36세,상해없음,승합,남,52세,경상
2013082900100201,2013년 8월 29일 10시,목요일,전라북도 정읍시 상동,중상사고,0,1,0,0,차대사람 - 횡단중,신호위반,건조,맑음,교차로 - 교차로안,승용,남,63세,상해없음,보행자,여,58세,중상
2013082900100202,2013년 8월 29일 10시,목요일,전라북도 부안군 부안읍,경상사고,0,0,2,1,차대차 - 측면직각충돌,교차로운행방법위반,건조,맑음,교차로 - 교차로안,승용,여,40세,부상신고,승합,남,38세,경상
2013082900100224,2013년 8월 29일 11시,목요일,전라북도 전주시 완산구 삼천동1가,경상사고,0,0,2,0,차대차 - 기타,신호위반,건조,맑음,교차로 - 교차로안,승용,여,51세,경상,승용,남,57세,경상
2013082900100274,2013년 8월 29일 13시,목요일,전라북도 전주시 완산구 서신동,경상사고,0,0,1,0,차대차 - 기타,신호위반,건조,맑음,교차로 - 교차로안,승용,남,63세,상해없음,승용,여,47세,경상
2013082900100275,2013년 8월 29일 13시,목요일,전라북도 남원시 동충동,경상사고,0,0,1,0,차대차 - 기타,기타,건조,흐림,단일로 - 기타,승용,남,51세,상해없음,자전거,남,54세,경상
2013082900100370,2013년 8월 29일 16시,목요일,전라북도 임실군 오수면,경상사고,0,0,5,0,차대차 - 추돌 - 진행중,안전운전불이행,습기,비,단일로 - 기타,승용,여,33세,경상,승용,여,47세,경상
2013082900100371,2013년 8월 29일 16시,목요일,전라북도 순창군 순창읍,경상사고,0,0,1,0,차대차 - 추돌 - 진행중,안전거리미확보,습기,비,단일로 - 기타,건설기계,남,47세,상해없음,승용,여,59세,경상
2013082900100444,2013년 8월 29일 18시,목요일,전라북도 전주시 완산구 서신동,경상사고,0,0,1,0,차대사람 - 기타,안전운전불이행,습기,비,단일로 - 기타,승용,여,32세,상해없음,보행자,여,67세,경상
2013082900100445,2013년 8월 29일 18시,목요일,전라북도 전주시 완산구 서신동,경상사고,0,0,1,0,차대차 - 기타,신호위반,건조,맑음,교차로 - 교차로안,승합,남,56세,상해없음,자전거,여,21세,경상
2013082900100485,2013년 8월 29일 19시,목요일,전라북도 정읍시 수성동,경상사고,0,0,1,0,차대사람 - 횡단중,보행자보호의무위반,습기,비,단일로 - 횡단보도상,승용,남,36세,상해없음,보행자,여,42세,경상
2013082900100530,2013년 8월 29일 20시,목요일,전라북도 익산시 신동,부상신고사고,0,0,0,1,차대사람 - 기타,안전운전불이행,습기,비,기타 - 기타,화물,남,61세,상해없음,보행자,남,58세,부상신고
2013082900100560,2013년 8월 29일 21시,목요일,전라북도 전주시 덕진구 팔복동1가,중상사고,0,1,0,0,차대차 - 측면직각충돌,신호위반,습기,비,교차로 - 교차로안,승용,남,36세,상해없음,화물,남,50세,중상
2013082900100565,2013년 8월 29일 21시,목요일,전라북도 정읍시 용산동,경상사고,0,0,2,0,차량단독 - 기타,안전운전불이행,습기,비,기타 - 기타,승용,남,37세,상해없음,,,,
2013082900100610,2013년 8월 29일 22시,목요일,전라북도 전주시 덕진구 진북동,경상사고,0,0,1,0,차대사람 - 기타,안전운전불이행,습기,비,교차로 - 교차로부근,승용,여,48세,기타불명,보행자,남,42세,경상
2013082900100611,2013년 8월 29일 22시,목요일,전라북도 정읍시 수성동,경상사고,0,0,1,0,차대차 - 측면직각충돌,신호위반,습기,비,교차로 - 교차로안,승용,남,27세,상해없음,승용,남,43세,경상
2013082900100642,2013년 8월 29일 23시,목요일,전라북도 전주시 완산구 중화산동2가,중상사고,0,1,1,0,차대차 - 기타,신호위반,습기,비,교차로 - 교차로안,승용,남,50세,상해없음,승용,남,63세,경상
2013082900100643,2013년 8월 29일 23시,목요일,전라북도 전주시 덕진구 송천동1가,경상사고,0,0,3,0,차대차 - 측면직각충돌,안전거리미확보,습기,비,단일로 - 기타,승용,남,33세,상해없음,승용,남,52세,경상
2013083000100056,2013년 8월 30일 03시,금요일,전라북도 익산시 부송동,경상사고,0,0,1,0,차대차 - 측면직각충돌,안전거리미확보,습기,맑음,단일로 - 기타,화물,남,54세,상해없음,승용,남,53세,상해없음
2013083000100090,2013년 8월 30일 06시,금요일,전라북도 전주시 덕진구 송천동1가,중상사고,0,1,0,0,차대차 - 정면충돌,중앙선침범,건조,흐림,교차로 - 교차로안,승용,남,47세,상해없음,승용,남,39세,중상
2013083000100131,2013년 8월 30일 08시,금요일,전라북도 김제시 검산동,중상사고,0,1,0,0,차대차 - 기타,신호위반,건조,맑음,단일로 - 기타,화물,남,43세,상해없음,원동기,남,68세,중상
2013083000100132,2013년 8월 30일 08시,금요일,전라북도 남원시 향교동,중상사고,0,1,0,0,차대사람 - 길가장자리구역통행중,안전운전불이행,건조,흐림,교차로 - 교차로부근,승용,남,33세,상해없음,보행자,여,71세,중상
2013083000100170,2013년 8월 30일 09시,금요일,전라북도 전주시 덕진구 인후동1가,경상사고,0,0,2,0,차대차 - 측면직각충돌,안전운전불이행,건조,맑음,단일로 - 기타,승용,남,56세,상해없음,승용,남,26세,경상
2013083000100199,2013년 8월 30일 10시,금요일,전라북도 전주시 완산구 효자동1가,경상사고,0,0,1,0,차대차 - 측면직각충돌,교차로운행방법위반,건조,맑음,교차로 - 교차로안,화물,남,48세,상해없음,이륜,남,55세,경상
2013083000100224,2013년 8월 30일 11시,금요일,전라북도 군산시 대야면,사망사고,1,0,1,0,차대차 - 측면직각충돌,안전운전불이행,건조,맑음,교차로 - 교차로안,원동기,남,73세,사망,화물,남,48세,경상
2013083000100225,2013년 8월 30일 11시,금요일,전라북도 고창군 고창읍,경상사고,0,0,4,0,차대차 - 정면충돌,직진우회전진행방해,건조,맑음,교차로 - 교차로안,화물,남,38세,경상,화물,남,28세,경상
2013083000100283,2013년 8월 30일 13시,금요일,전라북도 군산시 미장동,경상사고,0,0,1,0,차대차 - 측면직각충돌,불법유턴,건조,맑음,단일로 - 기타,승용,남,53세,상해없음,승용,남,57세,경상
2013083000100312,2013년 8월 30일 14시,금요일,전라북도 군산시 산북동,경상사고,0,0,1,0,차대차 - 측면직각충돌,안전운전불이행,건조,맑음,단일로 - 기타,화물,남,31세,상해없음,승용,남,50세,경상
2013083000100313,2013년 8월 30일 14시,금요일,전라북도 익산시 함라면,경상사고,0,0,1,0,차대차 - 측면직각충돌,신호위반,건조,맑음,교차로 - 교차로안,승용,여,38세,상해없음,화물,남,63세,경상
2013083000100340,2013년 8월 30일 15시,금요일,전라북도 전주시 완산구 효자동3가,경상사고,0,0,1,0,차대차 - 측면직각충돌,교차로운행방법위반,건조,맑음,교차로 - 교차로안,화물,남,47세,상해없음,승용,남,27세,경상
2013083000100341,2013년 8월 30일 15시,금요일,전라북도 전주시 완산구 효자동3가,경상사고,0,0,2,0,차대차 - 기타,안전운전불이행,건조,맑음,단일로 - 기타,자전거,남,14세,경상,승용,여,36세,상해없음
2013083000100416,2013년 8월 30일 17시,금요일,전라북도 전주시 덕진구 송천동1가,경상사고,0,0,1,0,차대사람 - 횡단중,안전운전불이행,건조,맑음,단일로 - 기타,승용,남,23세,상해없음,보행자,남,6세,경상
2013083000100460,2013년 8월 30일 18시,금요일,전라북도 전주시 덕진구 팔복동1가,중상사고,0,1,0,0,차대차 - 측면직각충돌,안전운전불이행,건조,맑음,단일로 - 기타,승용,남,31세,상해없음,자전거,남,38세,중상
2013083000100500,2013년 8월 30일 19시,금요일,전라북도 군산시 나운동,경상사고,0,0,3,0,차대차 - 추돌 - 주정차중,안전거리미확보,건조,맑음,단일로 - 기타,승용,여,58세,상해없음,승용,남,30세,경상
2013083000100501,2013년 8월 30일 19시,금요일,전라북도 김제시 죽산면,중상사고,0,1,0,0,차대사람 - 차도통행중,안전운전불이행,건조,맑음,단일로 - 기타,승용,남,49세,상해없음,보행자,여,78세,중상
2013083000100609,2013년 8월 30일 22시,금요일,전라북도 군산시 나운동,경상사고,0,0,1,0,차대사람 - 기타,안전운전불이행,건조,맑음,교차로 - 교차로부근,승용,남,46세,상해없음,보행자,남,55세,경상
2013083000100639,2013년 8월 30일 23시,금요일,전라북도 익산시 목천동,중상사고,0,1,1,0,차대차 - 정면충돌,신호위반,건조,맑음,교차로 - 교차로안,승용,여,44세,상해없음,화물,남,49세,중상
2013083100100041,2013년 8월 31일 01시,토요일,전라북도 전주시 완산구 다가동1가,중상사고,0,1,0,0,차대사람 - 횡단중,안전운전불이행,건조,맑음,교차로 - 교차로안,승용,남,27세,상해없음,보행자,남,43세,중상
2013083100100042,2013년 8월 31일 01시,토요일,전라북도 전주시 완산구 다가동3가,경상사고,0,0,3,0,차대차 - 기타,교차로운행방법위반,건조,맑음,교차로 - 교차로안,승용,남,22세,상해없음,승용,남,56세,상해없음
2013083100100043,2013년 8월 31일 01시,토요일,전라북도 전주시 완산구 중화산동1가,경상사고,0,0,4,0,차대차 - 기타,안전운전불이행,건조,맑음,단일로 - 기타,승용,남,34세,상해없음,승용,남,52세,경상
2013083100100105,2013년 8월 31일 05시,토요일,전라북도 익산시 목천동,중상사고,0,1,0,0,차대사람 - 기타,안전운전불이행,건조,맑음,단일로 - 기타,화물,남,34세,상해없음,보행자,여,69세,중상
2013083100100118,2013년 8월 31일 06시,토요일,전라북도 진안군 부귀면,중상사고,0,1,1,0,차량단독 - 공작물충돌,안전운전불이행,건조,맑음,단일로 - 기타,승합,여,59세,중상,,,,
2013083100100150,2013년 8월 31일 08시,토요일,전라북도 김제시 백산면,경상사고,0,0,1,0,차대차 - 측면직각충돌,안전운전불이행,건조,맑음,단일로 - 기타,승용,남,25세,상해없음,승용,여,45세,경상
2013083100100179,2013년 8월 31일 09시,토요일,전라북도 군산시 나운동,중상사고,0,1,0,0,차대사람 - 횡단중,안전운전불이행,건조,맑음,단일로 - 기타,승용,여,43세,상해없음,보행자,남,39세,중상
2013083100100205,2013년 8월 31일 10시,토요일,전라북도 부안군 하서면,경상사고,0,0,1,0,차대차 - 측면직각충돌,직진우회전진행방해,건조,맑음,교차로 - 교차로안,승용,남,42세,상해없음,자전거,남,89세,경상
2013083100100233,2013년 8월 31일 11시,토요일,전라북도 고창군 부안면,중상사고,0,1,0,0,차대차 - 측면직각충돌,직진우회전진행방해,건조,맑음,교차로 - 교차로안,화물,남,40세,상해없음,원동기,남,74세,중상
2013083100100234,2013년 8월 31일 11시,토요일,전라북도 순창군 복흥면,중상사고,0,2,0,0,차대차 - 측면직각충돌,신호위반,건조,맑음,교차로 - 교차로안,승용,여,52세,중상,승용,여,53세,중상
2013083100100268,2013년 8월 31일 12시,토요일,전라북도 부안군 상서면,중상사고,0,1,1,0,차대차 - 측면직각충돌,안전운전불이행,건조,맑음,단일로 - 기타,승용,남,55세,경상,승용,남,57세,상해없음
2013083100100269,2013년 8월 31일 12시,토요일,전라북도 완주군 동상면,중상사고,0,1,0,0,차대차 - 추돌 - 진행중,안전거리미확보,건조,맑음,단일로 - 기타,승용,남,63세,상해없음,화물,남,42세,중상
2013083100100301,2013년 8월 31일 13시,토요일,전라북도 김제시 금산면,경상사고,0,0,1,0,차대차 - 추돌 - 진행중,안전운전불이행,건조,맑음,단일로 - 기타,승용,남,77세,상해없음,화물,여,48세,경상
2013083100100332,2013년 8월 31일 14시,토요일,전라북도 전주시 완산구 서신동,경상사고,0,0,7,0,차대차 - 추돌 - 진행중,안전운전불이행,건조,맑음,단일로 - 기타,승용,남,47세,상해없음,승용,남,31세,경상
2013083100100333,2013년 8월 31일 14시,토요일,전라북도 군산시 서흥남동,경상사고,0,0,1,0,차대사람 - 길가장자리구역통행중,안전운전불이행,건조,맑음,단일로 - 기타,승용,기타불명,기타불명,기타불명,보행자,여,11세,경상
2013083100100373,2013년 8월 31일 15시,토요일,전라북도 전주시 완산구 효자동1가,중상사고,0,1,0,0,차대사람 - 기타,안전운전불이행,건조,맑음,교차로 - 교차로부근,승용,남,21세,상해없음,보행자,남,7세,중상
2013083100100374,2013년 8월 31일 15시,토요일,전라북도 전주시 완산구 서신동,경상사고,0,0,5,0,차대차 - 추돌 - 진행중,안전운전불이행,건조,맑음,단일로 - 기타,승용,남,54세,상해없음,승용,남,39세,경상
2013083100100375,2013년 8월 31일 15시,토요일,전라북도 군산시 해망동,경상사고,0,0,1,0,차대차 - 추돌 - 주정차중,안전운전불이행,건조,맑음,교차로 - 교차로부근,승용,여,38세,상해없음,승용,남,60세,경상
2013083100100417,2013년 8월 31일 16시,토요일,전라북도 전주시 덕진구 금암동,경상사고,0,0,1,0,차대차 - 측면직각충돌,안전운전불이행,습기,흐림,교차로 - 교차로안,승용,여,30세,상해없음,승용,여,29세,경상
2013083100100418,2013년 8월 31일 16시,토요일,전라북도 익산시 영등동,경상사고,0,0,3,0,차대차 - 추돌 - 주정차중,안전운전불이행,건조,맑음,교차로 - 교차로부근,승용,남,50세,상해없음,승용,여,33세,경상
2013083100100448,2013년 8월 31일 17시,토요일,전라북도 전주시 완산구 고사동,경상사고,0,0,1,0,차대사람 - 기타,안전운전불이행,건조,맑음,단일로 - 기타,승용,여,28세,상해없음,보행자,여,38세,경상
2013083100100449,2013년 8월 31일 17시,토요일,전라북도 전주시 완산구 남노송동,부상신고사고,0,0,0,1,차대사람 - 횡단중,안전운전불이행,건조,맑음,단일로 - 기타,자전거,남,29세,상해없음,보행자,여,2세,부상신고
2013083100100450,2013년 8월 31일 17시,토요일,전라북도 정읍시 수성동,경상사고,0,0,1,0,차대사람 - 기타,보행자보호의무위반,건조,맑음,교차로 - 교차로안,승용,여,54세,상해없음,보행자,남,78세,경상
2013083100100480,2013년 8월 31일 18시,토요일,전라북도 장수군 장수읍,경상사고,0,0,1,0,차대차 - 추돌 - 진행중,안전운전불이행,건조,맑음,기타 - 기타,승용,남,45세,경상,화물,남,46세,상해없음
2013083100100546,2013년 8월 31일 20시,토요일,전라북도 완주군 화산면,중상사고,0,1,0,0,차대차 - 측면직각충돌,교차로운행방법위반,건조,맑음,교차로 - 교차로안,화물,남,48세,상해없음,승용,여,37세,중상
2013083100100577,2013년 8월 31일 21시,토요일,전라북도 남원시 산내면,중상사고,0,1,0,0,차대차 - 정면충돌,중앙선침범,건조,맑음,단일로 - 기타,승용,남,44세,상해없음,화물,남,63세,중상
2013083100100613,2013년 8월 31일 22시,토요일,전라북도 전주시 완산구 서신동,경상사고,0,0,7,0,차대차 - 추돌 - 주정차중,안전운전불이행,건조,맑음,단일로 - 기타,승용,남,46세,경상,승용,남,35세,경상
2013083100100614,2013년 8월 31일 22시,토요일,전라북도 김제시 신풍동,중상사고,0,1,0,0,차대차 - 측면직각충돌,교차로운행방법위반,건조,맑음,교차로 - 교차로안,화물,남,47세,상해없음,승용,남,56세,중상
2013090100100062,2013년 9월 1일 03시,일요일,전라북도 전주시 덕진구 금암동,중상사고,0,1,0,0,차대사람 - 횡단중,안전운전불이행,습기,흐림,단일로 - 기타,승용,남,47세,상해없음,보행자,남,41세,중상
2013090100100076,2013년 9월 1일 04시,일요일,전라북도 전주시 덕진구 우아동2가,중상사고,0,2,0,0,차대차 - 기타,안전운전불이행,습기,흐림,교차로 - 교차로안,이륜,남,22세,중상,승용,남,28세,상해없음
2013090100100082,2013년 9월 1일 05시,일요일,전라북도 익산시 모현동1가,중상사고,0,1,0,0,차대사람 - 횡단중,안전운전불이행,건조,맑음,교차로 - 교차로안,승용,남,58세,상해없음,보행자,여,74세,중상
2013090100100093,2013년 9월 1일 06시,일요일,전라북도 전주시 덕진구 금암동,경상사고,0,0,1,0,차대차 - 측면직각충돌,신호위반,습기,흐림,단일로 - 횡단보도상,승용,남,66세,상해없음,자전거,남,74세,경상
2013090100100107,2013년 9월 1일 07시,일요일,전라북도 군산시 산북동,중상사고,0,1,1,0,차대차 - 측면직각충돌,신호위반,건조,맑음,교차로 - 교차로안,승용,남,58세,상해없음,승용,남,84세,경상
2013090100100136,2013년 9월 1일 09시,일요일,전라북도 김제시 서암동,경상사고,0,0,1,0,차대차 - 측면직각충돌,중앙선침범,건조,맑음,단일로 - 기타,승용,여,52세,상해없음,화물,남,39세,경상
2013090100100161,2013년 9월 1일 10시,일요일,전라북도 김제시 공덕면,경상사고,0,0,1,0,차대사람 - 기타,안전운전불이행,건조,맑음,단일로 - 기타,이륜,남,80세,상해없음,보행자,남,20세,경상
2013090100100162,2013년 9월 1일 10시,일요일,전라북도 임실군 관촌면,중상사고,0,2,2,0,차대차 - 추돌 - 진행중,안전운전불이행,건조,맑음,단일로 - 기타,승용,남,45세,상해없음,승용,남,47세,중상
2013090100100184,2013년 9월 1일 11시,일요일,전라북도 전주시 완산구 효자동1가,중상사고,0,2,1,0,차량단독 - 공작물충돌,안전운전불이행,건조,맑음,단일로 - 기타,승용,남,33세,중상,,,,
2013090100100185,2013년 9월 1일 11시,일요일,전라북도 전주시 덕진구 인후동1가,중상사고,0,1,0,0,차대차 - 측면직각충돌,직진우회전진행방해,건조,맑음,교차로 - 교차로안,승용,남,60세,상해없음,원동기,남,66세,중상
2013090100100186,2013년 9월 1일 11시,일요일,전라북도 순창군 순창읍,경상사고,0,0,1,0,차대차 - 추돌 - 주정차중,안전운전불이행,건조,맑음,단일로 - 기타,승용,여,26세,상해없음,승용,기타불명,기타불명,기타불명
2013090100100207,2013년 9월 1일 12시,일요일,전라북도 전주시 덕진구 팔복동1가,경상사고,0,0,1,0,차대차 - 측면직각충돌,안전운전불이행,건조,맑음,단일로 - 기타,화물,남,33세,상해없음,화물,남,49세,경상
2013090100100208,2013년 9월 1일 12시,일요일,전라북도 군산시 나운동,경상사고,0,0,2,0,차대차 - 측면직각충돌,안전거리미확보,건조,맑음,단일로 - 기타,승용,남,26세,상해없음,승용,남,55세,경상
2013090100100209,2013년 9월 1일 12시,일요일,전라북도 정읍시 시기동,중상사고,0,1,0,0,차대차 - 측면직각충돌,직진우회전진행방해,적설,맑음,교차로 - 교차로안,승용,남,75세,상해없음,원동기,남,75세,중상
2013090100100210,2013년 9월 1일 12시,일요일,전라북도 완주군 상관면,중상사고,0,1,0,0,차대사람 - 횡단중,안전운전불이행,건조,맑음,단일로 - 횡단보도부근,승용,여,47세,상해없음,보행자,남,10세,중상
2013090100100296,2013년 9월 1일 15시,일요일,전라북도 전주시 완산구 서신동,중상사고,0,1,2,0,차대차 - 측면직각충돌,신호위반,건조,맑음,교차로 - 교차로안,승용,남,30세,경상,승용,남,28세,중상
2013090100100319,2013년 9월 1일 16시,일요일,전라북도 익산시 황등면,중상사고,0,2,1,0,차대차 - 측면직각충돌,안전운전불이행,건조,맑음,교차로 - 교차로안,승용,남,37세,상해없음,승용,남,44세,중상
2013090100100320,2013년 9월 1일 16시,일요일,전라북도 김제시 만경읍,사망사고,1,2,0,0,차대차 - 측면직각충돌,교차로운행방법위반,건조,맑음,교차로 - 교차로안,승용,여,28세,중상,건설기계,남,45세,중상
2013090100100347,2013년 9월 1일 17시,일요일,전라북도 전주시 완산구 교동,경상사고,0,0,3,0,차대차 - 추돌 - 주정차중,안전운전불이행,건조,맑음,단일로 - 기타,승용,남,31세,상해없음,승용,남,29세,경상
2013090100100348,2013년 9월 1일 17시,일요일,전라북도 남원시 송동면,중상사고,0,1,0,0,차대차 - 측면직각충돌,직진우회전진행방해,건조,맑음,교차로 - 교차로안,이륜,남,66세,상해없음,승용,남,51세,상해없음
2013090100100379,2013년 9월 1일 18시,일요일,전라북도 전주시 덕진구 진북동,중상사고,0,1,0,0,차대사람 - 횡단중,안전운전불이행,건조,맑음,교차로 - 교차로안,화물,남,51세,상해없음,보행자,남,10세,중상
2013090100100406,2013년 9월 1일 19시,일요일,전라북도 군산시 미원동,중상사고,0,1,0,0,차대차 - 기타,안전운전불이행,건조,맑음,단일로 - 횡단보도상,기타불명,기타불명,기타불명,기타불명,자전거,남,59세,중상
2013090100100453,2013년 9월 1일 21시,일요일,전라북도 군산시 옥산면,중상사고,0,1,3,0,차대차 - 추돌 - 진행중,안전거리미확보,건조,맑음,단일로 - 기타,승용,남,34세,상해없음,승용,남,54세,경상
2013090200100012,2013년 9월 2일 01시,월요일,전라북도 군산시 나운동,경상사고,0,0,1,0,차대사람 - 횡단중,보행자보호의무위반,건조,맑음,교차로 - 교차로부근,승용,기타불명,기타불명,기타불명,보행자,남,46세,경상
2013090200100013,2013년 9월 2일 01시,월요일,전라북도 익산시 영등동,경상사고,0,0,2,0,차대차 - 추돌 - 주정차중,안전운전불이행,건조,맑음,단일로 - 기타,승용,남,62세,상해없음,승용,남,32세,경상
2013090200100020,2013년 9월 2일 02시,월요일,전라북도 전주시 완산구 서신동,경상사고,0,0,2,0,차대차 - 기타,직진우회전진행방해,건조,맑음,교차로 - 교차로안,승용,남,37세,경상,승용,남,32세,경상
2013090200100029,2013년 9월 2일 04시,월요일,전라북도 익산시 영등동,경상사고,0,0,1,0,차대차 - 추돌 - 진행중,안전운전불이행,건조,맑음,교차로 - 교차로안,기타불명,기타불명,기타불명,기타불명,승용,남,75세,경상
2013090200100083,2013년 9월 2일 07시,월요일,전라북도 전주시 완산구 효자동2가,중상사고,0,1,0,0,차대차 - 측면직각충돌,안전거리미확보,건조,맑음,교차로 - 교차로부근,승용,여,49세,상해없음,승용,여,30세,상해없음
2013090200100084,2013년 9월 2일 07시,월요일,전라북도 전주시 덕진구 덕진동1가,경상사고,0,0,1,0,차대차 - 측면직각충돌,안전운전불이행,건조,맑음,교차로 - 교차로부근,승용,남,69세,상해없음,자전거,남,44세,경상
2013090200100085,2013년 9월 2일 07시,월요일,전라북도 익산시 신용동,중상사고,0,2,0,0,차대차 - 추돌 - 진행중,안전거리미확보,건조,맑음,단일로 - 기타,화물,남,53세,상해없음,승용,남,23세,중상
2013090200100086,2013년 9월 2일 07시,월요일,전라북도 고창군 고창읍,중상사고,0,2,0,0,차대차 - 추돌 - 진행중,안전거리미확보,건조,맑음,단일로 - 기타,승용,여,44세,상해없음,승용,여,31세,중상
2013090200100129,2013년 9월 2일 08시,월요일,전라북도 군산시 소룡동,경상사고,0,0,1,0,차대차 - 기타,안전운전불이행,건조,맑음,교차로 - 교차로부근,자전거,남,78세,경상,승용,여,42세,상해없음
2013090200100130,2013년 9월 2일 08시,월요일,전라북도 익산시 신동,경상사고,0,0,2,0,차대차 - 추돌 - 주정차중,안전거리미확보,건조,맑음,교차로 - 교차로부근,화물,남,29세,상해없음,승용,여,38세,경상
2013090200100131,2013년 9월 2일 08시,월요일,전라북도 남원시 용정동,경상사고,0,0,2,0,차대차 - 추돌 - 진행중,안전거리미확보,건조,맑음,단일로 - 기타,건설기계,남,41세,상해없음,승용,남,66세,경상
2013090200100132,2013년 9월 2일 08시,월요일,전라북도 순창군 인계면,중상사고,0,1,0,0,차대차 - 추돌 - 진행중,안전운전불이행,건조,맑음,단일로 - 기타,화물,남,37세,상해없음,화물,남,44세,중상
2013090200100165,2013년 9월 2일 09시,월요일,전라북도 전주시 완산구 효자동2가,경상사고,0,0,1,0,차대차 - 기타,신호위반,건조,맑음,교차로 - 교차로안,승용,남,53세,상해없음,승용,남,34세,경상
2013090200100166,2013년 9월 2일 09시,월요일,전라북도 고창군 해리면,경상사고,0,0,4,0,차대차 - 측면직각충돌,직진우회전진행방해,건조,맑음,교차로 - 교차로안,승용,여,28세,경상,승용,여,46세,경상
2013090200100198,2013년 9월 2일 10시,월요일,전라북도 전주시 덕진구 덕진동1가,경상사고,0,0,1,0,차대차 - 기타,기타,건조,맑음,단일로 - 기타,승용,남,65세,상해없음,자전거,남,63세,경상
2013090200100262,2013년 9월 2일 12시,월요일,전라북도 전주시 덕진구 만성동,경상사고,0,0,2,0,차대차 - 추돌 - 진행중,안전거리미확보,건조,맑음,단일로 - 기타,승용,남,52세,경상,승용,남,48세,상해없음