사고번호,사고일시,요일,시군구,사고내용,사망자수,중상자수,경상자수,부상신고자수,사고유형,법규위반,노면상태,기상상태,도로형태,가해운전자 차종,가해운전자 성별,가해운전자 연령,가해운전자 상해정도,피해운전자 차종,피해운전자 성별,피해운전자 연령,피해운전자 상해정도
2013090600100399,2013년 9월 6일 16시,금요일,전라북도 전주시 완산구 효자동3가,경상사고,0,0,1,0,차대사람 - 횡단중,안전운전불이행,습기,비,교차로 - 교차로안,승용,남,57세,상해없음,보행자,남,18세,경상
2013090600100400,2013년 9월 6일 16시,금요일,전라북도 군산시 수송동,경상사고,0,0,1,0,차대차 - 측면직각충돌,안전운전불이행,습기,비,교차로 - 교차로부근,승용,여,66세,상해없음,승용,남,30세,상해없음
2013090600100401,2013년 9월 6일 16시,금요일,전라북도 익산시 모현동1가,경상사고,0,0,1,0,차대차 - 추돌 - 진행중,안전운전불이행,습기,비,교차로 - 교차로부근,승용,남,49세,상해없음,승용,남,44세,경상
2013090600100402,2013년 9월 6일 16시,금요일,전라북도 익산시 남중동,경상사고,0,0,2,0,차대차 - 추돌 - 진행중,안전운전불이행,습기,비,교차로 - 교차로부근,화물,남,37세,상해없음,승용,남,56세,경상
2013090600100403,2013년 9월 6일 16시,금요일,전라북도 부안군 부안읍,경상사고,0,0,1,0,차대차 - 추돌 - 진행중,안전운전불이행,습기,비,단일로 - 기타,화물,남,52세,상해없음,승용,남,57세,경상
2013090600100434,2013년 9월 6일 17시,금요일,전라북도 군산시 소룡동,사망사고,1,0,1,0,차대차 - 정면충돌,중앙선침범,습기,비,교차로 - 교차로부근,승용,남,31세,사망,화물,남,48세,경상
2013090600100435,2013년 9월 6일 17시,금요일,전라북도 익산시 영등동,경상사고,0,0,1,0,차대차 - 기타,직진우회전진행방해,습기,흐림,교차로 - 교차로안,승용,여,50세,상해없음,승용,여,51세,경상
2013090600100436,2013년 9월 6일 17시,금요일,전라북도 김제시 순동,중상사고,0,2,0,0,차대차 - 측면직각충돌,불법유턴,습기,비,교차로 - 교차로부근,승용,남,36세,상해없음,승용,남,41세,중상
2013090600100473,2013년 9월 6일 18시,금요일,전라북도 전주시 덕진구 덕진동2가,경상사고,0,0,2,0,차대차 - 추돌 - 주정차중,안전운전불이행,건조,맑음,교차로 - 교차로부근,승용,남,26세,상해없음,승용,남,47세,경상
2013090600100474,2013년 9월 6일 18시,금요일,전라북도 정읍시 북면,경상사고,0,0,1,0,차대차 - 측면직각충돌,기타,습기,비,교차로 - 교차로안,화물,남,53세,상해없음,화물,남,55세,경상
2013090600100517,2013년 9월 6일 19시,금요일,전라북도 전주시 덕진구 금암동,경상사고,0,0,2,0,차대차 - 추돌 - 진행중,안전운전불이행,건조,맑음,단일로 - 기타,승용,남,63세,상해없음,승용,남,27세,경상
2013090600100518,2013년 9월 6일 19시,금요일,전라북도 군산시 구암동,경상사고,0,0,1,0,차대사람 - 횡단중,안전운전불이행,습기,비,단일로 - 기타,승용,남,48세,상해없음,보행자,여,57세,경상
2013090600100573,2013년 9월 6일 20시,금요일,전라북도 전주시 덕진구 팔복동3가,경상사고,0,0,1,0,차대사람 - 횡단중,신호위반,습기,비,단일로 - 횡단보도상,승용,남,56세,상해없음,보행자,여,53세,경상
2013090600100574,2013년 9월 6일 20시,금요일,전라북도 익산시 모현동1가,중상사고,0,1,0,0,차대사람 - 횡단중,안전운전불이행,습기,비,교차로 - 교차로부근,승용,남,35세,상해없음,보행자,남,64세,중상
2013090600100575,2013년 9월 6일 20시,금요일,전라북도 정읍시 연지동,중상사고,0,2,0,0,차대사람 - 횡단중,보행자보호의무위반,습기,비,단일로 - 횡단보도상,원동기,남,69세,상해없음,보행자,여,53세,중상
2013090600100614,2013년 9월 6일 21시,금요일,전라북도 전주시 완산구 경원동3가,경상사고,0,0,3,0,차대차 - 기타,안전거리미확보,습기,비,단일로 - 기타,승용,남,33세,상해없음,승용,남,28세,경상
2013090600100654,2013년 9월 6일 22시,금요일,전라북도 전주시 완산구 중화산동2가,경상사고,0,0,1,0,차대차 - 기타,안전거리미확보,습기,비,단일로 - 기타,승용,남,33세,상해없음,이륜,남,18세,경상
2013090600100655,2013년 9월 6일 22시,금요일,전라북도 전주시 완산구 중화산동2가,경상사고,0,0,1,0,차대사람 - 기타,보행자보호의무위반,습기,비,단일로 - 횡단보도상,이륜,남,49세,상해없음,보행자,남,24세,경상
2013090600100656,2013년 9월 6일 22시,금요일,전라북도 부안군 부안읍,중상사고,0,1,0,0,차대사람 - 기타,안전운전불이행,습기,맑음,교차로 - 교차로안,승용,남,45세,상해없음,보행자,남,56세,중상
2013090600100683,2013년 9월 6일 23시,금요일,전라북도 전주시 덕진구 만성동,경상사고,0,0,2,0,차대차 - 추돌 - 주정차중,안전운전불이행,건조,맑음,단일로 - 기타,승용,남,55세,상해없음,승용,남,41세,경상
2013090700100011,2013년 9월 7일 00시,토요일,전라북도 전주시 완산구 중화산동2가,경상사고,0,0,1,0,차대차 - 기타,신호위반,건조,맑음,교차로 - 교차로안,화물,남,23세,상해없음,승용,남,34세,경상
2013090700100012,2013년 9월 7일 00시,토요일,전라북도 전주시 덕진구 인후동1가,경상사고,0,0,1,0,차대차 - 측면직각충돌,안전운전불이행,건조,맑음,교차로 - 교차로부근,승용,여,30세,상해없음,승용,남,36세,경상
2013090700100013,2013년 9월 7일 00시,토요일,전라북도 전주시 덕진구 송천동1가,경상사고,0,0,3,0,차대사람 - 기타,안전운전불이행,습기,비,교차로 - 교차로부근,승용,남,32세,상해없음,보행자,남,25세,경상
2013090700100014,2013년 9월 7일 00시,토요일,전라북도 전주시 덕진구 덕진동1가,경상사고,0,0,2,0,차대차 - 기타,안전거리미확보,습기,비,단일로 - 기타,승용,남,43세,상해없음,승용,남,49세,경상
2013090700100043,2013년 9월 7일 01시,토요일,전라북도 전주시 덕진구 고랑동,중상사고,0,1,0,0,차대차 - 정면충돌,중앙선침범,습기,비,교차로 - 교차로부근,승용,남,31세,상해없음,승용,남,48세,중상
2013090700100102,2013년 9월 7일 05시,토요일,전라북도 전주시 덕진구 동산동,사망사고,1,0,0,0,차대차 - 측면직각충돌,안전운전불이행,건조,맑음,교차로 - 교차로부근,승용,남,30세,상해없음,자전거,남,62세,사망
2013090700100132,2013년 9월 7일 07시,토요일,전라북도 전주시 덕진구 팔복동1가,경상사고,0,0,1,0,차대사람 - 길가장자리구역통행중,안전운전불이행,건조,맑음,단일로 - 기타,승용,남,42세,상해없음,보행자,여,61세,경상
2013090700100133,2013년 9월 7일 07시,토요일,전라북도 완주군 소양면,중상사고,0,2,0,0,차량단독 - 공작물충돌,안전운전불이행,건조,맑음,단일로 - 기타,화물,남,46세,상해없음,,,,
2013090700100172,2013년 9월 7일 09시,토요일,전라북도 순창군 순창읍,경상사고,0,0,1,0,차대차 - 측면직각충돌,직진우회전진행방해,건조,맑음,교차로 - 교차로안,승용,여,76세,상해없음,승용,여,31세,경상
2013090700100201,2013년 9월 7일 10시,토요일,전라북도 전주시 완산구 효자동3가,경상사고,0,0,3,0,차대차 - 측면직각충돌,신호위반,건조,맑음,교차로 - 교차로안,승용,남,24세,경상,승용,남,52세,경상
2013090700100202,2013년 9월 7일 10시,토요일,전라북도 전주시 덕진구 우아동1가,경상사고,0,0,2,0,차대차 - 추돌 - 진행중,안전거리미확보,건조,맑음,교차로 - 교차로부근,특수,남,48세,상해없음,승용,여,42세,경상
2013090700100203,2013년 9월 7일 10시,토요일,전라북도 군산시 대명동,중상사고,0,1,0,0,차대사람 - 기타,안전운전불이행,건조,맑음,단일로 - 기타,승용,남,63세,상해없음,보행자,남,86세,중상
2013090700100204,2013년 9월 7일 10시,토요일,전라북도 군산시 경암동,경상사고,0,0,3,0,차대차 - 측면직각충돌,직진우회전진행방해,건조,맑음,교차로 - 교차로안,승용,여,31세,상해없음,승용,남,62세,경상
2013090700100205,2013년 9월 7일 10시,토요일,전라북도 임실군 임실읍,경상사고,0,0,1,0,차대차 - 기타,차로위반,건조,맑음,단일로 - 기타,자전거,남,86세,경상,승용,남,81세,상해없음
2013090700100235,2013년 9월 7일 11시,토요일,전라북도 전주시 완산구 중화산동1가,경상사고,0,0,1,0,차대차 - 추돌 - 주정차중,안전운전불이행,건조,맑음,단일로 - 기타,승용,여,33세,상해없음,이륜,여,44세,경상
2013090700100236,2013년 9월 7일 11시,토요일,전라북도 전주시 완산구 삼천동2가,경상사고,0,0,2,0,차대차 - 측면직각충돌,중앙선침범,건조,맑음,단일로 - 기타,승용,여,41세,상해없음,승용,남,53세,경상
2013090700100237,2013년 9월 7일 11시,토요일,전라북도 전주시 완산구 효자동1가,경상사고,0,0,5,0,차대차 - 추돌 - 진행중,안전운전불이행,건조,맑음,단일로 - 기타,화물,남,49세,경상,승용,남,52세,경상
2013090700100238,2013년 9월 7일 11시,토요일,전라북도 익산시 주현동,경상사고,0,0,1,0,차대차 - 측면직각충돌,신호위반,건조,맑음,단일로 - 기타,승용,남,49세,상해없음,자전거,여,55세,경상
2013090700100268,2013년 9월 7일 12시,토요일,전라북도 전주시 완산구 중화산동2가,경상사고,0,0,3,0,차대차 - 측면직각충돌,신호위반,건조,맑음,교차로 - 교차로안,승용,여,41세,경상,승용,남,23세,경상
2013090700100269,2013년 9월 7일 12시,토요일,전라북도 군산시 수송동,경상사고,0,0,1,0,차대사람 - 횡단중,보행자보호의무위반,건조,맑음,교차로 - 교차로안,승용,여,36세,상해없음,보행자,여,11세,경상
2013090700100270,2013년 9월 7일 12시,토요일,전라북도 남원시 향교동,경상사고,0,0,1,0,차대차 - 측면직각충돌,직진우회전진행방해,건조,맑음,교차로 - 교차로부근,승용,여,38세,상해없음,이륜,남,78세,경상
2013090700100271,2013년 9월 7일 12시,토요일,전라북도 고창군 상하면,중상사고,0,1,1,0,차대차 - 기타,안전운전불이행,건조,맑음,단일로 - 기타,건설기계,남,55세,기타불명,원동기,남,72세,경상
2013090700100350,2013년 9월 7일 14시,토요일,전라북도 군산시 수송동,경상사고,0,0,1,0,차대차 - 측면직각충돌,직진우회전진행방해,건조,맑음,교차로 - 교차로안,승용,여,48세,상해없음,승용,남,43세,경상
2013090700100386,2013년 9월 7일 15시,토요일,전라북도 임실군 성수면,경상사고,0,0,1,0,차대사람 - 기타,교차로운행방법위반,건조,맑음,교차로 - 교차로안,기타불명,기타불명,기타불명,기타불명,보행자,여,74세,경상
2013090700100425,2013년 9월 7일 16시,토요일,전라북도 무주군 무주읍,중상사고,0,2,0,0,차대차 - 정면충돌,중앙선침범,건조,흐림,단일로 - 기타,승용,남,51세,상해없음,승용,남,46세,중상
2013090700100499,2013년 9월 7일 18시,토요일,전라북도 전주시 완산구 경원동1가,경상사고,0,0,7,0,차대차 - 추돌 - 주정차중,안전운전불이행,건조,맑음,단일로 - 기타,승용,남,51세,경상,승용,남,49세,경상
2013090700100530,2013년 9월 7일 19시,토요일,전라북도 전주시 완산구 태평동,중상사고,0,1,0,0,차대사람 - 횡단중,안전운전불이행,건조,맑음,단일로 - 기타,화물,남,47세,상해없음,보행자,남,76세,중상
2013090700100531,2013년 9월 7일 19시,토요일,전라북도 전주시 덕진구 송천동2가,경상사고,0,0,2,0,차대차 - 측면직각충돌,교차로운행방법위반,건조,맑음,교차로 - 교차로안,승용,남,46세,상해없음,이륜,남,16세,경상
2013090700100532,2013년 9월 7일 19시,토요일,전라북도 익산시 마동,사망사고,1,0,0,0,차대차 - 정면충돌,안전운전불이행,건조,맑음,교차로 - 교차로안,승용,남,46세,상해없음,자전거,남,60세,사망
2013090700100533,2013년 9월 7일 19시,토요일,전라북도 익산시 송학동,경상사고,0,0,2,0,차대차 - 추돌 - 진행중,안전운전불이행,건조,맑음,단일로 - 기타,승용,여,50세,상해없음,승용,여,57세,경상
2013090700100534,2013년 9월 7일 19시,토요일,전라북도 정읍시 상동,중상사고,0,1,0,0,차대차 - 측면직각충돌,안전운전불이행,건조,맑음,교차로 - 교차로부근,승용,남,44세,상해없음,자전거,남,55세,중상
2013090700100535,2013년 9월 7일 19시,토요일,전라북도 정읍시 금붕동,중상사고,0,2,2,0,차대차 - 추돌 - 진행중,안전운전불이행,건조,맑음,단일로 - 기타,승용,남,43세,중상,승용,남,78세,중상
2013090700100536,2013년 9월 7일 19시,토요일,전라북도 완주군 화산면,사망사고,1,0,0,0,차대차 - 기타,안전운전불이행,건조,맑음,단일로 - 기타,승용,남,29세,상해없음,자전거,남,78세,사망
2013090700100571,2013년 9월 7일 20시,토요일,전라북도 전주시 덕진구 금암동,중상사고,0,1,0,0,차대차 - 측면직각충돌,안전거리미확보,건조,맑음,교차로 - 교차로부근,승용,남,31세,상해없음,이륜,남,17세,중상
2013090700100572,2013년 9월 7일 20시,토요일,전라북도 전주시 덕진구 인후동2가,중상사고,0,1,0,0,차대사람 - 보도통행중,안전운전불이행,건조,맑음,교차로 - 교차로부근,승용,남,48세,상해없음,보행자,여,35세,중상
2013090700100573,2013년 9월 7일 20시,토요일,전라북도 정읍시 입암면,중상사고,0,1,0,0,차대사람 - 기타,안전운전불이행,건조,맑음,단일로 - 기타,승용,남,49세,상해없음,보행자,남,57세,중상
2013090700100574,2013년 9월 7일 20시,토요일,전라북도 완주군 봉동읍,경상사고,0,0,1,0,차대차 - 측면직각충돌,신호위반,건조,맑음,교차로 - 교차로안,승용,남,21세,상해없음,승용,여,48세,경상
2013090700100603,2013년 9월 7일 21시,토요일,전라북도 전주시 완산구 삼천동1가,경상사고,0,0,2,0,차대차 - 측면직각충돌,신호위반,건조,맑음,교차로 - 교차로안,승용,남,21세,상해없음,승용,여,39세,경상
2013090700100604,2013년 9월 7일 21시,토요일,전라북도 군산시 나운동,중상사고,0,1,0,0,차대차 - 추돌 - 주정차중,안전운전불이행,건조,맑음,단일로 - 기타,승용,남,24세,상해없음,이륜,남,17세,중상
2013090700100661,2013년 9월 7일 23시,토요일,전라북도 익산시 부송동,중상사고,0,1,1,0,차대차 - 측면직각충돌,신호위반,건조,맑음,교차로 - 교차로안,승용,남,46세,상해없음,승용,남,31세,경상
2013090800100017,2013년 9월 8일 00시,일요일,전라북도 전주시 완산구 동서학동,경상사고,0,0,2,0,차대차 - 추돌 - 진행중,안전운전불이행,건조,맑음,단일로 - 기타,승합,남,47세,상해없음,승용,남,22세,경상
2013090800100018,2013년 9월 8일 00시,일요일,전라북도 정읍시 소성면,경상사고,0,0,2,0,차대차 - 추돌 - 주정차중,과속,건조,맑음,단일로 - 기타,화물,남,30세,경상,승용,남,48세,경상
2013090800100085,2013년 9월 8일 04시,일요일,전라북도 완주군 봉동읍,사망사고,1,0,1,0,차대차 - 정면충돌,중앙선침범,기타,안개,단일로 - 기타,화물,남,75세,경상,승용,여,58세,사망
2013090800100096,2013년 9월 8일 05시,일요일,전라북도 전주시 완산구 서서학동,사망사고,1,0,0,0,차대사람 - 기타,안전운전불이행,건조,맑음,교차로 - 교차로부근,승용,여,57세,상해없음,보행자,여,72세,사망
2013090800100097,2013년 9월 8일 05시,일요일,전라북도 전주시 완산구 서신동,경상사고,0,0,1,0,차대차 - 측면직각충돌,신호위반,건조,맑음,교차로 - 교차로안,승용,남,42세,상해없음,승용,남,23세,경상
2013090800100098,2013년 9월 8일 05시,일요일,전라북도 군산시 개정동,중상사고,0,3,0,0,차대차 - 측면직각충돌,안전운전불이행,건조,맑음,단일로 - 기타,승용,여,45세,상해없음,승용,남,44세,중상
2013090800100124,2013년 9월 8일 07시,일요일,전라북도 남원시 인월면,중상사고,0,2,0,0,차대차 - 측면직각충돌,안전운전불이행,건조,맑음,교차로 - 교차로안,승용,남,56세,상해없음,화물,남,66세,중상
2013090800100144,2013년 9월 8일 08시,일요일,전라북도 전주시 덕진구 우아동1가,경상사고,0,0,1,0,차대차 - 추돌 - 진행중,안전운전불이행,건조,맑음,교차로 - 교차로부근,승용,남,23세,상해없음,특수,남,39세,경상
2013090800100145,2013년 9월 8일 08시,일요일,전라북도 군산시 소룡동,사망사고,1,0,0,0,차대차 - 기타,안전운전불이행,건조,맑음,교차로 - 교차로부근,승용,여,30세,상해없음,승용,남,57세,상해없음
2013090800100165,2013년 9월 8일 09시,일요일,전라북도 익산시 동산동,경상사고,0,0,1,0,차대차 - 추돌 - 진행중,안전운전불이행,건조,맑음,교차로 - 교차로부근,승용,여,43세,상해없음,승용,여,36세,경상
2013090800100188,2013년 9월 8일 10시,일요일,전라북도 남원시 왕정동,중상사고,0,1,0,0,차대차 - 측면직각충돌,안전운전불이행,건조,맑음,교차로 - 교차로안,승용,남,44세,상해없음,자전거,남,74세,중상
2013090800100209,2013년 9월 8일 11시,일요일,전라북도 장수군 산서면,중상사고,0,1,0,0,차대차 - 기타,안전운전불이행,건조,맑음,단일로 - 기타,화물,남,51세,상해없음,이륜,남,73세,중상
2013090800100223,2013년 9월 8일 12시,일요일,전라북도 전주시 완산구 삼천동1가,경상사고,0,0,1,0,차대사람 - 횡단중,보행자보호의무위반,건조,맑음,교차로 - 교차로부근,승용,남,41세,상해없음,보행자,남,33세,경상
2013090800100251,2013년 9월 8일 13시,일요일,전라북도 장수군 장수읍,경상사고,0,0,1,0,차대사람 - 기타,안전운전불이행,건조,맑음,기타 - 기타,승용,남,38세,상해없음,보행자,남,72세,경상
2013090800100277,2013년 9월 8일 14시,일요일,전라북도 전주시 완산구 중앙동1가,경상사고,0,0,5,0,차대차 - 측면직각충돌,신호위반,건조,맑음,교차로 - 교차로안,승용,남,30세,상해없음,승용,남,29세,경상
2013090800100278,2013년 9월 8일 14시,일요일,전라북도 정읍시 칠보면,중상사고,0,1,1,0,차대차 - 측면직각충돌,안전운전불이행,건조,맑음,교차로 - 교차로부근,이륜,남,71세,중상,승용,여,55세,경상
2013090800100338,2013년 9월 8일 16시,일요일,전라북도 전주시 완산구 서신동,경상사고,0,0,1,0,차대차 - 측면직각충돌,안전운전불이행,건조,맑음,교차로 - 교차로부근,승용,남,60세,상해없음,자전거,남,13세,경상
2013090800100370,2013년 9월 8일 17시,일요일,전라북도 정읍시 상동,경상사고,0,0,1,0,차대사람 - 보도통행중,기타,건조,맑음,교차로 - 교차로부근,이륜,남,55세,상해없음,보행자,남,40세,경상
2013090800100371,2013년 9월 8일 17시,일요일,전라북도 남원시 고죽동,중상사고,0,1,0,0,차대사람 - 기타,안전운전불이행,건조,맑음,단일로 - 기타,건설기계,남,40세,상해없음,보행자,남,49세,중상
2013090800100372,2013년 9월 8일 17시,일요일,전라북도 임실군 운암면,사망사고,1,1,0,0,차량단독 - 공작물충돌,안전운전불이행,건조,맑음,단일로 - 기타,승용,남,71세,중상,,,,
2013090800100373,2013년 9월 8일 17시,일요일,전라북도 장수군 장수읍,경상사고,0,0,2,0,차대차 - 추돌 - 진행중,안전운전불이행,건조,맑음,단일로 - 기타,이륜,남,41세,상해없음,이륜,남,65세,경상
2013090800100396,2013년 9월 8일 18시,일요일,전라북도 전주시 완산구 효자동3가,경상사고,0,0,1,0,차대차 - 기타,안전운전불이행,건조,맑음,교차로 - 교차로안,이륜,남,55세,경상,승용,남,58세,상해없음
2013090800100432,2013년 9월 8일 19시,일요일,전라북도 익산시 남중동,경상사고,0,0,1,0,차대사람 - 보도통행중,보행자보호의무위반,건조,맑음,교차로 - 교차로안,승용,남,42세,상해없음,보행자,남,40세,경상
2013090800100433,2013년 9월 8일 19시,일요일,전라북도 남원시 동충동,중상사고,0,1,0,0,차대사람 - 길가장자리구역통행중,안전운전불이행,건조,맑음,단일로 - 기타,승용,남,56세,상해없음,보행자,남,52세,중상
2013090800100434,2013년 9월 8일 19시,일요일,전라북도 진안군 부귀면,사망사고,1,0,0,0,차대차 - 추돌 - 진행중,안전운전불이행,건조,맑음,단일로 - 기타,승용,남,27세,사망,건설기계,남,38세,상해없음
2013090800100435,2013년 9월 8일 19시,일요일,전라북도 장수군 장수읍,경상사고,0,0,1,0,차대차 - 기타,기타,건조,맑음,단일로 - 기타,원동기,남,80세,경상,화물,남,50세,상해없음
2013090800100474,2013년 9월 8일 20시,일요일,전라북도 익산시 동산동,경상사고,0,0,2,0,차대차 - 추돌 - 주정차중,안전운전불이행,건조,맑음,교차로 - 교차로부근,승용,남,69세,상해없음,승용,남,32세,경상
2013090800100500,2013년 9월 8일 21시,일요일,전라북도 완주군 삼례읍,경상사고,0,0,1,0,차대차 - 측면직각충돌,신호위반,건조,맑음,교차로 - 교차로안,승용,여,25세,상해없음,승용,남,51세,경상
2013090800100522,2013년 9월 8일 22시,일요일,전라북도 전주시 덕진구 송천동1가,경상사고,0,0,1,0,차대사람 - 기타,안전운전불이행,건조,맑음,교차로 - 교차로안,승용,남,40세,상해없음,보행자,남,49세,경상
2013090900100042,2013년 9월 9일 05시,월요일,전라북도 김제시 만경읍,사망사고,1,0,0,0,차대사람 - 차도통행중,안전운전불이행,습기,안개,단일로 - 기타,승용,남,46세,상해없음,보행자,기타불명,71세,사망
2013090900100071,2013년 9월 9일 07시,월요일,전라북도 전주시 완산구 서서학동,중상사고,0,1,0,0,차대사람 - 기타,안전운전불이행,건조,맑음,교차로 - 교차로부근,승용,남,32세,상해없음,보행자,여,73세,중상
2013090900100072,2013년 9월 9일 07시,월요일,전라북도 부안군 변산면,중상사고,0,1,0,0,차대차 - 측면직각충돌,안전운전불이행,건조,맑음,교차로 - 교차로부근,승용,여,61세,상해없음,이륜,남,67세,중상
2013090900100131,2013년 9월 9일 09시,월요일,전라북도 익산시 왕궁면,경상사고,0,0,1,0,차대차 - 측면직각충돌,신호위반,건조,맑음,교차로 - 교차로안,건설기계,남,53세,상해없음,승용,남,27세,경상
2013090900100167,2013년 9월 9일 10시,월요일,전라북도 김제시 백산면,중상사고,0,1,0,0,차대사람 - 차도통행중,안전운전불이행,건조,맑음,단일로 - 기타,승용,남,35세,상해없음,보행자,여,80세,중상
2013090900100191,2013년 9월 9일 11시,월요일,전라북도 익산시 창인동1가,경상사고,0,0,1,0,차대차 - 추돌 - 주정차중,안전운전불이행,건조,맑음,단일로 - 기타,승용,여,51세,상해없음,승합,남,70세,경상
2013090900100211,2013년 9월 9일 12시,월요일,전라북도 익산시 신동,경상사고,0,0,1,0,차대차 - 기타,신호위반,건조,맑음,교차로 - 교차로안,승용,남,68세,상해없음,승용,남,27세,경상
2013090900100212,2013년 9월 9일 12시,월요일,전라북도 김제시 백산면,중상사고,0,1,0,0,차대사람 - 기타,안전운전불이행,건조,맑음,기타 - 기타,승용,남,52세,상해없음,보행자,남,53세,중상
2013090900100241,2013년 9월 9일 13시,월요일,전라북도 군산시 수송동,경상사고,0,0,1,0,차대사람 - 기타,안전운전불이행,건조,맑음,단일로 - 기타,승용,남,62세,상해없음,보행자,여,54세,경상
2013090900100267,2013년 9월 9일 14시,월요일,전라북도 군산시 금광동,경상사고,0,0,1,0,차대차 - 측면직각충돌,안전거리미확보,건조,맑음,단일로 - 기타,화물,남,42세,상해없음,승용,남,48세,경상
2013090900100300,2013년 9월 9일 15시,월요일,전라북도 익산시 동산동,경상사고,0,0,1,0,차대차 - 측면직각충돌,안전거리미확보,건조,맑음,단일로 - 기타,승용,남,50세,상해없음,화물,남,38세,경상
2013090900100341,2013년 9월 9일 16시,월요일,전라북도 김제시 요촌동,중상사고,0,2,0,0,차대차 - 측면직각충돌,직진우회전진행방해,건조,맑음,교차로 - 교차로안,화물,남,55세,상해없음,이륜,남,52세,중상
2013090900100411,2013년 9월 9일 18시,월요일,전라북도 익산시 남중동,경상사고,0,0,1,0,차대차 - 기타,중앙선침범,건조,맑음,단일로 - 기타,승용,여,32세,상해없음,자전거,남,59세,경상
2013090900100444,2013년 9월 9일 19시,월요일,전라북도 부안군 보안면,경상사고,0,0,3,0,차대차 - 추돌 - 진행중,안전운전불이행,건조,맑음,단일로 - 기타,화물,남,56세,경상,승용,남,59세,경상
2013090900100513,2013년 9월 9일 21시,월요일,전라북도 남원시 향교동,중상사고,0,1,0,0,차대차 - 기타,차로위반,건조,맑음,단일로 - 기타,승용,남,21세,상해없음,원동기,남,50세,중상
2013090900100571,2013년 9월 9일 23시,월요일,전라북도 전주시 완산구 삼천동1가,경상사고,0,0,1,0,차대차 - 추돌 - 주정차중,안전운전불이행,건조,맑음,교차로 - 교차로부근,승용,남,42세,상해없음,승용,여,38세,경상
2013090900100572,2013년 9월 9일 23시,월요일,전라북도 고창군 고창읍,중상사고,0,1,0,0,차대사람 - 기타,안전운전불이행,건조,맑음,단일로 - 기타,승용,남,27세,상해없음,보행자,남,53세,중상
2013091000100017,2013년 9월 10일 00시,화요일,전라북도 익산시 부송동,경상사고,0,0,1,0,차대차 - 측면직각충돌,신호위반,건조,맑음,교차로 - 교차로안,승용,남,59세,상해없음,승용,남,27세,경상
2013091000100081,2013년 9월 10일 06시,화요일,전라북도 전주시 완산구 중화산동2가,경상사고,0,0,1,0,차대차 - 측면직각충돌,교차로운행방법위반,건조,맑음,교차로 - 교차로안,승용,남,24세,상해없음,승용,남,59세,상해없음
2013091000100101,2013년 9월 10일 07시,화요일,전라북도 전주시 완산구 중화산동2가,중상사고,0,1,0,0,차대사람 - 기타,안전운전불이행,건조,맑음,단일로 - 기타,승합,남,55세,상해없음,보행자,여,48세,중상
2013091000100139,2013년 9월 10일 08시,화요일,전라북도 전주시 완산구 색장동,중상사고,0,1,2,0,차대차 - 기타,안전거리미확보,건조,맑음,단일로 - 기타,승용,남,30세,상해없음,승용,여,45세,중상
2013091000100140,2013년 9월 10일 08시,화요일,전라북도 익산시 신동,중상사고,0,1,0,0,차대차 - 측면직각충돌,안전운전불이행,건조,맑음,단일로 - 기타,승용,여,51세,상해없음,이륜,남,51세,중상
2013091000100166,2013년 9월 10일 09시,화요일,전라북도 전주시 덕진구 덕진동1가,경상사고,0,0,1,0,차대차 - 추돌 - 주정차중,안전운전불이행,건조,흐림,단일로 - 횡단보도부근,승용,남,26세,상해없음,승용,남,39세,경상
2013091000100167,2013년 9월 10일 09시,화요일,전라북도 부안군 진서면,경상사고,0,0,1,0,차대사람 - 기타,안전운전불이행,건조,맑음,기타 - 기타,승용,남,45세,상해없음,보행자,여,86세,경상
2013091000100191,2013년 9월 10일 10시,화요일,전라북도 전주시 완산구 효자동3가,경상사고,0,0,2,0,차대차 - 추돌 - 진행중,안전거리미확보,건조,맑음,단일로 - 기타,승용,여,56세,상해없음,승용,남,35세,경상
2013091000100192,2013년 9월 10일 10시,화요일,전라북도 부안군 부안읍,중상사고,0,1,0,0,차대사람 - 횡단중,안전운전불이행,건조,맑음,단일로 - 횡단보도상,승용,남,54세,상해없음,보행자,여,77세,중상
2013091000100210,2013년 9월 10일 11시,화요일,전라북도 전주시 덕진구 인후동1가,경상사고,0,0,1,0,차대차 - 측면직각충돌,안전거리미확보,건조,흐림,단일로 - 기타,승용,여,39세,상해없음,승용,여,35세,경상
2013091000100211,2013년 9월 10일 11시,화요일,전라북도 전주시 덕진구 동산동,중상사고,0,1,0,0,차대사람 - 기타,안전운전불이행,건조,흐림,기타 - 기타,승용,남,51세,상해없음,보행자,여,12세,중상
2013091000100212,2013년 9월 10일 11시,화요일,전라북도 익산시 신용동,경상사고,0,0,1,0,차대차 - 측면직각충돌,안전운전불이행,건조,맑음,교차로 - 교차로안,자전거,남,22세,경상,승합,여,36세,상해없음
2013091000100213,2013년 9월 10일 11시,화요일,전라북도 정읍시 연지동,경상사고,0,0,1,0,차대차 - 측면직각충돌,중앙선침범,건조,맑음,단일로 - 기타,화물,남,68세,상해없음,원동기,남,78세,경상
2013091000100255,2013년 9월 10일 13시,화요일,전라북도 임실군 청웅면,중상사고,0,1,1,0,차량단독 - 전도전복,안전운전불이행,건조,맑음,교차로 - 교차로부근,농기계,남,69세,경상,,,,
2013091000100272,2013년 9월 10일 14시,화요일,전라북도 전주시 덕진구 덕진동1가,중상사고,0,1,0,0,차대차 - 측면직각충돌,안전운전불이행,건조,흐림,교차로 - 교차로안,화물,남,29세,상해없음,원동기,남,68세,중상
2013091000100273,2013년 9월 10일 14시,화요일,전라북도 정읍시 태인면,경상사고,0,0,1,0,차대차 - 측면직각충돌,안전운전불이행,건조,맑음,교차로 - 교차로안,화물,남,56세,상해없음,승용,남,43세,상해없음