사고번호,사고일시,요일,시군구,사고내용,사망자수,중상자수,경상자수,부상신고자수,사고유형,법규위반,노면상태,기상상태,도로형태,가해운전자 차종,가해운전자 성별,가해운전자 연령,가해운전자 상해정도,피해운전자 차종,피해운전자 성별,피해운전자 연령,피해운전자 상해정도
2013091000100274,2013년 9월 10일 14시,화요일,전라북도 고창군 대산면,사망사고,1,3,1,0,차량단독 - 전도전복,안전운전불이행,건조,맑음,단일로 - 기타,승합,남,66세,상해없음,,,,
2013091000100299,2013년 9월 10일 15시,화요일,전라북도 전주시 완산구 서신동,중상사고,0,1,0,0,차대차 - 기타,교차로운행방법위반,건조,맑음,교차로 - 교차로안,승용,남,77세,상해없음,이륜,남,74세,중상
2013091000100300,2013년 9월 10일 15시,화요일,전라북도 전주시 덕진구 인후동1가,경상사고,0,0,1,0,차대차 - 측면직각충돌,직진우회전진행방해,건조,흐림,교차로 - 교차로안,승용,여,34세,상해없음,화물,남,51세,경상
2013091000100301,2013년 9월 10일 15시,화요일,전라북도 김제시 요촌동,경상사고,0,0,1,0,차대사람 - 횡단중,안전운전불이행,건조,맑음,단일로 - 기타,승용,남,73세,상해없음,보행자,여,77세,경상
2013091000100302,2013년 9월 10일 15시,화요일,전라북도 남원시 이백면,경상사고,0,0,1,0,차대차 - 측면직각충돌,중앙선침범,건조,맑음,단일로 - 기타,화물,남,72세,상해없음,승용,남,75세,경상
2013091000100339,2013년 9월 10일 16시,화요일,전라북도 익산시 영등동,중상사고,0,1,0,0,차대사람 - 기타,안전운전불이행,건조,맑음,단일로 - 기타,자전거,남,19세,상해없음,보행자,여,14세,중상
2013091000100368,2013년 9월 10일 17시,화요일,전라북도 임실군 임실읍,경상사고,0,0,1,0,차대차 - 측면직각충돌,안전운전불이행,건조,맑음,단일로 - 기타,화물,남,64세,상해없음,승용,남,35세,경상
2013091000100369,2013년 9월 10일 17시,화요일,전라북도 완주군 용진면,중상사고,0,1,0,0,차대차 - 측면직각충돌,교차로운행방법위반,건조,맑음,교차로 - 교차로안,건설기계,남,49세,상해없음,승용,남,50세,중상
2013091000100471,2013년 9월 10일 19시,화요일,전라북도 남원시 향교동,경상사고,0,0,1,0,차대차 - 측면직각충돌,신호위반,건조,맑음,교차로 - 교차로안,화물,남,34세,상해없음,승용,남,67세,경상
2013091000100472,2013년 9월 10일 19시,화요일,전라북도 완주군 화산면,경상사고,0,0,2,0,차대차 - 정면충돌,중앙선침범,건조,맑음,단일로 - 기타,승용,남,51세,상해없음,화물,남,63세,경상
2013091000100509,2013년 9월 10일 20시,화요일,전라북도 전주시 완산구 동서학동,경상사고,0,0,1,0,차대차 - 기타,안전운전불이행,건조,맑음,교차로 - 교차로안,승용,남,55세,상해없음,이륜,남,48세,경상
2013091000100510,2013년 9월 10일 20시,화요일,전라북도 완주군 봉동읍,중상사고,0,1,1,0,차대차 - 측면직각충돌,신호위반,습기,비,교차로 - 교차로안,화물,남,71세,상해없음,승합,남,57세,중상
2013091000100561,2013년 9월 10일 21시,화요일,전라북도 전주시 완산구 효자동2가,경상사고,0,0,1,0,차대차 - 기타,중앙선침범,습기,비,단일로 - 기타,승용,남,42세,상해없음,이륜,남,48세,경상
2013091000100562,2013년 9월 10일 21시,화요일,전라북도 전주시 완산구 효자동3가,경상사고,0,0,1,0,차대차 - 기타,교차로운행방법위반,습기,비,교차로 - 교차로안,승용,남,51세,경상,승용,남,53세,상해없음
2013091000100608,2013년 9월 10일 22시,화요일,전라북도 전주시 덕진구 송천동1가,경상사고,0,0,1,0,차대차 - 측면직각충돌,안전거리미확보,습기,비,교차로 - 교차로부근,승용,여,40세,상해없음,승용,여,29세,경상
2013091000100609,2013년 9월 10일 22시,화요일,전라북도 군산시 수송동,경상사고,0,0,1,0,차대차 - 측면직각충돌,안전거리미확보,습기,비,단일로 - 기타,승용,남,47세,상해없음,원동기,남,38세,경상
2013091000100610,2013년 9월 10일 22시,화요일,전라북도 군산시 조촌동,중상사고,0,1,0,0,차대차 - 측면직각충돌,안전운전불이행,습기,비,교차로 - 교차로안,승합,여,48세,상해없음,원동기,남,16세,중상
2013091000100611,2013년 9월 10일 22시,화요일,전라북도 익산시 신용동,경상사고,0,0,4,0,차대차 - 측면직각충돌,직진우회전진행방해,건조,맑음,교차로 - 교차로안,승용,남,20세,상해없음,화물,남,56세,경상
2013091000100612,2013년 9월 10일 22시,화요일,전라북도 남원시 주생면,중상사고,0,1,0,0,차대차 - 기타,안전운전불이행,건조,흐림,단일로 - 기타,승용,남,36세,상해없음,자전거,남,46세,중상
2013091000100653,2013년 9월 10일 23시,화요일,전라북도 전주시 완산구 중화산동1가,경상사고,0,0,1,0,차대차 - 기타,안전운전불이행,건조,맑음,단일로 - 기타,승용,여,57세,상해없음,승용,여,45세,경상
2013091100100038,2013년 9월 11일 02시,수요일,전라북도 군산시 미룡동,경상사고,0,0,2,0,차대차 - 측면직각충돌,안전운전불이행,건조,흐림,단일로 - 기타,승용,남,53세,상해없음,승용,남,63세,경상
2013091100100066,2013년 9월 11일 04시,수요일,전라북도 전주시 덕진구 인후동1가,중상사고,0,1,0,0,차대차 - 추돌 - 진행중,안전거리미확보,습기,비,단일로 - 기타,승용,남,34세,상해없음,원동기,남,68세,중상
2013091100100118,2013년 9월 11일 07시,수요일,전라북도 전주시 덕진구 팔복동1가,중상사고,0,1,0,0,차대차 - 측면직각충돌,직진우회전진행방해,건조,흐림,교차로 - 교차로안,승합,남,33세,상해없음,원동기,남,71세,중상
2013091100100119,2013년 9월 11일 07시,수요일,전라북도 군산시 문화동,경상사고,0,0,1,0,차대사람 - 기타,안전운전불이행,건조,맑음,단일로 - 기타,이륜,기타불명,기타불명,기타불명,보행자,남,13세,경상
2013091100100151,2013년 9월 11일 08시,수요일,전라북도 전주시 완산구 고사동,중상사고,0,1,1,0,차대차 - 추돌 - 진행중,안전운전불이행,습기,비,단일로 - 기타,승합,남,48세,상해없음,승용,여,58세,경상
2013091100100152,2013년 9월 11일 08시,수요일,전라북도 전주시 완산구 효자동3가,경상사고,0,0,1,0,차대차 - 기타,안전운전불이행,건조,맑음,교차로 - 교차로부근,기타불명,기타불명,기타불명,기타불명,화물,남,64세,상해없음
2013091100100153,2013년 9월 11일 08시,수요일,전라북도 정읍시 입암면,중상사고,0,1,0,0,차대차 - 측면직각충돌,안전운전불이행,습기,비,교차로 - 교차로안,건설기계,남,29세,상해없음,원동기,남,76세,중상
2013091100100182,2013년 9월 11일 09시,수요일,전라북도 남원시 식정동,경상사고,0,0,1,0,차대차 - 측면직각충돌,교차로운행방법위반,습기,비,교차로 - 교차로안,화물,남,68세,상해없음,화물,남,54세,상해없음
2013091100100212,2013년 9월 11일 10시,수요일,전라북도 전주시 덕진구 여의동,중상사고,0,1,0,0,차대사람 - 횡단중,중앙선침범,건조,맑음,단일로 - 기타,승용,남,34세,상해없음,보행자,여,78세,중상
2013091100100213,2013년 9월 11일 10시,수요일,전라북도 진안군 진안읍,중상사고,0,1,1,0,차량단독 - 도로외이탈 - 추락,안전운전불이행,건조,맑음,단일로 - 기타,농기계,남,76세,경상,,,,
2013091100100258,2013년 9월 11일 12시,수요일,전라북도 익산시 남중동,중상사고,0,1,0,0,차대차 - 측면직각충돌,직진우회전진행방해,건조,맑음,교차로 - 교차로안,승용,남,33세,상해없음,이륜,남,43세,중상
2013091100100280,2013년 9월 11일 13시,수요일,전라북도 전주시 덕진구 우아동1가,중상사고,0,1,1,0,차대차 - 추돌 - 진행중,안전운전불이행,건조,맑음,단일로 - 기타,화물,남,63세,상해없음,승용,남,51세,중상
2013091100100309,2013년 9월 11일 14시,수요일,전라북도 진안군 진안읍,중상사고,0,2,1,0,차대차 - 정면충돌,중앙선침범,건조,맑음,단일로 - 기타,승용,여,53세,중상,승용,남,39세,경상
2013091100100333,2013년 9월 11일 15시,수요일,전라북도 군산시 창성동,경상사고,0,0,1,0,차대사람 - 차도통행중,안전운전불이행,건조,맑음,단일로 - 기타,승용,기타불명,기타불명,기타불명,보행자,여,19세,경상
2013091100100364,2013년 9월 11일 16시,수요일,전라북도 군산시 대야면,경상사고,0,0,1,0,차대사람 - 기타,안전운전불이행,건조,맑음,교차로 - 교차로부근,승합,남,51세,상해없음,보행자,남,17세,경상
2013091100100397,2013년 9월 11일 17시,수요일,전라북도 익산시 성당면,중상사고,0,1,0,0,차대차 - 정면충돌,중앙선침범,건조,맑음,교차로 - 교차로부근,승합,남,48세,상해없음,화물,여,54세,중상
2013091100100398,2013년 9월 11일 17시,수요일,전라북도 남원시 운봉읍,중상사고,0,1,0,0,차대차 - 정면충돌,중앙선침범,건조,흐림,교차로 - 교차로안,화물,남,42세,상해없음,승용,남,34세,상해없음
2013091100100399,2013년 9월 11일 17시,수요일,전라북도 고창군 고창읍,경상사고,0,0,1,0,차대차 - 측면직각충돌,안전운전불이행,건조,맑음,기타 - 기타,승용,남,32세,상해없음,화물,남,30세,경상
2013091100100430,2013년 9월 11일 18시,수요일,전라북도 군산시 나운동,경상사고,0,0,1,0,차대차 - 측면직각충돌,안전운전불이행,건조,맑음,교차로 - 교차로부근,승용,여,44세,상해없음,이륜,남,40세,경상
2013091100100461,2013년 9월 11일 19시,수요일,전라북도 익산시 춘포면,경상사고,0,0,1,0,차대사람 - 기타,안전운전불이행,건조,맑음,단일로 - 기타,승용,남,30세,상해없음,보행자,여,77세,경상
2013091100100462,2013년 9월 11일 19시,수요일,전라북도 남원시 조산동,중상사고,0,1,0,0,차대차 - 기타,안전운전불이행,습기,흐림,단일로 - 기타,승용,남,28세,상해없음,자전거,여,61세,중상
2013091100100492,2013년 9월 11일 20시,수요일,전라북도 전주시 완산구 서노송동,부상신고사고,0,0,0,1,차대사람 - 횡단중,안전운전불이행,건조,맑음,단일로 - 기타,승용,남,64세,상해없음,보행자,남,43세,부상신고
2013091100100493,2013년 9월 11일 20시,수요일,전라북도 익산시 석탄동,경상사고,0,0,5,0,차대차 - 측면직각충돌,안전운전불이행,건조,맑음,단일로 - 기타,화물,남,50세,상해없음,승합,남,50세,경상
2013091100100494,2013년 9월 11일 20시,수요일,전라북도 부안군 상서면,경상사고,0,0,1,0,차대차 - 측면직각충돌,안전운전불이행,건조,맑음,교차로 - 교차로안,승용,여,53세,상해없음,승용,남,36세,경상
2013091100100593,2013년 9월 11일 23시,수요일,전라북도 전주시 완산구 고사동,경상사고,0,0,1,0,차대사람 - 횡단중,안전운전불이행,건조,맑음,단일로 - 기타,승합,남,22세,상해없음,보행자,남,60세,경상
2013091200100036,2013년 9월 12일 02시,목요일,전라북도 전주시 덕진구 송천동1가,중상사고,0,1,0,0,차량단독 - 공작물충돌,안전운전불이행,건조,맑음,단일로 - 기타,승용,남,30세,기타불명,,,,
2013091200100050,2013년 9월 12일 04시,목요일,전라북도 무주군 안성면,중상사고,0,1,0,0,차대사람 - 기타,안전운전불이행,건조,맑음,단일로 - 기타,승용,남,50세,상해없음,보행자,남,55세,중상
2013091200100060,2013년 9월 12일 05시,목요일,전라북도 군산시 경암동,경상사고,0,0,1,0,차대차 - 추돌 - 진행중,안전운전불이행,건조,맑음,단일로 - 기타,승용,여,33세,상해없음,승용,남,43세,상해없음
2013091200100061,2013년 9월 12일 05시,목요일,전라북도 정읍시 수성동,중상사고,0,1,0,0,차대사람 - 횡단중,안전운전불이행,건조,흐림,교차로 - 교차로부근,승용,남,58세,상해없음,보행자,남,18세,중상
2013091200100096,2013년 9월 12일 07시,목요일,전라북도 전주시 완산구 효자동3가,경상사고,0,0,2,0,차대차 - 기타,안전운전불이행,건조,맑음,단일로 - 기타,승용,여,41세,경상,승용,남,41세,경상
2013091200100158,2013년 9월 12일 09시,목요일,전라북도 임실군 강진면,중상사고,0,2,0,0,차대차 - 측면직각충돌,불법유턴,습기,비,단일로 - 기타,승용,남,70세,상해없음,이륜,남,76세,중상
2013091200100192,2013년 9월 12일 10시,목요일,전라북도 익산시 영등동,중상사고,0,1,0,0,차대사람 - 횡단중,보행자보호의무위반,건조,맑음,교차로 - 교차로안,승용,남,53세,상해없음,보행자,여,50세,중상
2013091200100212,2013년 9월 12일 11시,목요일,전라북도 군산시 나운동,중상사고,0,1,0,0,차대차 - 측면직각충돌,중앙선침범,건조,맑음,단일로 - 기타,자전거,남,67세,중상,승용,여,46세,상해없음
2013091200100213,2013년 9월 12일 11시,목요일,전라북도 익산시 왕궁면,경상사고,0,0,1,0,차대차 - 기타,안전운전불이행,건조,맑음,단일로 - 기타,화물,남,41세,상해없음,이륜,여,59세,경상
2013091200100259,2013년 9월 12일 13시,목요일,전라북도 군산시 미룡동,중상사고,0,1,0,0,차대차 - 측면직각충돌,안전운전불이행,건조,흐림,단일로 - 기타,화물,남,57세,상해없음,이륜,남,78세,중상
2013091200100275,2013년 9월 12일 14시,목요일,전라북도 익산시 중앙동1가,중상사고,0,1,0,0,차대사람 - 횡단중,보행자보호의무위반,건조,맑음,단일로 - 횡단보도상,화물,남,68세,상해없음,보행자,여,66세,중상
2013091200100276,2013년 9월 12일 14시,목요일,전라북도 정읍시 시기동,경상사고,0,0,2,0,차대차 - 측면직각충돌,직진우회전진행방해,건조,맑음,교차로 - 교차로안,승용,여,39세,상해없음,승용,남,75세,상해없음
2013091200100277,2013년 9월 12일 14시,목요일,전라북도 완주군 고산면,경상사고,0,0,1,0,차대차 - 측면직각충돌,직진우회전진행방해,건조,맑음,교차로 - 교차로안,승용,남,34세,상해없음,이륜,남,52세,경상
2013091200100310,2013년 9월 12일 15시,목요일,전라북도 군산시 수송동,경상사고,0,0,1,0,차대사람 - 횡단중,보행자보호의무위반,건조,맑음,교차로 - 교차로안,승용,남,29세,상해없음,보행자,여,33세,경상
2013091200100339,2013년 9월 12일 16시,목요일,전라북도 군산시 경암동,경상사고,0,0,1,0,차대차 - 측면직각충돌,직진우회전진행방해,건조,맑음,교차로 - 교차로안,승용,남,50세,상해없음,승용,남,28세,경상
2013091200100371,2013년 9월 12일 17시,목요일,전라북도 김제시 금산면,경상사고,0,0,1,0,차대차 - 기타,안전거리미확보,건조,맑음,단일로 - 기타,화물,남,53세,상해없음,승용,남,64세,경상
2013091200100372,2013년 9월 12일 17시,목요일,전라북도 고창군 고창읍,중상사고,0,2,0,0,차량단독 - 기타,안전운전불이행,건조,맑음,단일로 - 기타,이륜,남,17세,중상,,,,
2013091200100454,2013년 9월 12일 19시,목요일,전라북도 전주시 덕진구 인후동1가,중상사고,0,1,0,0,차대차 - 측면직각충돌,안전운전불이행,습기,흐림,단일로 - 기타,승용,남,39세,상해없음,이륜,남,23세,중상
2013091200100529,2013년 9월 12일 21시,목요일,전라북도 임실군 오수면,중상사고,0,1,0,0,차대차 - 정면충돌,교차로운행방법위반,건조,흐림,교차로 - 교차로안,승용,남,24세,상해없음,이륜,남,53세,중상
2013091300100048,2013년 9월 13일 01시,금요일,전라북도 익산시 어양동,경상사고,0,0,1,0,차대사람 - 기타,안전운전불이행,건조,맑음,단일로 - 기타,승용,여,50세,기타불명,보행자,여,20세,경상
2013091300100110,2013년 9월 13일 06시,금요일,전라북도 전주시 완산구 교동,부상신고사고,0,0,0,1,차량단독 - 기타,안전운전불이행,습기,흐림,단일로 - 기타,이륜,남,66세,부상신고,,,,
2013091300100124,2013년 9월 13일 07시,금요일,전라북도 전주시 완산구 중화산동2가,경상사고,0,0,2,0,차대차 - 기타,안전거리미확보,건조,맑음,단일로 - 기타,승용,남,36세,상해없음,승용,남,44세,경상
2013091300100125,2013년 9월 13일 07시,금요일,전라북도 김제시 요촌동,경상사고,0,0,1,0,차대차 - 측면직각충돌,중앙선침범,건조,맑음,교차로 - 교차로부근,자전거,남,13세,경상,승합,남,53세,상해없음
2013091300100150,2013년 9월 13일 08시,금요일,전라북도 익산시 신동,경상사고,0,0,2,0,차대차 - 측면직각충돌,안전운전불이행,건조,맑음,교차로 - 교차로안,승용,남,66세,상해없음,이륜,남,16세,경상
2013091300100151,2013년 9월 13일 08시,금요일,전라북도 완주군 고산면,경상사고,0,0,2,0,차대차 - 측면직각충돌,교차로운행방법위반,건조,맑음,교차로 - 교차로안,승용,남,48세,상해없음,승용,남,37세,경상
2013091300100184,2013년 9월 13일 09시,금요일,전라북도 익산시 창인동1가,경상사고,0,0,1,0,차대차 - 측면직각충돌,신호위반,건조,맑음,교차로 - 교차로안,승용,남,57세,상해없음,승용,여,54세,경상
2013091300100185,2013년 9월 13일 09시,금요일,전라북도 김제시 연정동,중상사고,0,2,0,0,차대차 - 측면직각충돌,중앙선침범,건조,맑음,단일로 - 기타,화물,남,53세,상해없음,승용,남,75세,중상
2013091300100186,2013년 9월 13일 09시,금요일,전라북도 고창군 고창읍,중상사고,0,1,0,0,차대차 - 측면직각충돌,안전거리미확보,건조,맑음,단일로 - 기타,승용,여,48세,상해없음,원동기,남,80세,중상
2013091300100211,2013년 9월 13일 10시,금요일,전라북도 군산시 중동,경상사고,0,0,1,0,차대차 - 기타,안전운전불이행,건조,맑음,교차로 - 교차로부근,화물,남,38세,상해없음,승용,여,33세,경상
2013091300100279,2013년 9월 13일 12시,금요일,전라북도 군산시 문화동,경상사고,0,0,1,0,차대차 - 측면직각충돌,안전운전불이행,건조,맑음,교차로 - 교차로안,화물,남,52세,상해없음,자전거,남,41세,경상
2013091300100280,2013년 9월 13일 12시,금요일,전라북도 익산시 영등동,경상사고,0,0,1,0,차대차 - 측면직각충돌,안전운전불이행,건조,맑음,단일로 - 기타,승용,여,35세,상해없음,이륜,남,27세,경상
2013091300100281,2013년 9월 13일 12시,금요일,전라북도 완주군 봉동읍,경상사고,0,0,1,0,차대차 - 추돌 - 진행중,안전운전불이행,건조,맑음,교차로 - 교차로안,화물,남,56세,상해없음,원동기,남,59세,경상
2013091300100342,2013년 9월 13일 14시,금요일,전라북도 익산시 신동,경상사고,0,0,1,0,차대차 - 측면직각충돌,안전운전불이행,건조,맑음,교차로 - 교차로안,화물,남,50세,상해없음,자전거,남,71세,경상
2013091300100368,2013년 9월 13일 15시,금요일,전라북도 전주시 완산구 평화동1가,경상사고,0,0,1,0,차대사람 - 기타,안전운전불이행,건조,맑음,교차로 - 교차로안,기타불명,기타불명,기타불명,기타불명,보행자,남,54세,경상
2013091300100369,2013년 9월 13일 15시,금요일,전라북도 고창군 흥덕면,사망사고,1,0,0,0,차량단독 - 도로외이탈 - 추락,안전운전불이행,건조,흐림,단일로 - 기타,승용,남,31세,상해없음,,,,
2013091300100370,2013년 9월 13일 15시,금요일,전라북도 완주군 소양면,경상사고,0,0,1,0,차대사람 - 기타,안전운전불이행,건조,맑음,교차로 - 교차로부근,승용,여,55세,상해없음,보행자,남,42세,경상
2013091300100404,2013년 9월 13일 16시,금요일,전라북도 군산시 미원동,경상사고,0,0,1,0,차대차 - 측면직각충돌,직진우회전진행방해,건조,맑음,교차로 - 교차로안,승용,여,38세,상해없음,자전거,남,49세,경상
2013091300100405,2013년 9월 13일 16시,금요일,전라북도 부안군 부안읍,중상사고,0,1,0,0,차대차 - 측면직각충돌,안전운전불이행,건조,맑음,교차로 - 교차로안,승용,여,41세,상해없음,자전거,여,67세,중상
2013091300100443,2013년 9월 13일 17시,금요일,전라북도 익산시 신동,경상사고,0,0,1,0,차대차 - 측면직각충돌,안전운전불이행,건조,맑음,단일로 - 기타,승용,여,57세,상해없음,화물,남,21세,경상
2013091300100444,2013년 9월 13일 17시,금요일,전라북도 정읍시 수성동,경상사고,0,0,1,0,차대차 - 측면직각충돌,신호위반,건조,맑음,교차로 - 교차로안,화물,남,52세,상해없음,자전거,여,37세,경상
2013091300100445,2013년 9월 13일 17시,금요일,전라북도 부안군 부안읍,중상사고,0,1,0,0,차대차 - 측면직각충돌,중앙선침범,건조,맑음,교차로 - 교차로부근,승용,남,52세,상해없음,이륜,남,50세,중상
2013091300100481,2013년 9월 13일 18시,금요일,전라북도 전주시 덕진구 송천동1가,중상사고,0,1,0,0,차대차 - 측면직각충돌,안전운전불이행,건조,맑음,단일로 - 기타,화물,남,38세,상해없음,자전거,남,6세,중상
2013091300100482,2013년 9월 13일 18시,금요일,전라북도 군산시 소룡동,경상사고,0,0,1,0,차대차 - 측면직각충돌,신호위반,건조,흐림,교차로 - 교차로안,이륜,남,19세,기타불명,승용,남,26세,경상
2013091300100483,2013년 9월 13일 18시,금요일,전라북도 익산시 중앙동1가,경상사고,0,0,1,0,차대사람 - 길가장자리구역통행중,안전운전불이행,건조,맑음,단일로 - 기타,기타불명,기타불명,기타불명,기타불명,보행자,남,23세,경상
2013091300100484,2013년 9월 13일 18시,금요일,전라북도 임실군 오수면,경상사고,0,0,1,0,차대차 - 측면직각충돌,교차로운행방법위반,건조,맑음,교차로 - 교차로부근,승합,여,51세,기타불명,화물,남,64세,경상
2013091300100535,2013년 9월 13일 19시,금요일,전라북도 전주시 완산구 평화동1가,경상사고,0,0,1,0,차대사람 - 기타,불법유턴,건조,맑음,단일로 - 기타,승용,여,47세,상해없음,보행자,여,77세,경상
2013091300100536,2013년 9월 13일 19시,금요일,전라북도 전주시 덕진구 호성동1가,경상사고,0,0,1,0,차대차 - 측면직각충돌,중앙선침범,건조,맑음,교차로 - 교차로부근,승용,남,52세,상해없음,승용,여,32세,경상
2013091300100537,2013년 9월 13일 19시,금요일,전라북도 군산시 성산면,사망사고,1,0,0,0,차량단독 - 도로외이탈 - 기타,안전운전불이행,건조,흐림,단일로 - 기타,승용,남,43세,사망,,,,
2013091300100538,2013년 9월 13일 19시,금요일,전라북도 익산시 모현동1가,경상사고,0,0,1,0,차대차 - 측면직각충돌,안전운전불이행,건조,맑음,교차로 - 교차로부근,승용,남,60세,상해없음,자전거,남,17세,경상
2013091300100539,2013년 9월 13일 19시,금요일,전라북도 완주군 소양면,경상사고,0,0,1,0,차대차 - 측면직각충돌,중앙선침범,습기,흐림,단일로 - 횡단보도상,화물,남,52세,상해없음,승용,여,37세,경상
2013091300100575,2013년 9월 13일 20시,금요일,전라북도 김제시 금산면,중상사고,0,2,0,0,차대차 - 추돌 - 진행중,안전운전불이행,건조,맑음,단일로 - 기타,승용,남,38세,상해없음,이륜,여,25세,중상
2013091300100576,2013년 9월 13일 20시,금요일,전라북도 남원시 금지면,중상사고,0,1,0,0,차대차 - 측면직각충돌,안전운전불이행,건조,맑음,교차로 - 교차로안,승용,남,29세,상해없음,승용,남,55세,중상
2013091300100624,2013년 9월 13일 21시,금요일,전라북도 전주시 완산구 효자동1가,경상사고,0,0,3,0,차대차 - 기타,교차로운행방법위반,건조,맑음,교차로 - 교차로안,승용,여,56세,경상,승용,남,59세,경상
2013091300100625,2013년 9월 13일 21시,금요일,전라북도 전주시 덕진구 금암동,중상사고,0,1,0,0,차대사람 - 횡단중,안전운전불이행,건조,맑음,단일로 - 기타,승용,여,51세,상해없음,보행자,여,48세,중상
2013091300100626,2013년 9월 13일 21시,금요일,전라북도 익산시 신동,경상사고,0,0,1,0,차대차 - 측면직각충돌,신호위반,건조,맑음,단일로 - 기타,승용,여,37세,상해없음,이륜,남,57세,경상
2013091300100662,2013년 9월 13일 22시,금요일,전라북도 전주시 덕진구 송천동2가,경상사고,0,0,1,0,차대차 - 기타,안전운전불이행,건조,맑음,교차로 - 교차로안,화물,남,62세,상해없음,승용,남,23세,경상
2013091300100663,2013년 9월 13일 22시,금요일,전라북도 군산시 산북동,중상사고,0,1,1,0,차대차 - 추돌 - 진행중,안전거리미확보,건조,맑음,단일로 - 기타,승용,남,25세,상해없음,승용,남,57세,경상
2013091300100693,2013년 9월 13일 23시,금요일,전라북도 익산시 어양동,중상사고,0,1,0,0,차대사람 - 차도통행중,안전운전불이행,건조,맑음,단일로 - 기타,승용,남,49세,상해없음,보행자,여,64세,중상
2013091300100694,2013년 9월 13일 23시,금요일,전라북도 남원시 산동면,중상사고,0,1,1,0,차대차 - 기타,안전운전불이행,습기,흐림,단일로 - 기타,화물,남,57세,상해없음,화물,남,59세,중상
2013091400100021,2013년 9월 14일 00시,토요일,전라북도 전주시 덕진구 인후동2가,경상사고,0,0,1,0,차대차 - 추돌 - 진행중,안전운전불이행,습기,흐림,단일로 - 기타,승용,남,44세,상해없음,승용,여,51세,경상
2013091400100046,2013년 9월 14일 01시,토요일,전라북도 전주시 덕진구 팔복동2가,사망사고,1,0,0,0,차대사람 - 횡단중,안전운전불이행,건조,흐림,단일로 - 기타,승용,남,33세,상해없음,보행자,남,47세,사망
2013091400100047,2013년 9월 14일 01시,토요일,전라북도 군산시 미룡동,중상사고,0,1,0,0,차대차 - 추돌 - 진행중,안전운전불이행,건조,흐림,단일로 - 기타,승용,여,38세,기타불명,화물,남,51세,중상
2013091400100074,2013년 9월 14일 02시,토요일,전라북도 전주시 완산구 중화산동2가,경상사고,0,0,2,0,차대사람 - 기타,안전운전불이행,습기,비,교차로 - 교차로안,승용,남,54세,상해없음,보행자,남,29세,경상
2013091400100075,2013년 9월 14일 02시,토요일,전라북도 익산시 어양동,경상사고,0,0,2,0,차대차 - 측면직각충돌,안전운전불이행,건조,맑음,단일로 - 기타,승용,남,69세,상해없음,승용,남,35세,상해없음
2013091400100076,2013년 9월 14일 02시,토요일,전라북도 김제시 백구면,사망사고,1,0,0,0,차량단독 - 공작물충돌,안전운전불이행,건조,맑음,단일로 - 기타,승용,남,35세,사망,,,,
2013091400100096,2013년 9월 14일 03시,토요일,전라북도 전주시 덕진구 금암동,경상사고,0,0,1,0,차대차 - 측면직각충돌,안전운전불이행,습기,비,단일로 - 기타,승용,남,29세,상해없음,승용,여,66세,경상
2013091400100178,2013년 9월 14일 08시,토요일,전라북도 전주시 완산구 삼천동2가,경상사고,0,0,1,0,차대차 - 기타,안전운전불이행,습기,비,단일로 - 기타,승용,남,38세,상해없음,승용,여,49세,경상
2013091400100179,2013년 9월 14일 08시,토요일,전라북도 익산시 낭산면,경상사고,0,0,1,0,차대차 - 측면직각충돌,신호위반,습기,비,교차로 - 교차로안,승합,남,62세,상해없음,승용,남,45세,경상
2013091400100210,2013년 9월 14일 09시,토요일,전라북도 김제시 요촌동,경상사고,0,0,2,0,차대차 - 측면직각충돌,신호위반,습기,비,교차로 - 교차로안,승용,남,75세,상해없음,승용,남,59세,경상
2013091400100233,2013년 9월 14일 10시,토요일,전라북도 익산시 황등면,중상사고,0,1,0,0,차대사람 - 기타,안전운전불이행,습기,비,단일로 - 기타,승용,여,63세,상해없음,보행자,여,72세,중상
2013091400100324,2013년 9월 14일 13시,토요일,전라북도 김제시 청하면,경상사고,0,0,1,0,차대차 - 측면직각충돌,안전운전불이행,건조,맑음,단일로 - 기타,승용,남,58세,상해없음,화물,남,46세,상해없음
2013091400100369,2013년 9월 14일 14시,토요일,전라북도 부안군 부안읍,경상사고,0,0,1,0,차대차 - 측면직각충돌,신호위반,건조,맑음,교차로 - 교차로안,승용,여,63세,상해없음,승용,남,63세,경상
2013091400100408,2013년 9월 14일 15시,토요일,전라북도 전주시 완산구 평화동2가,경상사고,0,0,1,0,차대차 - 기타,안전거리미확보,건조,맑음,교차로 - 교차로안,원동기,남,33세,경상,승용,남,71세,상해없음
2013091400100409,2013년 9월 14일 15시,토요일,전라북도 군산시 나운동,중상사고,0,1,0,0,차대사람 - 횡단중,보행자보호의무위반,건조,맑음,단일로 - 횡단보도상,승용,남,27세,상해없음,보행자,여,81세,중상
2013091400100410,2013년 9월 14일 15시,토요일,전라북도 군산시 개정면,경상사고,0,0,1,0,차대차 - 측면직각충돌,직진우회전진행방해,건조,맑음,교차로 - 교차로안,승용,남,69세,상해없음,승용,여,56세,경상
2013091400100411,2013년 9월 14일 15시,토요일,전라북도 익산시 남중동,경상사고,0,0,2,0,차대차 - 추돌 - 주정차중,안전운전불이행,건조,맑음,교차로 - 교차로부근,승용,남,65세,상해없음,승용,남,48세,경상