사고번호,사고일시,요일,시군구,사고내용,사망자수,중상자수,경상자수,부상신고자수,사고유형,법규위반,노면상태,기상상태,도로형태,가해운전자 차종,가해운전자 성별,가해운전자 연령,가해운전자 상해정도,피해운전자 차종,피해운전자 성별,피해운전자 연령,피해운전자 상해정도
2013091400100449,2013년 9월 14일 16시,토요일,전라북도 김제시 요촌동,경상사고,0,0,1,0,차대사람 - 차도통행중,안전운전불이행,건조,맑음,단일로 - 기타,승용,여,27세,상해없음,보행자,여,49세,경상
2013091400100488,2013년 9월 14일 17시,토요일,전라북도 전주시 덕진구 팔복동2가,경상사고,0,0,1,0,차대차 - 추돌 - 주정차중,안전운전불이행,건조,맑음,단일로 - 기타,화물,남,60세,상해없음,승용,여,36세,상해없음
2013091400100521,2013년 9월 14일 18시,토요일,전라북도 전주시 덕진구 인후동1가,중상사고,0,1,0,0,차대사람 - 횡단중,보행자보호의무위반,건조,맑음,단일로 - 기타,승용,여,38세,상해없음,보행자,여,15세,중상
2013091400100522,2013년 9월 14일 18시,토요일,전라북도 군산시 개사동,중상사고,0,1,0,0,차대사람 - 기타,안전운전불이행,건조,맑음,단일로 - 기타,화물,남,56세,기타불명,보행자,여,55세,중상
2013091400100523,2013년 9월 14일 18시,토요일,전라북도 익산시 남중동,경상사고,0,0,1,0,차대차 - 측면직각충돌,교차로운행방법위반,건조,맑음,교차로 - 교차로안,승합,남,53세,상해없음,원동기,여,37세,경상
2013091400100561,2013년 9월 14일 19시,토요일,전라북도 남원시 월락동,경상사고,0,0,1,0,차대차 - 기타,중앙선침범,습기,흐림,단일로 - 기타,승용,여,34세,상해없음,이륜,남,72세,경상
2013091500100032,2013년 9월 15일 01시,일요일,전라북도 전주시 완산구 평화동2가,경상사고,0,0,1,0,차대차 - 기타,중앙선침범,건조,맑음,단일로 - 기타,기타불명,기타불명,기타불명,기타불명,이륜,남,38세,경상
2013091500100033,2013년 9월 15일 01시,일요일,전라북도 군산시 소룡동,경상사고,0,0,1,0,차대차 - 추돌 - 진행중,교차로운행방법위반,건조,맑음,교차로 - 교차로안,승용,남,50세,상해없음,승용,여,39세,경상
2013091500100071,2013년 9월 15일 04시,일요일,전라북도 군산시 나운동,경상사고,0,0,2,0,차대차 - 정면충돌,안전운전불이행,건조,맑음,단일로 - 기타,승용,남,33세,상해없음,승용,남,37세,경상
2013091500100186,2013년 9월 15일 11시,일요일,전라북도 전주시 덕진구 금암동,경상사고,0,0,1,0,차대차 - 기타,안전운전불이행,건조,맑음,교차로 - 교차로부근,승용,남,37세,상해없음,자전거,남,70세,경상
2013091500100212,2013년 9월 15일 12시,일요일,전라북도 익산시 동산동,중상사고,0,2,1,0,차대차 - 측면직각충돌,안전운전불이행,건조,맑음,교차로 - 교차로안,승용,남,31세,상해없음,승용,남,61세,경상
2013091500100238,2013년 9월 15일 13시,일요일,전라북도 정읍시 상동,경상사고,0,0,1,0,차대사람 - 횡단중,보행자보호의무위반,건조,맑음,교차로 - 교차로부근,승용,남,32세,상해없음,보행자,여,6세,경상
2013091500100267,2013년 9월 15일 14시,일요일,전라북도 전주시 덕진구 금암동,경상사고,0,0,1,0,차대차 - 추돌 - 주정차중,안전거리미확보,건조,맑음,단일로 - 기타,승용,남,55세,상해없음,승용,여,53세,경상
2013091500100348,2013년 9월 15일 16시,일요일,전라북도 전주시 덕진구 호성동1가,중상사고,0,1,0,0,차대차 - 측면직각충돌,신호위반,건조,맑음,교차로 - 교차로안,승용,여,65세,상해없음,화물,남,23세,중상
2013091500100350,2013년 9월 15일 16시,일요일,전라북도 군산시 미룡동,경상사고,0,0,1,0,차대사람 - 횡단중,안전운전불이행,건조,맑음,교차로 - 교차로안,승용,여,49세,상해없음,보행자,남,9세,경상
2013091500100422,2013년 9월 15일 18시,일요일,전라북도 전주시 덕진구 인후동1가,경상사고,0,0,1,0,차대사람 - 기타,기타,건조,맑음,단일로 - 기타,승합,남,45세,상해없음,보행자,여,72세,경상
2013091500100423,2013년 9월 15일 18시,일요일,전라북도 진안군 정천면,경상사고,0,0,4,0,차대차 - 측면직각충돌,안전운전불이행,건조,맑음,교차로 - 교차로안,승용,여,57세,경상,승용,남,63세,경상
2013091500100425,2013년 9월 15일 18시,일요일,전라북도 완주군 이서면,경상사고,0,0,2,0,차대차 - 추돌 - 진행중,안전운전불이행,건조,맑음,단일로 - 기타,승용,남,47세,경상,화물,남,39세,경상
2013091500100456,2013년 9월 15일 19시,일요일,전라북도 정읍시 구룡동,경상사고,0,0,1,0,차대차 - 측면직각충돌,직진우회전진행방해,건조,맑음,교차로 - 교차로안,승용,여,50세,상해없음,승합,남,47세,경상
2013091500100483,2013년 9월 15일 20시,일요일,전라북도 전주시 덕진구 금암동,사망사고,1,0,0,0,차대차 - 추돌 - 진행중,안전운전불이행,건조,맑음,교차로 - 교차로안,승용,남,35세,상해없음,이륜,남,70세,사망
2013091500100484,2013년 9월 15일 20시,일요일,전라북도 김제시 교동,경상사고,0,0,1,0,차대차 - 측면직각충돌,직진우회전진행방해,건조,맑음,교차로 - 교차로안,승용,여,49세,상해없음,승용,남,63세,경상
2013091500100485,2013년 9월 15일 20시,일요일,전라북도 부안군 부안읍,경상사고,0,0,1,0,차대차 - 기타,교차로운행방법위반,건조,맑음,교차로 - 교차로안,화물,남,39세,상해없음,승용,남,58세,경상
2013091500100510,2013년 9월 15일 21시,일요일,전라북도 전주시 완산구 효자동1가,경상사고,0,0,1,0,차대차 - 측면직각충돌,안전운전불이행,건조,맑음,단일로 - 기타,승용,여,33세,상해없음,원동기,남,18세,상해없음
2013091500100511,2013년 9월 15일 21시,일요일,전라북도 전주시 덕진구 인후동1가,중상사고,0,1,0,0,차대차 - 기타,신호위반,건조,맑음,교차로 - 교차로안,승용,여,28세,상해없음,이륜,남,19세,중상
2013091500100527,2013년 9월 15일 22시,일요일,전라북도 익산시 신동,중상사고,0,1,0,0,차대차 - 측면직각충돌,신호위반,건조,맑음,교차로 - 교차로안,승용,남,24세,상해없음,원동기,남,26세,중상
2013091600100007,2013년 9월 16일 00시,월요일,전라북도 전주시 덕진구 팔복동3가,경상사고,0,0,1,0,차대차 - 기타,신호위반,건조,맑음,교차로 - 교차로안,화물,남,38세,상해없음,승용,남,36세,경상
2013091600100030,2013년 9월 16일 02시,월요일,전라북도 익산시 동산동,경상사고,0,0,1,0,차대사람 - 기타,안전운전불이행,건조,맑음,단일로 - 기타,승용,남,77세,기타불명,보행자,남,16세,경상
2013091600100031,2013년 9월 16일 02시,월요일,전라북도 정읍시 수성동,중상사고,0,1,1,0,차대차 - 측면직각충돌,직진우회전진행방해,건조,맑음,교차로 - 교차로안,승용,남,51세,상해없음,승용,남,51세,중상
2013091600100032,2013년 9월 16일 02시,월요일,전라북도 김제시 공덕면,경상사고,0,0,1,0,차대차 - 정면충돌,중앙선침범,건조,맑음,단일로 - 기타,승용,남,31세,상해없음,화물,남,46세,경상
2013091600100102,2013년 9월 16일 07시,월요일,전라북도 군산시 산북동,경상사고,0,0,8,0,차대차 - 추돌 - 진행중,안전운전불이행,건조,맑음,단일로 - 기타,승용,남,43세,경상,승용,여,29세,경상
2013091600100103,2013년 9월 16일 07시,월요일,전라북도 익산시 성당면,중상사고,0,1,0,0,차량단독 - 기타,안전운전불이행,건조,맑음,단일로 - 기타,원동기,여,58세,중상,,,,
2013091600100154,2013년 9월 16일 08시,월요일,전라북도 전주시 덕진구 인후동1가,중상사고,0,1,0,0,차대차 - 측면직각충돌,신호위반,건조,맑음,교차로 - 교차로부근,승용,여,46세,상해없음,이륜,남,65세,중상
2013091600100155,2013년 9월 16일 08시,월요일,전라북도 익산시 용안면,경상사고,0,0,1,0,차대차 - 추돌 - 주정차중,안전운전불이행,건조,맑음,교차로 - 교차로안,기타불명,기타불명,기타불명,기타불명,승용,여,64세,경상
2013091600100193,2013년 9월 16일 09시,월요일,전라북도 익산시 부송동,중상사고,0,1,0,0,차대사람 - 보도통행중,신호위반,건조,맑음,교차로 - 교차로안,승용,남,54세,상해없음,보행자,여,70세,중상
2013091600100237,2013년 9월 16일 10시,월요일,전라북도 군산시 임피면,경상사고,0,0,1,0,차대사람 - 차도통행중,안전운전불이행,건조,맑음,단일로 - 기타,원동기,남,84세,상해없음,보행자,여,71세,경상
2013091600100304,2013년 9월 16일 12시,월요일,전라북도 익산시 신동,경상사고,0,0,3,0,차대차 - 기타,안전거리미확보,건조,맑음,단일로 - 기타,승용,남,72세,상해없음,승용,남,53세,경상
2013091600100305,2013년 9월 16일 12시,월요일,전라북도 남원시 운봉읍,중상사고,0,1,0,0,차대차 - 기타,안전운전불이행,건조,맑음,단일로 - 기타,이륜,남,57세,상해없음,화물,남,45세,상해없음
2013091600100306,2013년 9월 16일 12시,월요일,전라북도 남원시 운봉읍,중상사고,0,1,0,0,차량단독 - 공작물충돌,안전운전불이행,건조,맑음,교차로 - 교차로안,원동기,남,79세,중상,,,,
2013091600100342,2013년 9월 16일 13시,월요일,전라북도 임실군 임실읍,사망사고,1,1,0,0,차대차 - 정면충돌,중앙선침범,건조,맑음,단일로 - 기타,화물,남,51세,상해없음,승용,남,52세,사망
2013091600100379,2013년 9월 16일 14시,월요일,전라북도 군산시 구암동,경상사고,0,0,1,0,차대차 - 측면직각충돌,신호위반,건조,맑음,교차로 - 교차로안,건설기계,남,47세,상해없음,화물,남,60세,경상
2013091600100380,2013년 9월 16일 14시,월요일,전라북도 장수군 산서면,중상사고,0,2,0,0,차대차 - 측면직각충돌,중앙선침범,건조,맑음,단일로 - 기타,승용,여,39세,상해없음,원동기,남,69세,중상
2013091600100418,2013년 9월 16일 15시,월요일,전라북도 군산시 수송동,경상사고,0,0,1,0,차대차 - 기타,안전운전불이행,건조,맑음,단일로 - 기타,승용,남,57세,상해없음,자전거,남,63세,경상
2013091600100419,2013년 9월 16일 15시,월요일,전라북도 부안군 줄포면,부상신고사고,0,0,0,1,차대차 - 측면직각충돌,안전운전불이행,건조,맑음,교차로 - 교차로부근,자전거,여,71세,부상신고,농기계,남,50세,상해없음
2013091600100459,2013년 9월 16일 16시,월요일,전라북도 익산시 남중동,경상사고,0,0,1,0,차대차 - 측면직각충돌,직진우회전진행방해,건조,맑음,교차로 - 교차로안,승용,남,39세,상해없음,자전거,남,13세,경상
2013091600100460,2013년 9월 16일 16시,월요일,전라북도 익산시 창인동1가,경상사고,0,0,1,0,차대차 - 기타,중앙선침범,건조,맑음,단일로 - 기타,승용,남,59세,상해없음,자전거,남,56세,경상
2013091600100461,2013년 9월 16일 16시,월요일,전라북도 고창군 흥덕면,중상사고,0,1,0,0,차대차 - 추돌 - 진행중,직진우회전진행방해,건조,맑음,교차로 - 교차로안,승용,남,53세,상해없음,원동기,여,65세,중상
2013091600100502,2013년 9월 16일 17시,월요일,전라북도 김제시 용지면,경상사고,0,0,1,0,차대차 - 측면직각충돌,교차로운행방법위반,건조,맑음,교차로 - 교차로안,화물,남,23세,상해없음,승용,남,51세,경상
2013091600100549,2013년 9월 16일 18시,월요일,전라북도 완주군 봉동읍,중상사고,0,1,0,0,차대차 - 측면직각충돌,신호위반,건조,맑음,교차로 - 교차로안,화물,남,64세,상해없음,승용,여,28세,중상
2013091600100596,2013년 9월 16일 19시,월요일,전라북도 전주시 완산구 서신동,경상사고,0,0,6,0,차대차 - 추돌 - 주정차중,안전운전불이행,건조,맑음,단일로 - 기타,화물,남,45세,상해없음,승용,남,27세,경상
2013091600100597,2013년 9월 16일 19시,월요일,전라북도 익산시 평화동,경상사고,0,0,1,0,차대차 - 추돌 - 진행중,안전거리미확보,건조,맑음,교차로 - 교차로부근,승용,남,30세,상해없음,승용,여,23세,경상
2013091600100712,2013년 9월 16일 22시,월요일,전라북도 익산시 남중동,경상사고,0,0,1,0,차대차 - 기타,안전운전불이행,건조,맑음,단일로 - 기타,이륜,남,21세,상해없음,승용,남,73세,기타불명
2013091700100047,2013년 9월 17일 02시,화요일,전라북도 전주시 덕진구 인후동2가,중상사고,0,1,2,0,차대차 - 추돌 - 주정차중,안전운전불이행,건조,맑음,교차로 - 교차로부근,승용,남,28세,상해없음,승용,남,41세,경상
2013091700100106,2013년 9월 17일 07시,화요일,전라북도 전주시 완산구 효자동2가,경상사고,0,0,1,0,차대차 - 측면직각충돌,중앙선침범,건조,맑음,교차로 - 교차로안,화물,남,68세,상해없음,승용,여,46세,경상
2013091700100107,2013년 9월 17일 07시,화요일,전라북도 군산시 나운동,경상사고,0,0,3,0,차대차 - 측면직각충돌,신호위반,건조,맑음,교차로 - 교차로안,승용,남,63세,경상,승용,여,62세,경상
2013091700100140,2013년 9월 17일 08시,화요일,전라북도 전주시 덕진구 덕진동1가,사망사고,1,0,0,0,차대사람 - 횡단중,신호위반,건조,맑음,교차로 - 교차로안,건설기계,남,62세,상해없음,보행자,여,51세,사망
2013091700100141,2013년 9월 17일 08시,화요일,전라북도 익산시 신흥동,경상사고,0,0,1,0,차대차 - 추돌 - 진행중,안전운전불이행,건조,맑음,단일로 - 기타,화물,남,38세,상해없음,승용,여,29세,경상
2013091700100142,2013년 9월 17일 08시,화요일,전라북도 남원시 동충동,중상사고,0,1,0,0,차대차 - 측면직각충돌,직진우회전진행방해,건조,맑음,교차로 - 교차로안,이륜,남,76세,상해없음,승용,남,41세,상해없음
2013091700100189,2013년 9월 17일 09시,화요일,전라북도 군산시 신영동,경상사고,0,0,1,0,차대사람 - 기타,안전운전불이행,건조,맑음,단일로 - 기타,자전거,남,72세,상해없음,보행자,여,59세,경상
2013091700100190,2013년 9월 17일 09시,화요일,전라북도 군산시 옥도면,중상사고,0,1,4,0,차대사람 - 기타,안전운전불이행,건조,맑음,기타 - 기타,화물,남,59세,상해없음,보행자,여,51세,중상
2013091700100217,2013년 9월 17일 10시,화요일,전라북도 전주시 완산구 서신동,경상사고,0,0,1,0,차대차 - 측면직각충돌,신호위반,건조,맑음,교차로 - 교차로안,이륜,남,37세,상해없음,승용,남,34세,경상
2013091700100218,2013년 9월 17일 10시,화요일,전라북도 군산시 경암동,경상사고,0,0,1,0,차대차 - 측면직각충돌,안전운전불이행,건조,맑음,교차로 - 교차로안,승용,여,52세,상해없음,자전거,남,54세,경상
2013091700100254,2013년 9월 17일 11시,화요일,전라북도 군산시 나운동,경상사고,0,0,1,0,차대사람 - 횡단중,안전운전불이행,건조,맑음,기타 - 기타,승용,남,30세,상해없음,보행자,여,51세,경상
2013091700100311,2013년 9월 17일 13시,화요일,전라북도 익산시 함열읍,경상사고,0,0,1,0,차대차 - 추돌 - 진행중,안전운전불이행,건조,맑음,교차로 - 교차로부근,승용,남,50세,상해없음,승용,여,30세,경상
2013091700100312,2013년 9월 17일 13시,화요일,전라북도 김제시 백산면,경상사고,0,0,1,0,차대차 - 추돌 - 진행중,안전운전불이행,건조,맑음,교차로 - 교차로안,기타불명,기타불명,기타불명,기타불명,승용,여,28세,경상
2013091700100348,2013년 9월 17일 14시,화요일,전라북도 군산시 소룡동,경상사고,0,0,1,0,차대차 - 측면직각충돌,신호위반,건조,맑음,교차로 - 교차로안,승용,남,39세,상해없음,승용,남,58세,경상
2013091700100349,2013년 9월 17일 14시,화요일,전라북도 군산시 장재동,중상사고,0,1,0,0,차대사람 - 기타,안전운전불이행,건조,맑음,교차로 - 교차로안,승합,남,57세,상해없음,보행자,여,80세,중상
2013091700100350,2013년 9월 17일 14시,화요일,전라북도 익산시 남중동,경상사고,0,0,3,0,차대차 - 측면직각충돌,직진우회전진행방해,건조,맑음,교차로 - 교차로안,승용,남,51세,상해없음,승용,남,29세,경상
2013091700100351,2013년 9월 17일 14시,화요일,전라북도 익산시 부송동,경상사고,0,0,1,0,차대차 - 측면직각충돌,안전운전불이행,건조,맑음,단일로 - 기타,화물,남,63세,상해없음,자전거,남,45세,경상
2013091700100352,2013년 9월 17일 14시,화요일,전라북도 익산시 평화동,경상사고,0,0,1,0,차대차 - 추돌 - 주정차중,안전운전불이행,건조,맑음,단일로 - 기타,승용,남,39세,경상,승용,여,32세,상해없음
2013091700100393,2013년 9월 17일 15시,화요일,전라북도 전주시 덕진구 인후동2가,경상사고,0,0,1,0,차대차 - 추돌 - 진행중,안전운전불이행,건조,맑음,교차로 - 교차로부근,화물,남,33세,상해없음,승합,남,34세,경상
2013091700100394,2013년 9월 17일 15시,화요일,전라북도 정읍시 수성동,경상사고,0,0,1,0,차대차 - 측면직각충돌,안전거리미확보,건조,맑음,교차로 - 교차로부근,이륜,남,74세,경상,승용,남,69세,상해없음
2013091700100441,2013년 9월 17일 16시,화요일,전라북도 전주시 덕진구 팔복동2가,경상사고,0,0,2,0,차대차 - 측면직각충돌,직진우회전진행방해,건조,맑음,교차로 - 교차로안,승용,남,42세,경상,승용,남,28세,경상
2013091700100442,2013년 9월 17일 16시,화요일,전라북도 남원시 도통동,경상사고,0,0,1,0,차대차 - 측면직각충돌,신호위반,건조,맑음,교차로 - 교차로안,화물,남,46세,상해없음,승용,여,22세,경상
2013091700100500,2013년 9월 17일 17시,화요일,전라북도 익산시 영등동,경상사고,0,0,1,0,차대차 - 측면직각충돌,안전운전불이행,건조,맑음,단일로 - 기타,자전거,남,61세,경상,승용,여,29세,상해없음
2013091700100501,2013년 9월 17일 17시,화요일,전라북도 익산시 함열읍,경상사고,0,0,4,0,차대차 - 측면직각충돌,직진우회전진행방해,건조,맑음,교차로 - 교차로안,승용,남,30세,상해없음,승용,여,26세,경상
2013091700100502,2013년 9월 17일 17시,화요일,전라북도 김제시 검산동,중상사고,0,1,0,0,차대사람 - 보도통행중,보행자보호의무위반,건조,맑음,교차로 - 교차로안,승용,남,57세,상해없음,보행자,여,11세,중상
2013091700100545,2013년 9월 17일 18시,화요일,전라북도 군산시 나포면,경상사고,0,0,1,0,차대차 - 기타,안전운전불이행,건조,맑음,단일로 - 기타,승용,남,57세,상해없음,원동기,여,44세,경상
2013091700100546,2013년 9월 17일 18시,화요일,전라북도 익산시 부송동,경상사고,0,0,2,0,차대차 - 측면직각충돌,직진우회전진행방해,건조,맑음,교차로 - 교차로안,승용,여,43세,상해없음,승용,남,55세,경상
2013091700100598,2013년 9월 17일 19시,화요일,전라북도 전주시 완산구 서신동,경상사고,0,0,4,0,차대차 - 추돌 - 주정차중,안전운전불이행,건조,맑음,단일로 - 교량,승용,남,41세,상해없음,화물,남,22세,경상
2013091700100599,2013년 9월 17일 19시,화요일,전라북도 군산시 중동,중상사고,0,1,0,0,차대사람 - 차도통행중,안전운전불이행,건조,맑음,교차로 - 교차로부근,화물,남,31세,상해없음,보행자,여,80세,중상
2013091700100600,2013년 9월 17일 19시,화요일,전라북도 김제시 옥산동,경상사고,0,0,1,0,차대차 - 측면직각충돌,직진우회전진행방해,건조,맑음,교차로 - 교차로안,화물,여,45세,상해없음,원동기,남,49세,경상
2013091700100601,2013년 9월 17일 19시,화요일,전라북도 진안군 백운면,중상사고,0,1,1,0,차대차 - 측면직각충돌,중앙선침범,건조,맑음,단일로 - 기타,화물,남,59세,중상,화물,남,42세,상해없음
2013091700100602,2013년 9월 17일 19시,화요일,전라북도 무주군 안성면,경상사고,0,0,2,0,차대차 - 기타,안전거리미확보,건조,맑음,단일로 - 기타,기타불명,기타불명,기타불명,기타불명,승용,남,36세,경상
2013091700100657,2013년 9월 17일 20시,화요일,전라북도 김제시 죽산면,사망사고,1,0,0,0,차대사람 - 차도통행중,안전운전불이행,건조,맑음,단일로 - 기타,승용,남,30세,상해없음,보행자,남,50세,사망
2013091700100658,2013년 9월 17일 20시,화요일,전라북도 부안군 부안읍,경상사고,0,0,1,0,차대차 - 측면직각충돌,안전운전불이행,건조,맑음,교차로 - 교차로안,승용,여,53세,상해없음,승용,남,44세,경상
2013091700100687,2013년 9월 17일 21시,화요일,전라북도 전주시 완산구 동서학동,경상사고,0,0,1,0,차대차 - 측면직각충돌,교차로운행방법위반,건조,맑음,교차로 - 교차로안,승용,남,61세,상해없음,승용,남,47세,경상
2013091700100688,2013년 9월 17일 21시,화요일,전라북도 전주시 완산구 효자동3가,경상사고,0,0,3,0,차대차 - 측면직각충돌,신호위반,건조,맑음,교차로 - 교차로안,승용,남,59세,상해없음,승용,여,28세,경상
2013091700100723,2013년 9월 17일 22시,화요일,전라북도 전주시 완산구 효자동1가,경상사고,0,0,2,0,차대차 - 측면직각충돌,안전운전불이행,건조,맑음,교차로 - 교차로안,승용,남,33세,상해없음,승용,남,54세,경상
2013091700100747,2013년 9월 17일 23시,화요일,전라북도 군산시 산북동,경상사고,0,0,1,0,차대차 - 기타,교차로운행방법위반,건조,맑음,교차로 - 교차로안,승용,남,69세,상해없음,승용,여,44세,상해없음
2013091700100748,2013년 9월 17일 23시,화요일,전라북도 익산시 어양동,중상사고,0,1,0,0,차대사람 - 횡단중,안전운전불이행,건조,맑음,단일로 - 기타,승용,남,22세,상해없음,보행자,여,58세,중상
2013091800100012,2013년 9월 18일 00시,수요일,전라북도 익산시 중앙동1가,경상사고,0,0,3,0,차대차 - 추돌 - 주정차중,안전운전불이행,건조,맑음,교차로 - 교차로안,승용,남,48세,상해없음,승용,남,52세,경상
2013091800100030,2013년 9월 18일 01시,수요일,전라북도 전주시 완산구 서신동,중상사고,0,1,0,0,차대차 - 측면직각충돌,안전운전불이행,건조,맑음,교차로 - 교차로안,승용,남,26세,상해없음,자전거,여,65세,중상
2013091800100031,2013년 9월 18일 01시,수요일,전라북도 군산시 나운동,중상사고,0,1,0,0,차대사람 - 횡단중,안전운전불이행,건조,맑음,교차로 - 교차로안,승용,남,26세,상해없음,보행자,남,18세,중상
2013091800100032,2013년 9월 18일 01시,수요일,전라북도 익산시 신용동,중상사고,0,1,0,0,차대차 - 추돌 - 진행중,안전운전불이행,건조,맑음,교차로 - 교차로부근,승용,여,43세,상해없음,승용,남,40세,중상
2013091800100088,2013년 9월 18일 04시,수요일,전라북도 전주시 완산구 서노송동,중상사고,0,1,0,0,차대사람 - 기타,중앙선침범,건조,맑음,단일로 - 기타,원동기,남,17세,상해없음,보행자,남,43세,중상
2013091800100089,2013년 9월 18일 04시,수요일,전라북도 전주시 덕진구 진북동,경상사고,0,0,2,0,차대차 - 추돌 - 주정차중,안전운전불이행,건조,맑음,단일로 - 기타,승용,남,30세,상해없음,승용,남,65세,경상
2013091800100101,2013년 9월 18일 05시,수요일,전라북도 전주시 덕진구 동산동,경상사고,0,0,3,0,차대차 - 추돌 - 주정차중,안전운전불이행,건조,맑음,단일로 - 기타,승용,남,50세,상해없음,승용,남,42세,경상
2013091800100116,2013년 9월 18일 06시,수요일,전라북도 익산시 신동,경상사고,0,0,1,0,차대차 - 추돌 - 주정차중,안전운전불이행,건조,맑음,교차로 - 교차로부근,승용,남,30세,상해없음,승용,여,30세,경상
2013091800100144,2013년 9월 18일 08시,수요일,전라북도 군산시 경암동,경상사고,0,0,1,0,차대차 - 기타,안전거리미확보,건조,맑음,단일로 - 기타,원동기,여,69세,경상,화물,남,44세,상해없음
2013091800100163,2013년 9월 18일 09시,수요일,전라북도 군산시 대야면,경상사고,0,0,3,0,차대차 - 추돌 - 진행중,안전운전불이행,건조,맑음,단일로 - 기타,화물,남,45세,상해없음,승용,남,47세,경상
2013091800100164,2013년 9월 18일 09시,수요일,전라북도 남원시 월락동,중상사고,0,3,0,0,차대차 - 기타,직진우회전진행방해,건조,맑음,교차로 - 교차로안,승용,남,71세,중상,승용,남,53세,중상
2013091800100189,2013년 9월 18일 10시,수요일,전라북도 완주군 이서면,경상사고,0,0,1,0,차대차 - 기타,교차로운행방법위반,건조,맑음,교차로 - 교차로부근,이륜,남,85세,상해없음,승용,여,27세,상해없음
2013091800100219,2013년 9월 18일 11시,수요일,전라북도 군산시 나운동,경상사고,0,0,1,0,차대차 - 추돌 - 진행중,안전운전불이행,건조,맑음,단일로 - 기타,승용,남,39세,상해없음,승용,남,50세,상해없음
2013091800100220,2013년 9월 18일 11시,수요일,전라북도 정읍시 연지동,경상사고,0,0,1,0,차대차 - 측면직각충돌,신호위반,건조,맑음,교차로 - 교차로안,원동기,남,65세,경상,승용,남,35세,상해없음
2013091800100221,2013년 9월 18일 11시,수요일,전라북도 김제시 요촌동,중상사고,0,1,0,0,차대차 - 측면직각충돌,중앙선침범,건조,맑음,기타 - 기타,승용,남,51세,상해없음,이륜,남,21세,중상
2013091800100222,2013년 9월 18일 11시,수요일,전라북도 부안군 부안읍,중상사고,0,1,4,0,차대차 - 추돌 - 진행중,안전운전불이행,건조,맑음,단일로 - 기타,승용,남,48세,상해없음,승용,남,33세,경상
2013091800100302,2013년 9월 18일 14시,수요일,전라북도 전주시 완산구 평화동1가,중상사고,0,1,0,0,차대차 - 추돌 - 주정차중,안전운전불이행,건조,맑음,단일로 - 기타,원동기,남,18세,중상,승합,남,57세,상해없음
2013091800100303,2013년 9월 18일 14시,수요일,전라북도 익산시 동산동,부상신고사고,0,0,0,1,차대사람 - 기타,안전운전불이행,건조,맑음,교차로 - 교차로부근,기타불명,기타불명,기타불명,기타불명,보행자,남,39세,부상신고
2013091800100304,2013년 9월 18일 14시,수요일,전라북도 남원시 왕정동,중상사고,0,2,0,0,차대차 - 측면직각충돌,차로위반,건조,맑음,교차로 - 교차로부근,승용,남,50세,상해없음,승용,여,50세,중상
2013091800100305,2013년 9월 18일 14시,수요일,전라북도 남원시 주천면,중상사고,0,1,0,0,차량단독 - 전도전복,안전운전불이행,건조,맑음,단일로 - 기타,이륜,남,18세,중상,,,,
2013091800100338,2013년 9월 18일 15시,수요일,전라북도 전주시 완산구 삼천동1가,경상사고,0,0,3,0,차대차 - 기타,안전운전불이행,건조,맑음,교차로 - 교차로안,승용,남,43세,상해없음,승용,남,24세,경상
2013091800100339,2013년 9월 18일 15시,수요일,전라북도 고창군 고창읍,중상사고,0,1,0,0,차대차 - 측면직각충돌,직진우회전진행방해,건조,맑음,교차로 - 교차로안,승용,여,41세,상해없음,이륜,남,73세,중상
2013091800100381,2013년 9월 18일 17시,수요일,전라북도 전주시 덕진구 인후동1가,경상사고,0,0,1,0,차대차 - 기타,안전거리미확보,건조,맑음,교차로 - 교차로부근,화물,남,60세,상해없음,원동기,남,31세,경상
2013091800100382,2013년 9월 18일 17시,수요일,전라북도 김제시 황산면,경상사고,0,0,1,0,차량단독 - 기타,안전운전불이행,건조,맑음,단일로 - 기타,승용,여,38세,상해없음,,,,
2013091800100383,2013년 9월 18일 17시,수요일,전라북도 부안군 부안읍,경상사고,0,0,5,0,차대차 - 측면직각충돌,직진우회전진행방해,건조,맑음,교차로 - 교차로안,승용,남,18세,경상,승용,남,51세,경상
2013091800100404,2013년 9월 18일 18시,수요일,전라북도 정읍시 수성동,경상사고,0,0,3,0,차대차 - 측면직각충돌,안전운전불이행,건조,맑음,단일로 - 기타,승용,여,41세,경상,승용,여,48세,경상
2013091800100405,2013년 9월 18일 18시,수요일,전라북도 김제시 금구면,사망사고,1,2,2,0,차대차 - 측면직각충돌,신호위반,건조,맑음,기타 - 기타,승용,남,81세,중상,승용,남,57세,경상
2013091800100406,2013년 9월 18일 18시,수요일,전라북도 부안군 부안읍,중상사고,0,1,0,0,차대차 - 측면직각충돌,신호위반,건조,맑음,교차로 - 교차로안,승용,남,47세,상해없음,자전거,여,54세,중상
2013091800100430,2013년 9월 18일 19시,수요일,전라북도 완주군 상관면,경상사고,0,0,2,0,차대차 - 추돌 - 진행중,안전운전불이행,건조,맑음,교차로 - 교차로부근,승용,남,42세,상해없음,승용,여,37세,경상
2013091800100456,2013년 9월 18일 20시,수요일,전라북도 정읍시 장명동,경상사고,0,0,2,0,차대차 - 추돌 - 진행중,안전운전불이행,건조,맑음,단일로 - 기타,화물,남,21세,상해없음,승용,여,32세,경상
2013091800100488,2013년 9월 18일 22시,수요일,전라북도 전주시 완산구 동서학동,경상사고,0,0,3,0,차대차 - 추돌 - 주정차중,안전운전불이행,건조,맑음,교차로 - 교차로부근,승용,남,49세,상해없음,승용,남,57세,상해없음