사고번호,사고일시,요일,시군구,사고내용,사망자수,중상자수,경상자수,부상신고자수,사고유형,법규위반,노면상태,기상상태,도로형태,가해운전자 차종,가해운전자 성별,가해운전자 연령,가해운전자 상해정도,피해운전자 차종,피해운전자 성별,피해운전자 연령,피해운전자 상해정도
2013092400100326,2013년 9월 24일 16시,화요일,전라북도 순창군 쌍치면,중상사고,0,1,0,0,차대사람 - 기타,안전운전불이행,건조,흐림,단일로 - 기타,화물,남,26세,상해없음,보행자,남,85세,중상
2013092400100353,2013년 9월 24일 17시,화요일,전라북도 전주시 완산구 효자동3가,경상사고,0,0,1,0,차대차 - 측면직각충돌,안전운전불이행,습기,비,단일로 - 기타,승합,남,54세,상해없음,승용,남,33세,경상
2013092400100354,2013년 9월 24일 17시,화요일,전라북도 군산시 나운동,경상사고,0,0,1,0,차대차 - 측면직각충돌,안전운전불이행,건조,맑음,교차로 - 교차로안,승용,남,40세,상해없음,승용,여,63세,상해없음
2013092400100387,2013년 9월 24일 18시,화요일,전라북도 전주시 덕진구 인후동1가,중상사고,0,1,0,0,차대사람 - 보도통행중,보행자보호의무위반,습기,흐림,단일로 - 기타,승용,남,56세,상해없음,보행자,남,45세,중상
2013092400100388,2013년 9월 24일 18시,화요일,전라북도 군산시 개정면,경상사고,0,0,3,0,차대차 - 추돌 - 주정차중,안전운전불이행,습기,맑음,교차로 - 교차로부근,승용,남,37세,상해없음,승용,남,70세,경상
2013092400100425,2013년 9월 24일 19시,화요일,전라북도 전주시 완산구 효자동1가,중상사고,0,1,0,0,차대사람 - 기타,보행자보호의무위반,건조,흐림,단일로 - 횡단보도상,승용,여,47세,상해없음,보행자,여,43세,중상
2013092400100426,2013년 9월 24일 19시,화요일,전라북도 전주시 덕진구 금암동,중상사고,0,1,0,0,차대사람 - 보도통행중,안전운전불이행,습기,흐림,단일로 - 기타,승용,남,57세,상해없음,보행자,남,70세,중상
2013092400100427,2013년 9월 24일 19시,화요일,전라북도 전주시 덕진구 덕진동1가,경상사고,0,0,3,0,차대차 - 추돌 - 주정차중,안전운전불이행,습기,흐림,단일로 - 기타,승용,남,65세,상해없음,승용,남,27세,경상
2013092400100428,2013년 9월 24일 19시,화요일,전라북도 군산시 동흥남동,중상사고,0,1,0,0,차대사람 - 횡단중,보행자보호의무위반,습기,비,교차로 - 교차로안,화물,남,40세,상해없음,보행자,남,75세,중상
2013092400100429,2013년 9월 24일 19시,화요일,전라북도 부안군 보안면,중상사고,0,1,1,0,차대사람 - 기타,중앙선침범,습기,비,단일로 - 기타,승용,남,25세,상해없음,보행자,남,30세,경상
2013092400100430,2013년 9월 24일 19시,화요일,전라북도 남원시 대산면,경상사고,0,0,1,0,차대차 - 기타,안전운전불이행,습기,흐림,단일로 - 기타,화물,남,49세,경상,승용,여,52세,상해없음
2013092500100038,2013년 9월 25일 02시,수요일,전라북도 익산시 어양동,경상사고,0,0,1,0,차대차 - 추돌 - 진행중,안전운전불이행,습기,흐림,단일로 - 기타,승용,남,44세,상해없음,승용,남,49세,경상
2013092500100075,2013년 9월 25일 06시,수요일,전라북도 전주시 덕진구 반월동,중상사고,0,1,0,0,차대차 - 측면직각충돌,신호위반,습기,흐림,교차로 - 교차로안,승용,남,41세,상해없음,자전거,남,69세,중상
2013092500100076,2013년 9월 25일 06시,수요일,전라북도 고창군 아산면,중상사고,0,1,0,0,차대차 - 정면충돌,중앙선침범,건조,맑음,단일로 - 기타,화물,남,48세,상해없음,화물,남,46세,중상
2013092500100093,2013년 9월 25일 07시,수요일,전라북도 전주시 완산구 삼천동1가,경상사고,0,0,1,0,차대차 - 측면직각충돌,안전운전불이행,건조,맑음,단일로 - 기타,승용,여,48세,상해없음,자전거,남,67세,경상
2013092500100094,2013년 9월 25일 07시,수요일,전라북도 익산시 삼기면,중상사고,0,1,0,0,차량단독 - 공작물충돌,안전운전불이행,기타,맑음,단일로 - 기타,승용,여,56세,중상,,,,
2013092500100126,2013년 9월 25일 08시,수요일,전라북도 정읍시 수성동,경상사고,0,0,3,0,차대차 - 기타,직진우회전진행방해,건조,맑음,교차로 - 교차로안,승용,남,40세,상해없음,승용,여,39세,경상
2013092500100127,2013년 9월 25일 08시,수요일,전라북도 정읍시 상동,중상사고,0,1,0,0,차대사람 - 차도통행중,안전운전불이행,건조,맑음,단일로 - 기타,승용,남,59세,상해없음,보행자,여,73세,중상
2013092500100161,2013년 9월 25일 09시,수요일,전라북도 전주시 완산구 효자동1가,중상사고,0,1,0,0,차대사람 - 차도통행중,안전운전불이행,건조,맑음,단일로 - 기타,승용,남,49세,상해없음,보행자,남,82세,중상
2013092500100162,2013년 9월 25일 09시,수요일,전라북도 전주시 완산구 서신동,중상사고,0,1,0,0,차대사람 - 기타,중앙선침범,건조,맑음,단일로 - 기타,승용,여,62세,상해없음,보행자,여,30세,중상
2013092500100163,2013년 9월 25일 09시,수요일,전라북도 전주시 덕진구 팔복동1가,경상사고,0,0,1,0,차대차 - 측면직각충돌,안전운전불이행,건조,맑음,단일로 - 기타,승용,남,36세,상해없음,원동기,남,66세,경상
2013092500100164,2013년 9월 25일 09시,수요일,전라북도 정읍시 상평동,경상사고,0,0,1,0,차대차 - 측면직각충돌,직진우회전진행방해,건조,맑음,교차로 - 교차로안,승용,남,58세,상해없음,승용,여,54세,경상
2013092500100218,2013년 9월 25일 11시,수요일,전라북도 군산시 경암동,중상사고,0,1,2,0,차대차 - 측면직각충돌,신호위반,건조,맑음,교차로 - 교차로안,화물,남,75세,상해없음,승용,남,71세,경상
2013092500100219,2013년 9월 25일 11시,수요일,전라북도 정읍시 고부면,경상사고,0,0,1,0,차량단독 - 기타,안전운전불이행,건조,맑음,단일로 - 기타,원동기,남,48세,경상,,,,
2013092500100244,2013년 9월 25일 12시,수요일,전라북도 익산시 마동,사망사고,1,0,0,0,차대차 - 측면직각충돌,안전운전불이행,건조,맑음,단일로 - 기타,화물,남,42세,상해없음,자전거,남,76세,사망
2013092500100245,2013년 9월 25일 12시,수요일,전라북도 완주군 상관면,중상사고,0,1,0,0,차대사람 - 기타,안전운전불이행,건조,맑음,단일로 - 기타,기타불명,기타불명,기타불명,기타불명,보행자,남,44세,중상
2013092500100274,2013년 9월 25일 13시,수요일,전라북도 군산시 나운동,중상사고,0,1,0,0,차대사람 - 횡단중,보행자보호의무위반,건조,맑음,단일로 - 횡단보도상,승용,남,58세,상해없음,보행자,여,23세,중상
2013092500100301,2013년 9월 25일 14시,수요일,전라북도 전주시 완산구 서노송동,부상신고사고,0,0,0,1,차대차 - 기타,교차로운행방법위반,건조,맑음,교차로 - 교차로안,승용,여,46세,상해없음,승합,남,46세,상해없음
2013092500100302,2013년 9월 25일 14시,수요일,전라북도 익산시 모현동1가,경상사고,0,0,1,0,차대차 - 측면직각충돌,중앙선침범,건조,맑음,단일로 - 기타,승용,남,42세,상해없음,승용,여,51세,경상
2013092500100303,2013년 9월 25일 14시,수요일,전라북도 김제시 진봉면,경상사고,0,0,4,0,차대차 - 측면직각충돌,직진우회전진행방해,건조,맑음,교차로 - 교차로안,화물,남,42세,상해없음,승용,여,59세,경상
2013092500100333,2013년 9월 25일 15시,수요일,전라북도 익산시 팔봉동,중상사고,0,1,0,0,차대차 - 측면직각충돌,안전운전불이행,건조,맑음,교차로 - 교차로부근,승용,여,47세,상해없음,승용,여,65세,중상
2013092500100334,2013년 9월 25일 15시,수요일,전라북도 익산시 인화동1가,경상사고,0,0,1,0,차대사람 - 길가장자리구역통행중,안전운전불이행,건조,맑음,단일로 - 기타,이륜,남,63세,기타불명,보행자,여,44세,경상
2013092500100369,2013년 9월 25일 16시,수요일,전라북도 전주시 완산구 중화산동1가,사망사고,1,0,0,0,차대차 - 기타,안전운전불이행,건조,맑음,교차로 - 교차로부근,화물,남,46세,상해없음,자전거,남,70세,사망
2013092500100370,2013년 9월 25일 16시,수요일,전라북도 전주시 완산구 효자동3가,경상사고,0,0,1,0,차대차 - 기타,신호위반,건조,맑음,교차로 - 교차로안,승용,여,42세,상해없음,이륜,남,16세,경상
2013092500100371,2013년 9월 25일 16시,수요일,전라북도 전주시 덕진구 여의동,중상사고,0,1,0,0,차대차 - 기타,안전운전불이행,건조,맑음,교차로 - 교차로부근,승용,남,46세,상해없음,승용,여,37세,중상
2013092500100372,2013년 9월 25일 16시,수요일,전라북도 군산시 소룡동,중상사고,0,1,0,0,차대사람 - 횡단중,안전운전불이행,건조,맑음,교차로 - 교차로안,승용,여,41세,상해없음,보행자,여,74세,중상
2013092500100413,2013년 9월 25일 17시,수요일,전라북도 정읍시 농소동,중상사고,0,1,0,0,차대차 - 측면직각충돌,불법유턴,건조,맑음,단일로 - 기타,자전거,남,82세,중상,화물,여,62세,상해없음
2013092500100448,2013년 9월 25일 18시,수요일,전라북도 군산시 서흥남동,경상사고,0,0,3,0,차대차 - 측면직각충돌,직진우회전진행방해,건조,맑음,교차로 - 교차로안,승용,남,41세,상해없음,승용,남,50세,경상
2013092500100449,2013년 9월 25일 18시,수요일,전라북도 익산시 영등동,경상사고,0,0,1,0,차대차 - 측면직각충돌,안전운전불이행,건조,맑음,교차로 - 교차로안,승용,여,64세,상해없음,승용,남,26세,경상
2013092500100539,2013년 9월 25일 20시,수요일,전라북도 익산시 부송동,경상사고,0,0,5,0,차대차 - 측면직각충돌,안전거리미확보,건조,맑음,단일로 - 기타,승용,남,62세,상해없음,승용,남,47세,경상
2013092500100540,2013년 9월 25일 20시,수요일,전라북도 익산시 영등동,경상사고,0,0,4,0,차대차 - 측면직각충돌,안전운전불이행,건조,맑음,교차로 - 교차로부근,화물,남,44세,상해없음,승용,남,62세,경상
2013092500100594,2013년 9월 25일 22시,수요일,전라북도 전주시 완산구 효자동1가,중상사고,0,1,1,0,차대차 - 측면직각충돌,교차로운행방법위반,건조,맑음,교차로 - 교차로안,승용,남,51세,상해없음,승용,남,61세,상해없음
2013092500100595,2013년 9월 25일 22시,수요일,전라북도 정읍시 연지동,경상사고,0,0,1,0,차대차 - 측면직각충돌,신호위반,건조,맑음,교차로 - 교차로안,승용,남,52세,상해없음,승용,남,43세,경상
2013092600100035,2013년 9월 26일 01시,목요일,전라북도 익산시 오산면,사망사고,1,0,1,0,차대차 - 추돌 - 진행중,안전운전불이행,건조,맑음,단일로 - 교량,승용,남,23세,사망,화물,남,58세,경상
2013092600100050,2013년 9월 26일 03시,목요일,전라북도 전주시 완산구 다가동3가,경상사고,0,0,2,0,차대차 - 측면직각충돌,안전운전불이행,건조,맑음,교차로 - 교차로부근,기타불명,기타불명,기타불명,기타불명,승용,여,36세,경상
2013092600100112,2013년 9월 26일 07시,목요일,전라북도 익산시 왕궁면,경상사고,0,0,5,0,차대차 - 추돌 - 진행중,안전거리미확보,건조,맑음,단일로 - 기타,승용,남,30세,경상,승용,남,52세,경상
2013092600100154,2013년 9월 26일 08시,목요일,전라북도 익산시 모현동1가,경상사고,0,0,1,0,차대차 - 기타,안전운전불이행,건조,맑음,교차로 - 교차로부근,승용,여,38세,상해없음,승용,여,27세,경상
2013092600100187,2013년 9월 26일 09시,목요일,전라북도 군산시 대야면,경상사고,0,0,1,0,차대차 - 추돌 - 진행중,안전거리미확보,건조,맑음,단일로 - 기타,화물,남,65세,상해없음,화물,여,55세,경상
2013092600100218,2013년 9월 26일 10시,목요일,전라북도 전주시 완산구 효자동2가,경상사고,0,0,9,1,차대차 - 추돌 - 주정차중,안전운전불이행,건조,맑음,교차로 - 교차로부근,승용,남,64세,상해없음,승용,남,74세,경상
2013092600100219,2013년 9월 26일 10시,목요일,전라북도 김제시 용지면,중상사고,0,1,0,0,차대사람 - 기타,안전운전불이행,건조,맑음,기타 - 기타,승용,남,47세,상해없음,보행자,여,53세,중상
2013092600100220,2013년 9월 26일 10시,목요일,전라북도 완주군 삼례읍,중상사고,0,1,0,0,차대사람 - 횡단중,중앙선침범,건조,맑음,단일로 - 기타,승용,남,46세,상해없음,보행자,여,6세,중상
2013092600100221,2013년 9월 26일 10시,목요일,전라북도 남원시 아영면,중상사고,0,2,0,0,차대차 - 측면직각충돌,기타,건조,맑음,단일로 - 기타,화물,남,49세,상해없음,화물,남,38세,중상
2013092600100243,2013년 9월 26일 11시,목요일,전라북도 전주시 완산구 효자동2가,경상사고,0,0,1,0,차대사람 - 횡단중,안전운전불이행,건조,맑음,단일로 - 기타,승용,남,57세,상해없음,보행자,남,3세,경상
2013092600100244,2013년 9월 26일 11시,목요일,전라북도 무주군 안성면,사망사고,1,0,0,0,차량단독 - 전도전복,안전운전불이행,건조,맑음,단일로 - 기타,이륜,남,71세,사망,,,,
2013092600100263,2013년 9월 26일 12시,목요일,전라북도 익산시 춘포면,경상사고,0,0,1,0,차대차 - 측면직각충돌,신호위반,건조,맑음,교차로 - 교차로안,승용,남,29세,상해없음,화물,남,22세,경상
2013092600100264,2013년 9월 26일 12시,목요일,전라북도 익산시 신용동,중상사고,0,1,0,0,차량단독 - 전도전복,안전운전불이행,건조,맑음,단일로 - 기타,원동기,남,52세,중상,,,,
2013092600100288,2013년 9월 26일 13시,목요일,전라북도 전주시 완산구 중화산동2가,중상사고,0,1,0,0,차대사람 - 횡단중,안전운전불이행,건조,맑음,교차로 - 교차로안,승용,남,30세,상해없음,보행자,남,66세,중상
2013092600100289,2013년 9월 26일 13시,목요일,전라북도 익산시 인화동1가,경상사고,0,0,1,0,차대사람 - 횡단중,안전운전불이행,건조,맑음,교차로 - 교차로안,원동기,남,50세,상해없음,보행자,여,73세,경상
2013092600100390,2013년 9월 26일 16시,목요일,전라북도 순창군 순창읍,경상사고,0,0,3,0,차대차 - 추돌 - 진행중,안전거리미확보,건조,맑음,단일로 - 기타,승용,남,27세,상해없음,승용,여,47세,경상
2013092600100440,2013년 9월 26일 17시,목요일,전라북도 익산시 어양동,경상사고,0,0,1,0,차대사람 - 횡단중,안전운전불이행,건조,맑음,단일로 - 기타,승용,여,47세,상해없음,보행자,남,4세,경상
2013092600100441,2013년 9월 26일 17시,목요일,전라북도 남원시 향교동,중상사고,0,1,0,0,차량단독 - 기타,안전운전불이행,건조,맑음,단일로 - 터널,농기계,남,71세,중상,,,,
2013092600100484,2013년 9월 26일 18시,목요일,전라북도 고창군 고창읍,중상사고,0,1,0,0,차대차 - 추돌 - 진행중,안전거리미확보,건조,맑음,교차로 - 교차로부근,승용,남,63세,상해없음,승용,여,33세,중상
2013092600100521,2013년 9월 26일 19시,목요일,전라북도 전주시 완산구 평화동1가,경상사고,0,0,1,0,차대사람 - 기타,보행자보호의무위반,건조,맑음,교차로 - 교차로안,승용,남,40세,상해없음,보행자,여,64세,경상
2013092600100522,2013년 9월 26일 19시,목요일,전라북도 전주시 덕진구 금암동,중상사고,0,1,0,0,차대사람 - 차도통행중,안전운전불이행,건조,맑음,단일로 - 기타,승용,남,50세,상해없음,보행자,여,70세,중상
2013092600100523,2013년 9월 26일 19시,목요일,전라북도 군산시 경암동,경상사고,0,0,2,0,차대차 - 추돌 - 주정차중,안전거리미확보,건조,맑음,교차로 - 교차로부근,승용,남,53세,경상,승용,여,43세,경상
2013092600100524,2013년 9월 26일 19시,목요일,전라북도 익산시 춘포면,경상사고,0,0,1,0,차대차 - 정면충돌,안전운전불이행,건조,맑음,단일로 - 기타,승용,남,31세,상해없음,승용,남,61세,상해없음
2013092600100525,2013년 9월 26일 19시,목요일,전라북도 익산시 신흥동,경상사고,0,0,2,0,차대차 - 추돌 - 주정차중,안전운전불이행,건조,맑음,교차로 - 교차로부근,승용,남,29세,상해없음,승용,남,27세,경상
2013092600100526,2013년 9월 26일 19시,목요일,전라북도 익산시 영등동,경상사고,0,0,1,0,차대사람 - 횡단중,안전운전불이행,건조,맑음,교차로 - 교차로부근,승용,기타불명,기타불명,기타불명,보행자,남,7세,경상
2013092600100527,2013년 9월 26일 19시,목요일,전라북도 부안군 부안읍,중상사고,0,1,0,0,차대차 - 측면직각충돌,안전운전불이행,건조,맑음,교차로 - 교차로안,승용,여,49세,상해없음,승용,여,31세,중상
2013092600100567,2013년 9월 26일 20시,목요일,전라북도 익산시 황등면,경상사고,0,0,1,0,차대사람 - 기타,안전운전불이행,건조,맑음,단일로 - 기타,승용,남,20세,상해없음,보행자,여,58세,경상
2013092600100594,2013년 9월 26일 21시,목요일,전라북도 전주시 완산구 전동,경상사고,0,0,2,0,차대차 - 측면직각충돌,교차로운행방법위반,건조,맑음,단일로 - 기타,승용,남,65세,상해없음,승용,남,51세,경상
2013092700100007,2013년 9월 27일 00시,금요일,전라북도 무주군 적상면,중상사고,0,1,0,0,차대사람 - 기타,안전운전불이행,건조,맑음,단일로 - 기타,승용,남,39세,상해없음,보행자,여,42세,중상
2013092700100075,2013년 9월 27일 06시,금요일,전라북도 군산시 해망동,경상사고,0,0,1,0,차대사람 - 기타,안전운전불이행,건조,맑음,기타 - 기타,승용,남,74세,상해없음,보행자,여,82세,경상
2013092700100076,2013년 9월 27일 06시,금요일,전라북도 완주군 상관면,경상사고,0,0,4,0,차대차 - 기타,안전거리미확보,건조,맑음,단일로 - 터널,화물,남,51세,상해없음,승용,여,45세,경상
2013092700100100,2013년 9월 27일 07시,금요일,전라북도 전주시 덕진구 여의동,경상사고,0,0,1,0,차대사람 - 기타,안전운전불이행,건조,맑음,기타 - 기타,승용,남,47세,상해없음,보행자,여,54세,경상
2013092700100101,2013년 9월 27일 07시,금요일,전라북도 익산시 오산면,경상사고,0,0,1,0,차대차 - 측면직각충돌,신호위반,건조,맑음,교차로 - 교차로안,승용,남,71세,상해없음,승용,남,24세,경상
2013092700100102,2013년 9월 27일 07시,금요일,전라북도 익산시 함열읍,경상사고,0,0,2,0,차대차 - 추돌 - 진행중,안전운전불이행,건조,맑음,단일로 - 기타,승용,여,33세,상해없음,승용,남,65세,경상
2013092700100103,2013년 9월 27일 07시,금요일,전라북도 정읍시 북면,경상사고,0,0,1,0,차대차 - 정면충돌,중앙선침범,건조,맑음,단일로 - 기타,승용,남,38세,상해없음,승용,남,69세,경상
2013092700100145,2013년 9월 27일 08시,금요일,전라북도 군산시 경암동,경상사고,0,0,1,0,차대차 - 측면직각충돌,직진우회전진행방해,건조,맑음,교차로 - 교차로안,승합,남,55세,상해없음,원동기,남,61세,경상
2013092700100146,2013년 9월 27일 08시,금요일,전라북도 김제시 서암동,경상사고,0,0,1,0,차대차 - 측면직각충돌,안전운전불이행,건조,맑음,단일로 - 기타,승합,남,50세,상해없음,승용,남,45세,경상
2013092700100147,2013년 9월 27일 08시,금요일,전라북도 남원시 동충동,경상사고,0,0,1,0,차대차 - 기타,안전운전불이행,건조,맑음,교차로 - 교차로안,승용,남,46세,상해없음,자전거,여,14세,경상
2013092700100148,2013년 9월 27일 08시,금요일,전라북도 완주군 고산면,중상사고,0,1,1,0,차대차 - 측면직각충돌,신호위반,건조,맑음,교차로 - 교차로안,승용,남,54세,상해없음,이륜,남,79세,경상
2013092700100180,2013년 9월 27일 09시,금요일,전라북도 군산시 수송동,경상사고,0,0,1,0,차대차 - 측면직각충돌,신호위반,건조,맑음,교차로 - 교차로안,승용,여,67세,상해없음,승용,남,60세,경상
2013092700100181,2013년 9월 27일 09시,금요일,전라북도 익산시 마동,경상사고,0,0,2,0,차대차 - 측면직각충돌,중앙선침범,건조,맑음,교차로 - 교차로부근,승용,여,52세,상해없음,승용,남,58세,경상
2013092700100215,2013년 9월 27일 10시,금요일,전라북도 전주시 덕진구 송천동1가,경상사고,0,0,1,0,차대차 - 기타,안전운전불이행,건조,맑음,교차로 - 교차로부근,승용,여,44세,상해없음,이륜,남,75세,경상
2013092700100216,2013년 9월 27일 10시,금요일,전라북도 익산시 낭산면,중상사고,0,2,4,0,차대차 - 측면직각충돌,직진우회전진행방해,건조,맑음,교차로 - 교차로안,화물,남,40세,상해없음,승용,여,54세,중상
2013092700100249,2013년 9월 27일 11시,금요일,전라북도 전주시 완산구 중화산동2가,경상사고,0,0,1,0,차대차 - 측면직각충돌,직진우회전진행방해,건조,맑음,교차로 - 교차로안,승용,여,31세,상해없음,승용,남,62세,상해없음
2013092700100266,2013년 9월 27일 12시,금요일,전라북도 고창군 성송면,경상사고,0,0,1,0,차대차 - 측면직각충돌,교차로운행방법위반,건조,맑음,교차로 - 교차로안,화물,남,55세,상해없음,승용,남,29세,경상
2013092700100297,2013년 9월 27일 13시,금요일,전라북도 전주시 덕진구 우아동3가,경상사고,0,0,1,0,차대차 - 추돌 - 주정차중,안전거리미확보,건조,맑음,단일로 - 기타,승용,남,53세,상해없음,승용,여,40세,경상
2013092700100327,2013년 9월 27일 14시,금요일,전라북도 전주시 덕진구 호성동1가,경상사고,0,0,2,0,차대차 - 기타,교차로운행방법위반,건조,맑음,교차로 - 교차로안,승용,여,36세,상해없음,승용,남,49세,경상
2013092700100366,2013년 9월 27일 15시,금요일,전라북도 전주시 완산구 중화산동2가,경상사고,0,0,1,0,차대차 - 측면직각충돌,안전운전불이행,건조,맑음,교차로 - 교차로부근,승용,남,58세,상해없음,승용,남,41세,경상
2013092700100367,2013년 9월 27일 15시,금요일,전라북도 전주시 덕진구 덕진동1가,경상사고,0,0,1,0,차대사람 - 기타,안전운전불이행,건조,맑음,교차로 - 교차로부근,화물,남,36세,상해없음,보행자,남,62세,경상
2013092700100368,2013년 9월 27일 15시,금요일,전라북도 정읍시 시기동,경상사고,0,0,1,0,차대차 - 기타,교차로운행방법위반,건조,맑음,교차로 - 교차로안,자전거,남,61세,경상,승용,여,37세,상해없음
2013092700100369,2013년 9월 27일 15시,금요일,전라북도 김제시 백구면,경상사고,0,0,1,0,차대차 - 정면충돌,중앙선침범,건조,맑음,교차로 - 교차로부근,승용,남,70세,상해없음,승용,여,33세,경상
2013092700100443,2013년 9월 27일 17시,금요일,전라북도 익산시 춘포면,경상사고,0,0,1,0,차대차 - 측면직각충돌,직진우회전진행방해,건조,맑음,교차로 - 교차로안,원동기,남,80세,상해없음,승용,여,53세,상해없음
2013092700100543,2013년 9월 27일 19시,금요일,전라북도 군산시 옥도면,경상사고,0,0,1,0,차대차 - 추돌 - 진행중,안전거리미확보,건조,맑음,단일로 - 기타,승용,남,42세,상해없음,건설기계,남,35세,경상
2013092700100544,2013년 9월 27일 19시,금요일,전라북도 군산시 지곡동,중상사고,0,1,0,0,차대사람 - 횡단중,보행자보호의무위반,건조,맑음,교차로 - 교차로안,승용,남,38세,상해없음,보행자,남,40세,중상
2013092700100545,2013년 9월 27일 19시,금요일,전라북도 김제시 금구면,경상사고,0,0,1,0,차대차 - 추돌 - 주정차중,안전거리미확보,건조,맑음,교차로 - 교차로부근,승용,남,55세,상해없음,승용,여,29세,경상
2013092700100546,2013년 9월 27일 19시,금요일,전라북도 김제시 황산면,경상사고,0,0,1,0,차대차 - 측면직각충돌,직진우회전진행방해,건조,맑음,교차로 - 교차로안,농기계,남,60세,기타불명,승용,남,64세,경상
2013092700100634,2013년 9월 27일 21시,금요일,전라북도 전주시 완산구 서노송동,중상사고,0,1,0,0,차대사람 - 기타,안전운전불이행,건조,맑음,단일로 - 기타,자전거,여,30세,상해없음,보행자,남,62세,중상
2013092700100635,2013년 9월 27일 21시,금요일,전라북도 전주시 덕진구 금암동,경상사고,0,0,1,0,차대차 - 기타,안전운전불이행,건조,맑음,교차로 - 교차로부근,승용,남,64세,상해없음,자전거,남,17세,경상
2013092700100636,2013년 9월 27일 21시,금요일,전라북도 전주시 덕진구 우아동3가,중상사고,0,2,3,0,차대차 - 추돌 - 주정차중,안전거리미확보,건조,맑음,교차로 - 교차로부근,승용,남,61세,상해없음,승용,남,39세,중상
2013092700100637,2013년 9월 27일 21시,금요일,전라북도 전주시 덕진구 송천동2가,중상사고,0,1,0,0,차대사람 - 횡단중,보행자보호의무위반,건조,맑음,교차로 - 교차로부근,이륜,남,20세,상해없음,보행자,남,15세,중상
2013092700100638,2013년 9월 27일 21시,금요일,전라북도 군산시 경장동,경상사고,0,0,1,0,차대차 - 측면직각충돌,안전운전불이행,건조,맑음,단일로 - 기타,승용,남,32세,상해없음,승용,남,35세,상해없음
2013092700100673,2013년 9월 27일 22시,금요일,전라북도 익산시 부송동,중상사고,0,1,1,0,차대차 - 기타,안전운전불이행,건조,맑음,교차로 - 교차로부근,승용,남,65세,상해없음,승용,여,33세,기타불명
2013092700100674,2013년 9월 27일 22시,금요일,전라북도 정읍시 시기동,경상사고,0,0,2,0,차대차 - 측면직각충돌,직진우회전진행방해,건조,맑음,교차로 - 교차로안,승용,여,43세,경상,승용,여,43세,경상
2013092800100015,2013년 9월 28일 00시,토요일,전라북도 남원시 보절면,경상사고,0,0,1,0,차량단독 - 공작물충돌,안전운전불이행,건조,맑음,단일로 - 기타,원동기,남,18세,경상,,,,
2013092800100076,2013년 9월 28일 03시,토요일,전라북도 전주시 완산구 중화산동2가,중상사고,0,1,0,0,차대차 - 측면직각충돌,신호위반,건조,맑음,교차로 - 교차로안,승용,남,35세,상해없음,원동기,남,23세,중상
2013092800100096,2013년 9월 28일 04시,토요일,전라북도 전주시 덕진구 우아동2가,경상사고,0,0,2,0,차대차 - 기타,직진우회전진행방해,건조,맑음,교차로 - 교차로부근,승용,남,52세,상해없음,승용,남,57세,경상
2013092800100110,2013년 9월 28일 05시,토요일,전라북도 군산시 지곡동,중상사고,0,1,1,0,차대차 - 측면직각충돌,신호위반,건조,맑음,교차로 - 교차로안,승용,남,27세,상해없음,승용,남,29세,중상
2013092800100111,2013년 9월 28일 05시,토요일,전라북도 군산시 옥도면,사망사고,1,0,0,0,차대사람 - 기타,안전운전불이행,건조,맑음,단일로 - 기타,승용,남,56세,상해없음,보행자,남,52세,사망
2013092800100121,2013년 9월 28일 06시,토요일,전라북도 진안군 진안읍,중상사고,0,1,2,0,차대차 - 측면직각충돌,중앙선침범,건조,맑음,단일로 - 기타,농기계,남,65세,경상,화물,남,56세,경상
2013092800100162,2013년 9월 28일 08시,토요일,전라북도 부안군 부안읍,경상사고,0,0,1,0,차대차 - 측면직각충돌,직진우회전진행방해,건조,맑음,교차로 - 교차로안,승용,여,37세,상해없음,원동기,남,78세,경상
2013092800100180,2013년 9월 28일 09시,토요일,전라북도 군산시 사정동,경상사고,0,0,2,0,차량단독 - 공작물충돌,안전운전불이행,건조,맑음,교차로 - 교차로안,승용,남,67세,경상,,,,
2013092800100210,2013년 9월 28일 10시,토요일,전라북도 순창군 동계면,중상사고,0,2,0,0,차대차 - 측면직각충돌,직진우회전진행방해,건조,맑음,교차로 - 교차로안,이륜,남,75세,중상,화물,남,59세,상해없음
2013092800100242,2013년 9월 28일 11시,토요일,전라북도 진안군 안천면,경상사고,0,0,3,0,차대차 - 측면직각충돌,중앙선침범,건조,맑음,단일로 - 기타,화물,남,36세,상해없음,승용,여,34세,경상
2013092800100266,2013년 9월 28일 12시,토요일,전라북도 전주시 완산구 효자동1가,경상사고,0,0,1,0,차대차 - 기타,안전운전불이행,건조,맑음,교차로 - 교차로안,자전거,남,67세,경상,승용,여,33세,상해없음
2013092800100267,2013년 9월 28일 12시,토요일,전라북도 정읍시 고부면,경상사고,0,0,1,0,차대차 - 측면직각충돌,안전운전불이행,건조,흐림,교차로 - 교차로안,이륜,남,71세,경상,승용,남,33세,상해없음
2013092800100268,2013년 9월 28일 12시,토요일,전라북도 김제시 신풍동,중상사고,0,2,0,0,차대사람 - 횡단중,보행자보호의무위반,건조,맑음,교차로 - 교차로안,승용,여,57세,상해없음,보행자,여,18세,중상
2013092800100284,2013년 9월 28일 13시,토요일,전라북도 전주시 덕진구 인후동1가,중상사고,0,1,0,0,차대차 - 측면직각충돌,신호위반,건조,맑음,교차로 - 교차로안,이륜,남,17세,상해없음,자전거,남,69세,중상
2013092800100304,2013년 9월 28일 14시,토요일,전라북도 전주시 덕진구 인후동1가,경상사고,0,0,2,0,차대차 - 측면직각충돌,안전운전불이행,건조,맑음,교차로 - 교차로안,화물,남,54세,상해없음,화물,남,34세,경상