사고번호,사고일시,요일,시군구,사고내용,사망자수,중상자수,경상자수,부상신고자수,사고유형,법규위반,노면상태,기상상태,도로형태,가해운전자 차종,가해운전자 성별,가해운전자 연령,가해운전자 상해정도,피해운전자 차종,피해운전자 성별,피해운전자 연령,피해운전자 상해정도
2013092800100305,2013년 9월 28일 14시,토요일,전라북도 부안군 행안면,중상사고,0,1,0,1,차대차 - 측면직각충돌,교차로운행방법위반,습기,흐림,교차로 - 교차로안,승합,남,44세,부상신고,승용,남,54세,중상
2013092800100336,2013년 9월 28일 15시,토요일,전라북도 전주시 덕진구 금암동,경상사고,0,0,1,0,차대차 - 측면직각충돌,중앙선침범,건조,맑음,단일로 - 횡단보도상,승용,남,55세,상해없음,이륜,남,16세,경상
2013092800100366,2013년 9월 28일 16시,토요일,전라북도 군산시 수송동,경상사고,0,0,1,0,차대차 - 추돌 - 주정차중,안전운전불이행,건조,맑음,교차로 - 교차로부근,승용,남,61세,상해없음,승용,남,42세,경상
2013092800100367,2013년 9월 28일 16시,토요일,전라북도 완주군 봉동읍,경상사고,0,0,2,0,차대차 - 측면직각충돌,직진우회전진행방해,습기,흐림,교차로 - 교차로안,승용,여,48세,상해없음,승용,남,54세,경상
2013092800100407,2013년 9월 28일 17시,토요일,전라북도 정읍시 시기동,경상사고,0,0,1,0,차대차 - 추돌 - 주정차중,안전운전불이행,습기,비,기타 - 기타,승용,여,59세,상해없음,승용,남,23세,경상
2013092800100454,2013년 9월 28일 18시,토요일,전라북도 군산시 중앙로1가,경상사고,0,0,1,0,차대차 - 측면직각충돌,직진우회전진행방해,습기,비,교차로 - 교차로안,승용,남,24세,상해없음,원동기,남,22세,경상
2013092800100455,2013년 9월 28일 18시,토요일,전라북도 익산시 마동,사망사고,1,0,0,0,차대사람 - 횡단중,안전운전불이행,습기,비,교차로 - 교차로안,화물,남,38세,상해없음,보행자,남,61세,사망
2013092800100515,2013년 9월 28일 19시,토요일,전라북도 전주시 덕진구 송천동2가,중상사고,0,1,0,0,차대사람 - 기타,안전운전불이행,습기,비,단일로 - 기타,화물,남,35세,상해없음,보행자,남,20세,중상
2013092800100516,2013년 9월 28일 19시,토요일,전라북도 익산시 덕기동,경상사고,0,0,2,0,차대차 - 기타,중앙선침범,습기,비,단일로 - 기타,승용,여,45세,상해없음,승용,남,29세,경상
2013092800100554,2013년 9월 28일 20시,토요일,전라북도 전주시 완산구 서신동,경상사고,0,0,2,0,차대사람 - 횡단중,안전운전불이행,습기,비,단일로 - 기타,승용,남,54세,상해없음,보행자,여,42세,경상
2013092800100555,2013년 9월 28일 20시,토요일,전라북도 전주시 완산구 서신동,경상사고,0,0,1,0,차대차 - 추돌 - 진행중,안전거리미확보,습기,비,교차로 - 교차로부근,승용,남,48세,상해없음,승용,남,54세,경상
2013092800100556,2013년 9월 28일 20시,토요일,전라북도 전주시 덕진구 송천동2가,경상사고,0,0,3,0,차대차 - 추돌 - 주정차중,안전운전불이행,습기,흐림,교차로 - 교차로부근,승용,남,30세,상해없음,승용,여,35세,경상
2013092800100611,2013년 9월 28일 21시,토요일,전라북도 전주시 덕진구 우아동3가,중상사고,0,1,0,0,차대사람 - 차도통행중,안전운전불이행,습기,비,단일로 - 기타,이륜,남,16세,상해없음,보행자,남,62세,중상
2013092800100612,2013년 9월 28일 21시,토요일,전라북도 군산시 수송동,경상사고,0,0,7,0,차대차 - 추돌 - 주정차중,안전운전불이행,건조,맑음,교차로 - 교차로부근,승용,남,57세,상해없음,승용,남,33세,경상
2013092800100613,2013년 9월 28일 21시,토요일,전라북도 익산시 팔봉동,경상사고,0,0,2,0,차대차 - 측면직각충돌,안전운전불이행,습기,흐림,교차로 - 교차로안,승용,여,44세,상해없음,승용,남,49세,경상
2013092800100614,2013년 9월 28일 21시,토요일,전라북도 정읍시 수성동,중상사고,0,1,0,0,차대차 - 기타,안전운전불이행,습기,비,단일로 - 기타,원동기,남,16세,중상,승용,남,41세,상해없음
2013092800100653,2013년 9월 28일 22시,토요일,전라북도 전주시 완산구 교동,경상사고,0,0,3,0,차대차 - 측면직각충돌,교차로운행방법위반,습기,비,교차로 - 교차로안,승용,남,25세,경상,승용,남,43세,경상
2013092800100654,2013년 9월 28일 22시,토요일,전라북도 김제시 신풍동,경상사고,0,0,1,0,차대차 - 측면직각충돌,직진우회전진행방해,습기,비,교차로 - 교차로안,화물,여,50세,상해없음,승용,여,47세,경상
2013092800100693,2013년 9월 28일 23시,토요일,전라북도 전주시 완산구 교동,경상사고,0,0,1,0,차대차 - 측면직각충돌,직진우회전진행방해,습기,비,교차로 - 교차로안,승용,남,52세,상해없음,이륜,남,22세,경상
2013092800100694,2013년 9월 28일 23시,토요일,전라북도 전주시 덕진구 동산동,중상사고,0,1,2,0,차대차 - 추돌 - 주정차중,안전운전불이행,습기,비,교차로 - 교차로부근,화물,남,41세,상해없음,승용,남,38세,중상
2013092900100021,2013년 9월 29일 00시,일요일,전라북도 전주시 완산구 평화동2가,경상사고,0,0,3,0,차대차 - 측면직각충돌,안전운전불이행,습기,비,단일로 - 기타,승용,남,65세,상해없음,승용,남,23세,경상
2013092900100022,2013년 9월 29일 00시,일요일,전라북도 익산시 영등동,경상사고,0,0,1,0,차대사람 - 기타,안전운전불이행,습기,비,단일로 - 기타,승용,남,48세,상해없음,보행자,남,27세,경상
2013092900100023,2013년 9월 29일 00시,일요일,전라북도 정읍시 이평면,경상사고,0,0,1,0,차대차 - 측면직각충돌,안전운전불이행,습기,비,교차로 - 교차로부근,승용,남,24세,경상,화물,남,36세,기타불명
2013092900100110,2013년 9월 29일 03시,일요일,전라북도 전주시 덕진구 인후동1가,중상사고,0,1,1,0,차대차 - 추돌 - 주정차중,안전운전불이행,습기,흐림,단일로 - 기타,승합,남,62세,경상,화물,남,50세,기타불명
2013092900100148,2013년 9월 29일 05시,일요일,전라북도 익산시 영등동,경상사고,0,0,1,0,차대차 - 추돌 - 주정차중,안전거리미확보,습기,비,교차로 - 교차로부근,승용,남,34세,상해없음,이륜,남,72세,경상
2013092900100173,2013년 9월 29일 07시,일요일,전라북도 전주시 덕진구 금암동,경상사고,0,0,2,0,차대차 - 추돌 - 주정차중,안전운전불이행,습기,비,단일로 - 기타,승용,남,37세,상해없음,승용,여,39세,경상
2013092900100189,2013년 9월 29일 08시,일요일,전라북도 전주시 덕진구 우아동1가,경상사고,0,0,2,0,차대차 - 추돌 - 주정차중,안전운전불이행,습기,비,교차로 - 교차로부근,화물,남,40세,경상,화물,남,64세,경상
2013092900100243,2013년 9월 29일 11시,일요일,전라북도 군산시 소룡동,경상사고,0,0,1,0,차대차 - 측면직각충돌,안전운전불이행,습기,비,단일로 - 기타,승용,남,57세,상해없음,승용,남,48세,상해없음
2013092900100282,2013년 9월 29일 13시,일요일,전라북도 익산시 함열읍,경상사고,0,0,2,0,차대차 - 측면직각충돌,신호위반,습기,흐림,교차로 - 교차로안,화물,남,35세,상해없음,승용,남,54세,경상
2013092900100344,2013년 9월 29일 15시,일요일,전라북도 전주시 덕진구 진북동,경상사고,0,0,2,0,차대차 - 정면충돌,안전운전불이행,습기,비,교차로 - 교차로안,승용,남,28세,상해없음,승용,여,45세,경상
2013092900100366,2013년 9월 29일 16시,일요일,전라북도 전주시 덕진구 여의동,경상사고,0,0,7,0,차대차 - 추돌 - 주정차중,안전거리미확보,습기,비,교차로 - 교차로부근,승용,남,29세,상해없음,승용,남,26세,경상
2013092900100395,2013년 9월 29일 17시,일요일,전라북도 익산시 춘포면,중상사고,0,1,0,0,차량단독 - 공작물충돌,안전운전불이행,습기,흐림,단일로 - 기타,승용,여,40세,중상,,,,
2013092900100433,2013년 9월 29일 18시,일요일,전라북도 남원시 하정동,경상사고,0,0,1,0,차대사람 - 횡단중,보행자보호의무위반,습기,비,교차로 - 교차로부근,승용,남,28세,상해없음,보행자,여,19세,경상
2013092900100473,2013년 9월 29일 19시,일요일,전라북도 전주시 완산구 서신동,경상사고,0,0,2,0,차대차 - 기타,중앙선침범,습기,비,교차로 - 교차로부근,승용,남,48세,상해없음,승용,남,47세,경상
2013092900100474,2013년 9월 29일 19시,일요일,전라북도 군산시 소룡동,중상사고,0,1,0,0,차대차 - 기타,신호위반,습기,비,교차로 - 교차로안,승용,여,47세,상해없음,원동기,남,19세,중상
2013092900100475,2013년 9월 29일 19시,일요일,전라북도 부안군 변산면,경상사고,0,0,2,0,차대차 - 추돌 - 진행중,안전운전불이행,습기,비,교차로 - 교차로안,승용,남,50세,상해없음,승용,남,38세,경상
2013092900100476,2013년 9월 29일 19시,일요일,전라북도 장수군 장계면,중상사고,0,4,6,0,차대차 - 측면직각충돌,안전운전불이행,습기,비,단일로 - 기타,승용,남,27세,상해없음,승용,남,55세,경상
2013092900100514,2013년 9월 29일 20시,일요일,전라북도 전주시 덕진구 팔복동1가,경상사고,0,0,2,0,차대차 - 측면직각충돌,안전운전불이행,습기,비,교차로 - 교차로부근,승용,남,62세,상해없음,승용,남,35세,경상
2013092900100515,2013년 9월 29일 20시,일요일,전라북도 익산시 부송동,경상사고,0,0,1,0,차대사람 - 횡단중,보행자보호의무위반,습기,흐림,단일로 - 횡단보도상,승용,남,47세,상해없음,보행자,남,22세,경상
2013092900100516,2013년 9월 29일 20시,일요일,전라북도 고창군 고창읍,경상사고,0,0,1,0,차대차 - 추돌 - 진행중,안전운전불이행,습기,비,교차로 - 교차로부근,화물,남,57세,상해없음,승용,남,31세,경상
2013092900100539,2013년 9월 29일 21시,일요일,전라북도 전주시 덕진구 반월동,사망사고,1,0,0,0,차대사람 - 횡단중,안전운전불이행,습기,비,교차로 - 교차로부근,승합,남,56세,상해없음,보행자,남,48세,사망
2013092900100540,2013년 9월 29일 21시,일요일,전라북도 익산시 영등동,경상사고,0,0,1,0,차대차 - 기타,신호위반,습기,비,교차로 - 교차로안,승용,여,44세,상해없음,승용,여,47세,경상
2013092900100569,2013년 9월 29일 22시,일요일,전라북도 전주시 완산구 서신동,경상사고,0,0,1,0,차대차 - 추돌 - 주정차중,안전운전불이행,습기,비,교차로 - 교차로부근,승용,남,38세,상해없음,승용,남,36세,경상
2013092900100570,2013년 9월 29일 22시,일요일,전라북도 익산시 마동,경상사고,0,0,1,0,차대차 - 추돌 - 진행중,안전운전불이행,습기,흐림,교차로 - 교차로부근,승용,남,70세,상해없음,승용,남,26세,경상
2013092900100590,2013년 9월 29일 23시,일요일,전라북도 전주시 완산구 서신동,경상사고,0,0,2,0,차대차 - 추돌 - 주정차중,안전운전불이행,습기,비,교차로 - 교차로부근,승용,기타불명,기타불명,기타불명,승용,여,51세,경상
2013092900100591,2013년 9월 29일 23시,일요일,전라북도 전주시 덕진구 덕진동1가,경상사고,0,0,3,0,차대차 - 추돌 - 진행중,안전운전불이행,습기,비,교차로 - 교차로부근,승용,남,65세,상해없음,승용,남,59세,경상
2013093000100046,2013년 9월 30일 06시,월요일,전라북도 순창군 구림면,사망사고,1,0,0,0,차량단독 - 공작물충돌,안전운전불이행,건조,맑음,단일로 - 기타,승용,남,55세,사망,,,,
2013093000100105,2013년 9월 30일 08시,월요일,전라북도 전주시 완산구 고사동,중상사고,0,1,0,0,차대차 - 기타,안전운전불이행,건조,맑음,교차로 - 교차로안,승용,남,59세,상해없음,원동기,남,52세,중상
2013093000100106,2013년 9월 30일 08시,월요일,전라북도 익산시 함열읍,경상사고,0,0,1,0,차대차 - 기타,안전거리미확보,건조,맑음,교차로 - 교차로부근,화물,남,59세,상해없음,승용,여,31세,경상
2013093000100199,2013년 9월 30일 11시,월요일,전라북도 익산시 신용동,중상사고,0,1,0,0,차대차 - 기타,신호위반,건조,맑음,교차로 - 교차로안,승용,남,66세,상해없음,자전거,남,73세,중상
2013093000100200,2013년 9월 30일 11시,월요일,전라북도 완주군 봉동읍,중상사고,0,1,1,0,차대차 - 기타,교차로운행방법위반,건조,맑음,교차로 - 교차로안,화물,남,34세,상해없음,이륜,남,69세,중상
2013093000100225,2013년 9월 30일 12시,월요일,전라북도 군산시 나운동,중상사고,0,1,0,0,차대차 - 측면직각충돌,안전운전불이행,건조,맑음,교차로 - 교차로안,화물,남,27세,상해없음,이륜,남,73세,중상
2013093000100277,2013년 9월 30일 14시,월요일,전라북도 전주시 덕진구 덕진동1가,경상사고,0,0,1,0,차대차 - 측면직각충돌,안전운전불이행,건조,맑음,교차로 - 교차로안,승용,남,60세,상해없음,승용,남,60세,경상
2013093000100297,2013년 9월 30일 15시,월요일,전라북도 익산시 어양동,경상사고,0,0,1,0,차대차 - 기타,안전운전불이행,건조,맑음,교차로 - 교차로부근,승용,남,73세,상해없음,자전거,남,14세,경상
2013093000100298,2013년 9월 30일 15시,월요일,전라북도 익산시 부송동,경상사고,0,0,1,0,차대차 - 기타,안전운전불이행,건조,맑음,교차로 - 교차로부근,승용,여,43세,상해없음,승용,남,49세,경상
2013093000100299,2013년 9월 30일 15시,월요일,전라북도 익산시 남중동,경상사고,0,0,1,0,차대차 - 기타,직진우회전진행방해,건조,맑음,교차로 - 교차로안,승용,남,60세,상해없음,자전거,남,69세,경상
2013093000100331,2013년 9월 30일 16시,월요일,전라북도 전주시 완산구 효자동2가,경상사고,0,0,3,0,차대차 - 기타,신호위반,건조,맑음,교차로 - 교차로안,승용,남,46세,상해없음,승용,여,67세,경상
2013093000100409,2013년 9월 30일 18시,월요일,전라북도 군산시 미룡동,경상사고,0,0,1,0,차대차 - 측면직각충돌,안전운전불이행,건조,맑음,단일로 - 횡단보도상,승용,남,29세,상해없음,자전거,남,7세,경상
2013093000100410,2013년 9월 30일 18시,월요일,전라북도 익산시 부송동,경상사고,0,0,6,0,차대차 - 추돌 - 진행중,안전운전불이행,건조,맑음,단일로 - 기타,승용,남,63세,상해없음,승용,여,26세,경상
2013093000100411,2013년 9월 30일 18시,월요일,전라북도 익산시 어양동,경상사고,0,0,2,0,차대차 - 기타,안전운전불이행,건조,맑음,단일로 - 기타,승용,남,44세,상해없음,승용,남,44세,경상
2013093000100412,2013년 9월 30일 18시,월요일,전라북도 익산시 어양동,경상사고,0,0,2,0,차대차 - 추돌 - 진행중,안전거리미확보,건조,맑음,교차로 - 교차로안,승용,남,56세,상해없음,승용,남,40세,경상
2013093000100413,2013년 9월 30일 18시,월요일,전라북도 익산시 동산동,중상사고,0,1,0,0,차대사람 - 횡단중,보행자보호의무위반,건조,맑음,교차로 - 교차로안,승용,남,69세,상해없음,보행자,여,48세,중상
2013093000100454,2013년 9월 30일 19시,월요일,전라북도 군산시 수송동,경상사고,0,0,1,0,차대차 - 측면직각충돌,안전운전불이행,건조,맑음,교차로 - 교차로부근,승용,여,42세,상해없음,원동기,남,17세,경상
2013093000100455,2013년 9월 30일 19시,월요일,전라북도 임실군 강진면,중상사고,0,1,0,0,차대차 - 추돌 - 진행중,안전운전불이행,건조,맑음,단일로 - 기타,이륜,남,25세,중상,이륜,남,23세,상해없음
2013093000100456,2013년 9월 30일 19시,월요일,전라북도 순창군 순창읍,중상사고,0,2,0,0,차대사람 - 기타,안전운전불이행,건조,흐림,단일로 - 기타,이륜,남,63세,중상,보행자,여,76세,중상
2013093000100494,2013년 9월 30일 20시,월요일,전라북도 전주시 덕진구 금암동,경상사고,0,0,1,0,차대차 - 추돌 - 주정차중,안전운전불이행,건조,맑음,단일로 - 기타,승용,여,65세,상해없음,승용,여,57세,경상
2013093000100495,2013년 9월 30일 20시,월요일,전라북도 완주군 삼례읍,경상사고,0,0,1,0,차대사람 - 기타,안전운전불이행,건조,맑음,교차로 - 교차로부근,승용,남,28세,상해없음,보행자,여,54세,경상
2013093000100520,2013년 9월 30일 21시,월요일,전라북도 김제시 검산동,중상사고,0,1,0,0,차량단독 - 공작물충돌,안전운전불이행,건조,맑음,교차로 - 교차로안,승용,남,48세,상해없음,,,,
2013093000100544,2013년 9월 30일 22시,월요일,전라북도 군산시 지곡동,중상사고,0,1,0,0,차대사람 - 횡단중,안전운전불이행,건조,맑음,단일로 - 기타,승용,남,27세,상해없음,보행자,남,57세,중상
2013100100100013,2013년 10월 1일 00시,화요일,전라북도 군산시 소룡동,경상사고,0,0,2,0,차대차 - 측면직각충돌,중앙선침범,건조,맑음,단일로 - 기타,승용,여,19세,상해없음,승용,남,48세,경상
2013100100100106,2013년 10월 1일 07시,화요일,전라북도 익산시 춘포면,중상사고,0,1,0,0,차대차 - 기타,직진우회전진행방해,건조,맑음,교차로 - 교차로안,화물,남,55세,상해없음,승용,남,29세,중상
2013100100100172,2013년 10월 1일 09시,화요일,전라북도 전주시 완산구 서서학동,경상사고,0,0,2,0,차대차 - 추돌 - 주정차중,안전운전불이행,건조,맑음,교차로 - 교차로부근,승용,남,37세,상해없음,승용,남,42세,경상
2013100100100173,2013년 10월 1일 09시,화요일,전라북도 순창군 순창읍,중상사고,0,1,0,0,차량단독 - 기타,안전운전불이행,건조,맑음,교차로 - 교차로부근,농기계,남,63세,중상,,,,
2013100100100197,2013년 10월 1일 10시,화요일,전라북도 전주시 완산구 중화산동1가,중상사고,0,1,0,0,차대사람 - 횡단중,보행자보호의무위반,건조,맑음,교차로 - 교차로부근,승합,남,52세,상해없음,보행자,여,48세,중상
2013100100100198,2013년 10월 1일 10시,화요일,전라북도 익산시 용안면,중상사고,0,1,0,0,차대차 - 기타,중앙선침범,건조,맑음,단일로 - 기타,기타불명,기타불명,기타불명,기타불명,이륜,남,79세,중상
2013100100100199,2013년 10월 1일 10시,화요일,전라북도 익산시 중앙동1가,중상사고,0,1,1,0,차대차 - 측면직각충돌,중앙선침범,건조,맑음,단일로 - 기타,자전거,여,66세,중상,이륜,남,80세,경상
2013100100100200,2013년 10월 1일 10시,화요일,전라북도 익산시 신흥동,경상사고,0,0,1,0,차대차 - 측면직각충돌,직진우회전진행방해,건조,맑음,교차로 - 교차로안,화물,남,67세,상해없음,승용,남,62세,경상
2013100100100201,2013년 10월 1일 10시,화요일,전라북도 김제시 백구면,경상사고,0,0,2,0,차대차 - 기타,안전운전불이행,건조,맑음,단일로 - 기타,화물,남,50세,상해없음,이륜,남,78세,경상
2013100100100202,2013년 10월 1일 10시,화요일,전라북도 남원시 내척동,중상사고,0,1,1,0,차대차 - 정면충돌,안전운전불이행,건조,맑음,단일로 - 기타,화물,남,58세,상해없음,이륜,남,67세,중상
2013100100100227,2013년 10월 1일 11시,화요일,전라북도 익산시 마동,중상사고,0,1,0,0,차대차 - 측면직각충돌,직진우회전진행방해,건조,맑음,교차로 - 교차로안,승용,남,49세,상해없음,이륜,여,50세,중상
2013100100100228,2013년 10월 1일 11시,화요일,전라북도 익산시 성당면,중상사고,0,1,0,0,차대사람 - 횡단중,직진우회전진행방해,건조,맑음,교차로 - 교차로안,화물,남,63세,상해없음,보행자,여,83세,중상
2013100100100253,2013년 10월 1일 12시,화요일,전라북도 남원시 주천면,중상사고,0,1,0,0,차대차 - 기타,기타,건조,맑음,교차로 - 교차로안,승용,여,53세,상해없음,이륜,여,65세,중상
2013100100100312,2013년 10월 1일 14시,화요일,전라북도 군산시 경장동,경상사고,0,0,3,0,차대차 - 추돌 - 진행중,안전거리미확보,건조,맑음,교차로 - 교차로부근,승합,남,48세,상해없음,승합,남,57세,경상
2013100100100313,2013년 10월 1일 14시,화요일,전라북도 고창군 성내면,중상사고,0,1,1,0,차대차 - 추돌 - 주정차중,안전운전불이행,건조,맑음,교차로 - 교차로부근,승용,남,53세,상해없음,승용,여,51세,중상
2013100100100343,2013년 10월 1일 15시,화요일,전라북도 전주시 완산구 서노송동,경상사고,0,0,2,0,차대차 - 추돌 - 주정차중,안전운전불이행,건조,맑음,교차로 - 교차로부근,화물,남,30세,상해없음,승용,남,72세,경상
2013100100100344,2013년 10월 1일 15시,화요일,전라북도 익산시 영등동,경상사고,0,0,1,0,차대차 - 측면직각충돌,신호위반,건조,맑음,단일로 - 기타,승용,여,46세,상해없음,화물,남,49세,경상
2013100100100345,2013년 10월 1일 15시,화요일,전라북도 김제시 금구면,중상사고,0,1,0,0,차대사람 - 기타,안전운전불이행,건조,맑음,단일로 - 기타,화물,남,50세,상해없음,보행자,남,50세,중상
2013100100100346,2013년 10월 1일 15시,화요일,전라북도 부안군 계화면,경상사고,0,0,1,1,차대차 - 측면직각충돌,교차로운행방법위반,건조,맑음,교차로 - 교차로안,승합,남,49세,경상,승용,남,41세,부상신고
2013100100100347,2013년 10월 1일 15시,화요일,전라북도 순창군 팔덕면,중상사고,0,1,0,0,차대차 - 측면직각충돌,직진우회전진행방해,건조,맑음,교차로 - 교차로안,승용,남,67세,기타불명,승용,여,65세,상해없음
2013100100100411,2013년 10월 1일 17시,화요일,전라북도 군산시 대야면,경상사고,0,0,1,0,차량단독 - 공작물충돌,안전운전불이행,건조,맑음,미분류 - 미분류,원동기,남,15세,상해없음,,,,
2013100100100412,2013년 10월 1일 17시,화요일,전라북도 군산시 산북동,경상사고,0,0,1,0,차대차 - 측면직각충돌,안전거리미확보,건조,맑음,단일로 - 기타,화물,남,54세,상해없음,승용,남,59세,경상
2013100100100413,2013년 10월 1일 17시,화요일,전라북도 군산시 명산동,중상사고,0,1,0,0,차대사람 - 횡단중,안전운전불이행,건조,맑음,단일로 - 기타,승용,여,37세,상해없음,보행자,남,12세,중상
2013100100100454,2013년 10월 1일 18시,화요일,전라북도 남원시 쌍교동,중상사고,0,1,0,0,차대차 - 기타,안전운전불이행,건조,맑음,교차로 - 교차로부근,자전거,남,14세,중상,화물,남,67세,상해없음
2013100100100496,2013년 10월 1일 19시,화요일,전라북도 남원시 대산면,경상사고,0,0,3,0,차대차 - 추돌 - 주정차중,안전운전불이행,습기,비,단일로 - 기타,승용,남,29세,상해없음,화물,남,47세,상해없음
2013100100100618,2013년 10월 1일 23시,화요일,전라북도 전주시 완산구 중화산동2가,경상사고,0,0,2,0,차대차 - 추돌 - 주정차중,안전운전불이행,습기,비,교차로 - 교차로부근,화물,기타불명,기타불명,기타불명,승용,남,39세,경상
2013100200100016,2013년 10월 2일 00시,수요일,전라북도 전주시 덕진구 전미동1가,경상사고,0,0,2,0,차대차 - 측면직각충돌,중앙선침범,습기,비,단일로 - 기타,승용,남,33세,상해없음,승용,남,38세,경상
2013100200100135,2013년 10월 2일 09시,수요일,전라북도 남원시 사매면,경상사고,0,0,1,0,차대차 - 기타,교차로운행방법위반,건조,맑음,교차로 - 교차로안,화물,남,44세,상해없음,승용,남,45세,경상
2013100200100136,2013년 10월 2일 09시,수요일,전라북도 남원시 하정동,경상사고,0,0,1,0,차대차 - 측면직각충돌,직진우회전진행방해,건조,맑음,교차로 - 교차로안,승용,남,26세,상해없음,승용,여,39세,경상
2013100200100184,2013년 10월 2일 11시,수요일,전라북도 익산시 남중동,경상사고,0,0,1,0,차대사람 - 차도통행중,안전운전불이행,건조,맑음,단일로 - 기타,승용,남,22세,상해없음,보행자,여,69세,경상
2013100200100243,2013년 10월 2일 13시,수요일,전라북도 고창군 성송면,경상사고,0,0,1,0,차대차 - 측면직각충돌,신호위반,건조,맑음,교차로 - 교차로안,화물,남,50세,상해없음,건설기계,남,53세,경상
2013100200100269,2013년 10월 2일 14시,수요일,전라북도 전주시 덕진구 인후동2가,중상사고,0,1,0,0,차대사람 - 기타,안전운전불이행,건조,맑음,단일로 - 기타,승용,남,46세,상해없음,보행자,여,52세,중상
2013100200100309,2013년 10월 2일 15시,수요일,전라북도 전주시 완산구 경원동3가,중상사고,0,1,0,0,차대차 - 측면직각충돌,교차로운행방법위반,건조,맑음,교차로 - 교차로안,원동기,남,18세,중상,승용,남,59세,상해없음
2013100200100310,2013년 10월 2일 15시,수요일,전라북도 정읍시 수성동,경상사고,0,0,1,0,차대사람 - 보도통행중,보행자보호의무위반,건조,맑음,교차로 - 교차로안,승용,남,31세,상해없음,보행자,여,58세,경상
2013100200100311,2013년 10월 2일 15시,수요일,전라북도 부안군 부안읍,중상사고,0,1,0,0,차대사람 - 차도통행중,안전운전불이행,건조,흐림,교차로 - 교차로부근,화물,여,47세,상해없음,보행자,여,81세,중상
2013100200100341,2013년 10월 2일 16시,수요일,전라북도 전주시 덕진구 송천동2가,경상사고,0,0,2,0,차대차 - 추돌 - 주정차중,안전운전불이행,건조,맑음,단일로 - 기타,승용,남,37세,상해없음,승용,여,51세,경상
2013100200100342,2013년 10월 2일 16시,수요일,전라북도 정읍시 영파동,중상사고,0,1,0,0,차대차 - 추돌 - 진행중,안전운전불이행,건조,맑음,단일로 - 교량,승용,남,28세,상해없음,농기계,남,74세,중상
2013100200100382,2013년 10월 2일 17시,수요일,전라북도 전주시 완산구 서신동,경상사고,0,0,1,0,차대차 - 기타,교차로운행방법위반,건조,맑음,교차로 - 교차로안,승용,여,44세,상해없음,원동기,남,19세,경상
2013100200100383,2013년 10월 2일 17시,수요일,전라북도 익산시 신동,경상사고,0,0,1,0,차대차 - 측면직각충돌,직진우회전진행방해,건조,맑음,교차로 - 교차로안,특수,남,48세,상해없음,승용,남,22세,경상
2013100200100431,2013년 10월 2일 18시,수요일,전라북도 군산시 대야면,경상사고,0,0,1,0,차대사람 - 차도통행중,안전운전불이행,건조,맑음,교차로 - 교차로안,화물,남,54세,상해없음,보행자,여,57세,경상
2013100200100432,2013년 10월 2일 18시,수요일,전라북도 익산시 평화동,경상사고,0,0,3,0,차대차 - 측면직각충돌,신호위반,건조,맑음,교차로 - 교차로안,승용,남,62세,상해없음,승용,남,38세,경상
2013100200100528,2013년 10월 2일 20시,수요일,전라북도 완주군 화산면,경상사고,0,0,1,0,차대사람 - 기타,안전운전불이행,건조,맑음,단일로 - 기타,기타불명,기타불명,기타불명,기타불명,보행자,남,50세,경상
2013100200100559,2013년 10월 2일 21시,수요일,전라북도 전주시 완산구 효자동1가,경상사고,0,0,1,0,차대차 - 기타,안전운전불이행,건조,맑음,교차로 - 교차로부근,승용,여,53세,상해없음,이륜,남,68세,경상
2013100200100590,2013년 10월 2일 22시,수요일,전라북도 전주시 완산구 중화산동2가,경상사고,0,0,4,0,차대차 - 추돌 - 주정차중,안전운전불이행,건조,맑음,단일로 - 기타,승용,남,38세,상해없음,승용,여,39세,경상
2013100300100044,2013년 10월 3일 01시,목요일,전라북도 전주시 완산구 효자동2가,중상사고,0,2,0,0,차대사람 - 횡단중,보행자보호의무위반,건조,맑음,교차로 - 교차로부근,승용,여,30세,상해없음,보행자,여,48세,중상
2013100300100064,2013년 10월 3일 02시,목요일,전라북도 익산시 신용동,경상사고,0,0,1,0,차대사람 - 기타,안전운전불이행,건조,맑음,단일로 - 기타,승용,남,21세,상해없음,보행자,남,23세,경상
2013100300100081,2013년 10월 3일 03시,목요일,전라북도 익산시 신동,경상사고,0,0,1,0,차대사람 - 보도통행중,보행자보호의무위반,건조,맑음,교차로 - 교차로안,승용,남,22세,상해없음,보행자,남,21세,경상
2013100300100115,2013년 10월 3일 05시,목요일,전라북도 전주시 완산구 삼천동1가,사망사고,1,0,0,0,차대사람 - 기타,안전운전불이행,건조,맑음,교차로 - 교차로안,승용,남,62세,상해없음,보행자,남,74세,사망
2013100300100116,2013년 10월 3일 05시,목요일,전라북도 전주시 덕진구 덕진동1가,중상사고,0,1,0,0,차대차 - 측면직각충돌,신호위반,건조,맑음,교차로 - 교차로안,자전거,남,23세,중상,승용,남,44세,상해없음
2013100300100128,2013년 10월 3일 06시,목요일,전라북도 전주시 완산구 효자동3가,중상사고,0,1,0,0,차대사람 - 횡단중,신호위반,건조,맑음,교차로 - 교차로부근,특수,남,40세,상해없음,보행자,여,66세,중상
2013100300100129,2013년 10월 3일 06시,목요일,전라북도 익산시 팔봉동,경상사고,0,0,1,0,차대차 - 측면직각충돌,안전운전불이행,건조,맑음,교차로 - 교차로안,건설기계,남,43세,상해없음,화물,남,55세,경상
2013100300100141,2013년 10월 3일 07시,목요일,전라북도 군산시 미룡동,사망사고,1,0,0,0,차대차 - 추돌 - 주정차중,안전운전불이행,건조,맑음,단일로 - 기타,화물,남,41세,상해없음,화물,남,57세,상해없음