사고번호,사고일시,요일,시군구,사고내용,사망자수,중상자수,경상자수,부상신고자수,사고유형,법규위반,노면상태,기상상태,도로형태,가해운전자 차종,가해운전자 성별,가해운전자 연령,가해운전자 상해정도,피해운전자 차종,피해운전자 성별,피해운전자 연령,피해운전자 상해정도
2013100700100170,2013년 10월 7일 10시,월요일,전라북도 순창군 구림면,중상사고,0,1,0,0,차량단독 - 도로외이탈 - 추락,안전운전불이행,건조,맑음,교차로 - 교차로안,이륜,남,75세,중상,,,,
2013100700100196,2013년 10월 7일 11시,월요일,전라북도 전주시 덕진구 인후동1가,경상사고,0,0,1,0,차대사람 - 횡단중,중앙선침범,건조,맑음,단일로 - 기타,승용,남,73세,상해없음,보행자,여,20세,경상
2013100700100197,2013년 10월 7일 11시,월요일,전라북도 김제시 광활면,중상사고,0,1,1,0,차대차 - 측면직각충돌,직진우회전진행방해,건조,맑음,교차로 - 교차로안,승용,남,69세,상해없음,승용,여,51세,중상
2013100700100198,2013년 10월 7일 11시,월요일,전라북도 김제시 백산면,중상사고,0,2,0,0,차대차 - 기타,중앙선침범,건조,맑음,단일로 - 기타,화물,남,50세,상해없음,승용,여,50세,중상
2013100700100256,2013년 10월 7일 13시,월요일,전라북도 군산시 나운동,중상사고,0,1,0,0,차대차 - 측면직각충돌,직진우회전진행방해,건조,맑음,교차로 - 교차로안,승용,여,25세,상해없음,원동기,남,21세,중상
2013100700100257,2013년 10월 7일 13시,월요일,전라북도 정읍시 옹동면,경상사고,0,0,2,0,차대차 - 기타,안전운전불이행,건조,맑음,교차로 - 교차로부근,승용,남,62세,상해없음,승용,여,45세,경상
2013100700100287,2013년 10월 7일 14시,월요일,전라북도 익산시 삼기면,중상사고,0,1,0,0,차대사람 - 횡단중,신호위반,건조,맑음,교차로 - 교차로안,승용,남,65세,상해없음,보행자,여,63세,중상
2013100700100307,2013년 10월 7일 15시,월요일,전라북도 익산시 신동,경상사고,0,0,1,0,차대사람 - 횡단중,안전운전불이행,건조,맑음,단일로 - 횡단보도상,기타불명,기타불명,기타불명,기타불명,보행자,여,71세,경상
2013100700100308,2013년 10월 7일 15시,월요일,전라북도 남원시 사매면,사망사고,1,1,0,0,차량단독 - 기타,안전운전불이행,건조,맑음,교차로 - 교차로부근,이륜,여,79세,중상,,,,
2013100700100309,2013년 10월 7일 15시,월요일,전라북도 임실군 임실읍,경상사고,0,0,4,0,차대차 - 측면직각충돌,안전운전불이행,건조,맑음,단일로 - 기타,화물,남,53세,상해없음,화물,남,60세,경상
2013100700100338,2013년 10월 7일 16시,월요일,전라북도 군산시 중앙로1가,경상사고,0,0,1,0,차대차 - 측면직각충돌,안전운전불이행,건조,맑음,단일로 - 기타,승용,남,33세,상해없음,자전거,남,77세,경상
2013100700100365,2013년 10월 7일 17시,월요일,전라북도 전주시 완산구 다가동4가,경상사고,0,0,2,0,차대차 - 기타,교차로운행방법위반,건조,맑음,교차로 - 교차로안,승용,남,63세,상해없음,승용,남,62세,경상
2013100700100366,2013년 10월 7일 17시,월요일,전라북도 군산시 나운동,경상사고,0,0,1,0,차대사람 - 횡단중,안전운전불이행,건조,맑음,교차로 - 교차로부근,승용,남,75세,상해없음,보행자,여,50세,경상
2013100700100415,2013년 10월 7일 18시,월요일,전라북도 김제시 만경읍,중상사고,0,1,0,0,차대차 - 측면직각충돌,직진우회전진행방해,건조,맑음,교차로 - 교차로안,화물,남,52세,상해없음,원동기,남,46세,중상
2013100700100416,2013년 10월 7일 18시,월요일,전라북도 부안군 부안읍,경상사고,0,0,1,0,차대차 - 추돌 - 주정차중,안전운전불이행,건조,맑음,단일로 - 기타,승용,남,76세,상해없음,승용,남,31세,기타불명
2013100700100417,2013년 10월 7일 18시,월요일,전라북도 진안군 부귀면,중상사고,0,2,1,0,차대차 - 측면직각충돌,신호위반,건조,맑음,교차로 - 교차로안,승용,여,54세,중상,승용,남,66세,경상
2013100700100496,2013년 10월 7일 20시,월요일,전라북도 전주시 완산구 효자동3가,경상사고,0,0,3,0,차량단독 - 공작물충돌,과속,건조,맑음,단일로 - 교량,승용,남,25세,경상,,,,
2013100700100497,2013년 10월 7일 20시,월요일,전라북도 순창군 금과면,경상사고,0,0,2,0,차대차 - 추돌 - 진행중,안전거리미확보,건조,맑음,단일로 - 기타,승용,여,26세,상해없음,승용,여,43세,경상
2013100700100526,2013년 10월 7일 21시,월요일,전라북도 전주시 완산구 효자동3가,중상사고,0,1,0,0,차대차 - 기타,불법유턴,건조,맑음,교차로 - 교차로부근,승용,남,48세,상해없음,이륜,남,21세,중상
2013100700100527,2013년 10월 7일 21시,월요일,전라북도 전주시 덕진구 송천동1가,경상사고,0,0,2,0,차대차 - 기타,안전운전불이행,건조,맑음,단일로 - 기타,화물,남,43세,상해없음,승용,남,43세,경상
2013100700100528,2013년 10월 7일 21시,월요일,전라북도 군산시 삼학동,중상사고,0,1,0,0,차대사람 - 차도통행중,안전운전불이행,건조,맑음,단일로 - 기타,승용,남,34세,상해없음,보행자,남,58세,중상
2013100700100529,2013년 10월 7일 21시,월요일,전라북도 완주군 구이면,경상사고,0,0,1,0,차대차 - 기타,안전운전불이행,건조,흐림,단일로 - 기타,승용,남,25세,상해없음,승용,남,22세,경상
2013100700100566,2013년 10월 7일 22시,월요일,전라북도 완주군 소양면,경상사고,0,0,1,0,차량단독 - 기타,안전운전불이행,건조,흐림,단일로 - 기타,승합,남,57세,상해없음,,,,
2013100700100567,2013년 10월 7일 22시,월요일,전라북도 익산시 어양동,경상사고,0,0,2,0,차대차 - 추돌 - 주정차중,안전운전불이행,건조,맑음,교차로 - 교차로부근,승용,남,46세,상해없음,승용,여,37세,경상
2013100700100607,2013년 10월 7일 23시,월요일,전라북도 익산시 신동,경상사고,0,0,1,0,차대차 - 추돌 - 주정차중,안전운전불이행,건조,맑음,단일로 - 기타,기타불명,기타불명,기타불명,기타불명,승용,남,45세,기타불명
2013100800100009,2013년 10월 8일 00시,화요일,전라북도 익산시 신동,경상사고,0,0,1,0,차대사람 - 기타,안전운전불이행,건조,맑음,단일로 - 기타,승용,남,32세,상해없음,보행자,남,22세,경상
2013100800100034,2013년 10월 8일 01시,화요일,전라북도 전주시 완산구 효자동3가,경상사고,0,0,1,0,차대차 - 측면직각충돌,안전운전불이행,건조,맑음,교차로 - 교차로안,승용,여,49세,상해없음,화물,남,29세,경상
2013100800100085,2013년 10월 8일 05시,화요일,전라북도 익산시 신흥동,중상사고,0,2,0,0,차량단독 - 공작물충돌,안전운전불이행,건조,맑음,단일로 - 기타,승용,남,25세,상해없음,,,,
2013100800100161,2013년 10월 8일 08시,화요일,전라북도 전주시 완산구 서신동,경상사고,0,0,1,0,차대차 - 기타,신호위반,습기,비,교차로 - 교차로안,화물,남,49세,상해없음,승용,여,45세,경상
2013100800100162,2013년 10월 8일 08시,화요일,전라북도 전주시 덕진구 동산동,경상사고,0,0,2,0,차대차 - 추돌 - 진행중,안전거리미확보,건조,맑음,교차로 - 교차로부근,화물,남,40세,상해없음,화물,남,57세,경상
2013100800100223,2013년 10월 8일 10시,화요일,전라북도 익산시 신동,경상사고,0,0,2,0,차대차 - 추돌 - 진행중,안전운전불이행,건조,맑음,교차로 - 교차로부근,승합,남,72세,상해없음,승용,남,38세,경상
2013100800100258,2013년 10월 8일 11시,화요일,전라북도 전주시 완산구 삼천동1가,경상사고,0,0,1,0,차대차 - 기타,직진우회전진행방해,건조,맑음,교차로 - 교차로안,승용,남,52세,상해없음,승용,남,62세,경상
2013100800100259,2013년 10월 8일 11시,화요일,전라북도 익산시 신용동,경상사고,0,0,3,0,차대차 - 정면충돌,안전운전불이행,습기,비,교차로 - 교차로안,승용,남,48세,경상,화물,남,42세,경상
2013100800100260,2013년 10월 8일 11시,화요일,전라북도 부안군 부안읍,경상사고,0,0,1,0,차대사람 - 횡단중,신호위반,습기,비,교차로 - 교차로부근,이륜,남,68세,상해없음,보행자,여,64세,경상
2013100800100297,2013년 10월 8일 12시,화요일,전라북도 전주시 완산구 중화산동2가,중상사고,0,1,0,0,차대차 - 기타,신호위반,건조,맑음,교차로 - 교차로안,화물,남,70세,상해없음,화물,남,56세,중상
2013100800100298,2013년 10월 8일 12시,화요일,전라북도 군산시 옥산면,중상사고,0,1,0,0,차대차 - 추돌 - 진행중,안전운전불이행,습기,비,단일로 - 기타,승용,남,50세,중상,화물,남,32세,상해없음
2013100800100328,2013년 10월 8일 13시,화요일,전라북도 전주시 덕진구 인후동1가,경상사고,0,0,1,0,차대차 - 추돌 - 진행중,안전운전불이행,습기,비,교차로 - 교차로부근,승용,남,57세,상해없음,승용,남,37세,경상
2013100800100329,2013년 10월 8일 13시,화요일,전라북도 군산시 조촌동,중상사고,0,1,0,0,차대차 - 측면직각충돌,안전운전불이행,습기,비,교차로 - 교차로안,승용,남,46세,상해없음,원동기,남,40세,중상
2013100800100359,2013년 10월 8일 14시,화요일,전라북도 전주시 덕진구 여의동,경상사고,0,0,3,0,차대차 - 추돌 - 진행중,안전거리미확보,건조,맑음,단일로 - 기타,승합,남,55세,상해없음,승용,남,42세,상해없음
2013100800100360,2013년 10월 8일 14시,화요일,전라북도 군산시 중앙로2가,경상사고,0,0,1,0,차대차 - 기타,중앙선침범,습기,비,교차로 - 교차로부근,승용,남,53세,상해없음,화물,남,71세,경상
2013100800100361,2013년 10월 8일 14시,화요일,전라북도 익산시 금강동,경상사고,0,0,2,0,차대차 - 추돌 - 주정차중,안전운전불이행,건조,맑음,교차로 - 교차로부근,승용,남,48세,상해없음,승용,남,46세,경상
2013100800100389,2013년 10월 8일 15시,화요일,전라북도 전주시 완산구 효자동1가,경상사고,0,0,2,0,차대차 - 추돌 - 진행중,안전운전불이행,건조,맑음,단일로 - 기타,승용,남,55세,상해없음,승용,남,42세,경상
2013100800100390,2013년 10월 8일 15시,화요일,전라북도 군산시 오식도동,중상사고,0,1,0,0,차대차 - 기타,안전운전불이행,건조,맑음,단일로 - 기타,승용,여,45세,상해없음,승용,기타불명,기타불명,기타불명
2013100800100426,2013년 10월 8일 16시,화요일,전라북도 전주시 완산구 서노송동,경상사고,0,0,1,0,차대사람 - 횡단중,보행자보호의무위반,건조,맑음,단일로 - 횡단보도상,기타불명,기타불명,기타불명,기타불명,보행자,여,16세,경상
2013100800100459,2013년 10월 8일 17시,화요일,전라북도 군산시 나운동,경상사고,0,0,1,0,차대차 - 추돌 - 진행중,안전운전불이행,건조,맑음,단일로 - 기타,승용,남,66세,상해없음,승용,남,32세,경상
2013100800100522,2013년 10월 8일 18시,화요일,전라북도 전주시 덕진구 덕진동1가,경상사고,0,0,2,0,차대차 - 측면직각충돌,안전운전불이행,건조,맑음,교차로 - 교차로안,기타불명,기타불명,기타불명,기타불명,원동기,남,38세,경상
2013100800100523,2013년 10월 8일 18시,화요일,전라북도 익산시 부송동,중상사고,0,1,0,0,차대사람 - 횡단중,안전운전불이행,건조,맑음,단일로 - 기타,승용,남,50세,상해없음,보행자,남,68세,중상
2013100800100524,2013년 10월 8일 18시,화요일,전라북도 익산시 여산면,중상사고,0,1,0,0,차대차 - 추돌 - 진행중,안전운전불이행,건조,맑음,단일로 - 기타,승용,남,40세,상해없음,자전거,남,71세,중상
2013100800100577,2013년 10월 8일 19시,화요일,전라북도 전주시 덕진구 금암동,중상사고,0,1,0,0,차대사람 - 차도통행중,안전운전불이행,건조,맑음,단일로 - 기타,승용,남,59세,상해없음,보행자,남,65세,중상
2013100800100578,2013년 10월 8일 19시,화요일,전라북도 임실군 관촌면,경상사고,0,0,4,0,차대차 - 측면직각충돌,기타,건조,맑음,단일로 - 기타,화물,남,62세,상해없음,승용,남,40세,경상
2013100800100661,2013년 10월 8일 21시,화요일,전라북도 익산시 함라면,중상사고,0,1,0,0,차대사람 - 횡단중,안전운전불이행,건조,흐림,단일로 - 기타,승용,여,45세,상해없음,보행자,남,61세,중상
2013100800100701,2013년 10월 8일 22시,화요일,전라북도 전주시 덕진구 금암동,중상사고,0,1,0,0,차대사람 - 횡단중,중앙선침범,건조,맑음,교차로 - 교차로안,승용,남,46세,상해없음,보행자,여,24세,중상
2013100800100735,2013년 10월 8일 23시,화요일,전라북도 익산시 동산동,경상사고,0,0,1,0,차대차 - 추돌 - 주정차중,안전운전불이행,건조,맑음,교차로 - 교차로부근,승용,남,37세,상해없음,승용,여,45세,경상
2013100900100040,2013년 10월 9일 01시,수요일,전라북도 전주시 완산구 서신동,경상사고,0,0,2,0,차대차 - 기타,안전운전불이행,건조,맑음,단일로 - 기타,승용,남,48세,상해없음,승용,남,28세,경상
2013100900100082,2013년 10월 9일 04시,수요일,전라북도 익산시 영등동,경상사고,0,0,3,0,차대차 - 추돌 - 주정차중,안전운전불이행,건조,맑음,교차로 - 교차로부근,승용,남,25세,상해없음,승용,남,65세,경상
2013100900100101,2013년 10월 9일 06시,수요일,전라북도 군산시 대야면,중상사고,0,1,0,0,차대차 - 측면직각충돌,신호위반,건조,맑음,교차로 - 교차로안,승용,남,67세,상해없음,화물,남,22세,중상
2013100900100135,2013년 10월 9일 08시,수요일,전라북도 완주군 삼례읍,경상사고,0,0,1,0,차량단독 - 공작물충돌,안전운전불이행,건조,맑음,기타 - 기타,화물,남,40세,경상,,,,
2013100900100157,2013년 10월 9일 09시,수요일,전라북도 전주시 덕진구 고랑동,경상사고,0,0,1,0,차대차 - 기타,신호위반,건조,맑음,교차로 - 교차로안,승용,남,52세,상해없음,승용,남,61세,경상
2013100900100176,2013년 10월 9일 10시,수요일,전라북도 남원시 주천면,경상사고,0,0,2,0,차대차 - 정면충돌,중앙선침범,건조,맑음,단일로 - 기타,승용,남,56세,상해없음,화물,남,51세,경상
2013100900100177,2013년 10월 9일 10시,수요일,전라북도 부안군 변산면,중상사고,0,1,0,0,차대차 - 기타,안전운전불이행,건조,맑음,단일로 - 기타,자전거,남,49세,중상,화물,남,26세,기타불명
2013100900100210,2013년 10월 9일 11시,수요일,전라북도 정읍시 산내면,중상사고,0,1,0,0,차대사람 - 횡단중,안전운전불이행,건조,맑음,교차로 - 교차로부근,승용,남,45세,상해없음,보행자,남,57세,중상
2013100900100211,2013년 10월 9일 11시,수요일,전라북도 순창군 복흥면,사망사고,1,0,0,0,차대차 - 측면직각충돌,직진우회전진행방해,건조,맑음,교차로 - 교차로안,이륜,남,68세,사망,화물,남,67세,상해없음
2013100900100238,2013년 10월 9일 12시,수요일,전라북도 김제시 백산면,중상사고,0,1,0,0,차대차 - 추돌 - 진행중,불법유턴,건조,맑음,교차로 - 교차로부근,화물,남,66세,상해없음,원동기,여,50세,중상
2013100900100290,2013년 10월 9일 14시,수요일,전라북도 김제시 순동,경상사고,0,0,3,0,차대차 - 추돌 - 진행중,안전거리미확보,건조,맑음,단일로 - 교량,건설기계,남,44세,상해없음,승용,남,50세,경상
2013100900100317,2013년 10월 9일 15시,수요일,전라북도 전주시 덕진구 금암동,경상사고,0,0,1,0,차대차 - 기타,안전거리미확보,건조,맑음,단일로 - 기타,승용,남,53세,상해없음,승용,남,61세,상해없음
2013100900100318,2013년 10월 9일 15시,수요일,전라북도 군산시 대명동,경상사고,0,0,1,0,차대차 - 측면직각충돌,안전운전불이행,건조,맑음,교차로 - 교차로부근,승용,남,35세,상해없음,자전거,남,63세,경상
2013100900100365,2013년 10월 9일 17시,수요일,전라북도 군산시 소룡동,경상사고,0,0,1,0,차대차 - 측면직각충돌,중앙선침범,건조,맑음,단일로 - 기타,승용,남,55세,상해없음,승용,남,34세,경상
2013100900100366,2013년 10월 9일 17시,수요일,전라북도 익산시 낭산면,중상사고,0,1,0,0,차량단독 - 도로외이탈 - 기타,안전운전불이행,건조,맑음,기타 - 기타,화물,남,67세,상해없음,,,,
2013100900100367,2013년 10월 9일 17시,수요일,전라북도 순창군 적성면,경상사고,0,0,1,0,차대차 - 기타,안전운전불이행,건조,맑음,단일로 - 기타,화물,남,44세,상해없음,이륜,남,54세,경상
2013100900100444,2013년 10월 9일 19시,수요일,전라북도 군산시 대명동,중상사고,0,1,0,0,차대사람 - 횡단중,안전운전불이행,건조,맑음,단일로 - 횡단보도상,승용,남,34세,상해없음,보행자,남,54세,중상
2013100900100478,2013년 10월 9일 20시,수요일,전라북도 전주시 완산구 서신동,경상사고,0,0,1,0,차대차 - 기타,안전거리미확보,건조,맑음,교차로 - 교차로부근,승용,남,23세,상해없음,승용,남,60세,경상
2013100900100479,2013년 10월 9일 20시,수요일,전라북도 김제시 공덕면,사망사고,1,0,0,0,차대차 - 추돌 - 진행중,안전운전불이행,건조,맑음,단일로 - 기타,승용,여,24세,상해없음,화물,남,51세,상해없음
2013100900100549,2013년 10월 9일 23시,수요일,전라북도 전주시 완산구 효자동2가,경상사고,0,0,1,0,차대차 - 기타,안전거리미확보,건조,맑음,단일로 - 기타,승합,남,59세,상해없음,이륜,남,17세,경상
2013100900100550,2013년 10월 9일 23시,수요일,전라북도 남원시 쌍교동,중상사고,0,1,0,0,차대사람 - 횡단중,안전운전불이행,건조,맑음,단일로 - 기타,화물,남,47세,상해없음,보행자,여,42세,중상
2013101000100019,2013년 10월 10일 01시,목요일,전라북도 군산시 조촌동,경상사고,0,0,1,0,차대차 - 측면직각충돌,직진우회전진행방해,건조,맑음,교차로 - 교차로안,화물,남,45세,상해없음,화물,남,47세,경상
2013101000100031,2013년 10월 10일 02시,목요일,전라북도 익산시 동산동,경상사고,0,0,2,0,차대차 - 추돌 - 진행중,교차로운행방법위반,건조,맑음,교차로 - 교차로안,승용,남,37세,상해없음,승용,남,26세,경상
2013101000100043,2013년 10월 10일 04시,목요일,전라북도 익산시 신동,중상사고,0,1,0,0,차대사람 - 기타,안전운전불이행,건조,맑음,단일로 - 기타,기타불명,기타불명,기타불명,기타불명,보행자,남,24세,중상
2013101000100067,2013년 10월 10일 06시,목요일,전라북도 전주시 완산구 효자동1가,경상사고,0,0,1,0,차대사람 - 기타,안전운전불이행,건조,맑음,단일로 - 기타,승용,남,54세,상해없음,보행자,남,52세,경상
2013101000100084,2013년 10월 10일 07시,목요일,전라북도 전주시 덕진구 고랑동,경상사고,0,0,1,0,차대사람 - 차도통행중,안전운전불이행,습기,비,단일로 - 기타,승용,여,45세,상해없음,보행자,여,17세,경상
2013101000100119,2013년 10월 10일 08시,목요일,전라북도 익산시 팔봉동,경상사고,0,0,2,0,차대차 - 측면직각충돌,직진우회전진행방해,건조,맑음,교차로 - 교차로안,승용,남,47세,상해없음,승용,남,23세,경상
2013101000100120,2013년 10월 10일 08시,목요일,전라북도 익산시 망성면,경상사고,0,0,1,0,차량단독 - 기타,기타,건조,맑음,단일로 - 기타,승합,남,63세,상해없음,,,,
2013101000100153,2013년 10월 10일 09시,목요일,전라북도 완주군 삼례읍,경상사고,0,0,1,0,차대차 - 추돌 - 진행중,안전거리미확보,건조,맑음,단일로 - 기타,승합,남,54세,상해없음,화물,남,48세,상해없음
2013101000100179,2013년 10월 10일 10시,목요일,전라북도 전주시 덕진구 산정동,경상사고,0,0,1,0,차대차 - 추돌 - 진행중,안전거리미확보,습기,비,교차로 - 교차로부근,화물,남,43세,상해없음,승용,여,52세,경상
2013101000100204,2013년 10월 10일 11시,목요일,전라북도 전주시 덕진구 금암동,경상사고,0,0,2,0,차대차 - 추돌 - 주정차중,안전운전불이행,건조,맑음,교차로 - 교차로부근,승용,남,56세,상해없음,승용,남,41세,경상
2013101000100205,2013년 10월 10일 11시,목요일,전라북도 익산시 팔봉동,경상사고,0,0,1,0,차대차 - 기타,안전운전불이행,습기,흐림,교차로 - 교차로부근,승합,남,38세,상해없음,화물,남,31세,경상
2013101000100235,2013년 10월 10일 12시,목요일,전라북도 순창군 순창읍,중상사고,0,1,2,0,차대차 - 측면직각충돌,직진우회전진행방해,습기,비,교차로 - 교차로안,승용,여,68세,상해없음,화물,남,68세,경상
2013101000100236,2013년 10월 10일 12시,목요일,전라북도 무주군 적상면,부상신고사고,0,0,0,1,차량단독 - 전도전복,기타,건조,맑음,단일로 - 기타,농기계,남,72세,부상신고,,,,
2013101000100268,2013년 10월 10일 13시,목요일,전라북도 익산시 오산면,경상사고,0,0,1,0,차대차 - 추돌 - 진행중,안전거리미확보,건조,맑음,교차로 - 교차로부근,승용,남,64세,상해없음,건설기계,남,33세,경상
2013101000100291,2013년 10월 10일 14시,목요일,전라북도 익산시 용안면,경상사고,0,0,2,0,차대차 - 측면직각충돌,안전운전불이행,건조,맑음,교차로 - 교차로안,화물,남,55세,상해없음,승용,여,34세,경상
2013101000100312,2013년 10월 10일 15시,목요일,전라북도 장수군 장수읍,경상사고,0,0,2,0,차대차 - 측면직각충돌,중앙선침범,습기,비,기타 - 기타,화물,남,52세,경상,화물,남,36세,경상
2013101000100342,2013년 10월 10일 16시,목요일,전라북도 전주시 완산구 교동,중상사고,0,1,0,0,차대차 - 기타,안전운전불이행,습기,비,단일로 - 기타,승용,여,44세,상해없음,자전거,남,76세,중상
2013101000100343,2013년 10월 10일 16시,목요일,전라북도 군산시 미장동,중상사고,0,1,1,0,차대차 - 추돌 - 진행중,중앙선침범,건조,맑음,단일로 - 기타,승용,남,42세,상해없음,승용,남,66세,중상
2013101000100344,2013년 10월 10일 16시,목요일,전라북도 익산시 금마면,경상사고,0,0,1,0,차대차 - 측면직각충돌,직진우회전진행방해,습기,비,교차로 - 교차로안,승용,남,38세,상해없음,승용,남,48세,경상
2013101000100373,2013년 10월 10일 17시,목요일,전라북도 전주시 완산구 다가동2가,부상신고사고,0,0,0,1,차대차 - 기타,중앙선침범,습기,비,교차로 - 교차로부근,승용,남,55세,상해없음,승용,남,43세,부상신고
2013101000100419,2013년 10월 10일 18시,목요일,전라북도 전주시 덕진구 진북동,경상사고,0,0,7,0,차대차 - 추돌 - 진행중,안전거리미확보,습기,비,교차로 - 교차로부근,승용,여,49세,상해없음,승용,여,48세,경상
2013101000100420,2013년 10월 10일 18시,목요일,전라북도 전주시 덕진구 덕진동1가,경상사고,0,0,2,0,차대차 - 추돌 - 주정차중,안전운전불이행,습기,비,단일로 - 기타,승용,남,66세,상해없음,승용,여,38세,경상
2013101000100421,2013년 10월 10일 18시,목요일,전라북도 군산시 조촌동,경상사고,0,0,1,0,차대차 - 측면직각충돌,직진우회전진행방해,건조,맑음,교차로 - 교차로안,승용,남,41세,상해없음,자전거,남,20세,경상
2013101000100422,2013년 10월 10일 18시,목요일,전라북도 군산시 명산동,경상사고,0,0,1,0,차대차 - 추돌 - 진행중,안전운전불이행,건조,맑음,교차로 - 교차로부근,승용,남,50세,상해없음,승용,남,56세,경상
2013101000100423,2013년 10월 10일 18시,목요일,전라북도 익산시 삼기면,경상사고,0,0,2,0,차대사람 - 기타,안전운전불이행,습기,비,단일로 - 기타,화물,남,41세,상해없음,보행자,여,19세,경상
2013101000100424,2013년 10월 10일 18시,목요일,전라북도 장수군 천천면,경상사고,0,0,2,0,차대차 - 측면직각충돌,안전운전불이행,습기,비,기타 - 기타,승용,남,50세,상해없음,화물,남,47세,경상
2013101000100475,2013년 10월 10일 19시,목요일,전라북도 완주군 봉동읍,경상사고,0,0,1,0,차대차 - 추돌 - 주정차중,안전운전불이행,습기,비,교차로 - 교차로부근,승용,남,47세,기타불명,승용,여,36세,경상
2013101000100515,2013년 10월 10일 20시,목요일,전라북도 전주시 덕진구 송천동2가,중상사고,0,1,2,0,차대차 - 추돌 - 주정차중,안전거리미확보,습기,비,교차로 - 교차로부근,승용,남,41세,상해없음,승용,남,67세,경상
2013101000100516,2013년 10월 10일 20시,목요일,전라북도 부안군 행안면,경상사고,0,0,2,0,차대차 - 측면직각충돌,신호위반,습기,흐림,교차로 - 교차로안,승합,남,79세,상해없음,승용,남,39세,경상
2013101000100587,2013년 10월 10일 22시,목요일,전라북도 전주시 덕진구 금암동,경상사고,0,0,2,0,차대차 - 추돌 - 주정차중,기타,습기,비,단일로 - 기타,승합,남,38세,상해없음,승용,남,44세,경상
2013101000100588,2013년 10월 10일 22시,목요일,전라북도 부안군 동진면,중상사고,0,3,1,1,차대차 - 추돌 - 진행중,안전운전불이행,습기,흐림,단일로 - 기타,승용,남,21세,부상신고,화물,남,46세,중상
2013101000100623,2013년 10월 10일 23시,목요일,전라북도 전주시 완산구 서신동,경상사고,0,0,2,0,차대차 - 기타,교차로운행방법위반,건조,흐림,교차로 - 교차로안,승용,여,29세,상해없음,승용,남,60세,경상
2013101100100014,2013년 10월 11일 00시,금요일,전라북도 전주시 덕진구 덕진동1가,경상사고,0,0,1,0,차대차 - 측면직각충돌,안전운전불이행,습기,비,교차로 - 교차로부근,승용,남,66세,상해없음,승용,남,38세,경상
2013101100100015,2013년 10월 11일 00시,금요일,전라북도 군산시 나운동,중상사고,0,1,0,0,차대사람 - 횡단중,안전운전불이행,건조,맑음,단일로 - 기타,승용,남,33세,상해없음,보행자,여,53세,중상
2013101100100017,2013년 10월 11일 00시,금요일,전라북도 정읍시 태인면,중상사고,0,1,1,0,차량단독 - 공작물충돌,안전운전불이행,습기,비,단일로 - 기타,승합,여,21세,경상,,,,
2013101100100069,2013년 10월 11일 03시,금요일,전라북도 전주시 덕진구 진북동,중상사고,0,2,1,0,차량단독 - 공작물충돌,안전운전불이행,건조,맑음,단일로 - 기타,승용,남,43세,상해없음,,,,
2013101100100080,2013년 10월 11일 04시,금요일,전라북도 완주군 용진면,경상사고,0,0,1,0,차대차 - 추돌 - 주정차중,안전운전불이행,습기,흐림,교차로 - 교차로부근,승용,남,28세,상해없음,승용,남,44세,경상
2013101100100115,2013년 10월 11일 06시,금요일,전라북도 군산시 오식도동,중상사고,0,1,2,0,차대차 - 측면직각충돌,신호위반,건조,맑음,교차로 - 교차로안,승용,여,41세,경상,승용,남,47세,경상
2013101100100225,2013년 10월 11일 09시,금요일,전라북도 익산시 신흥동,경상사고,0,0,2,0,차대차 - 측면직각충돌,안전운전불이행,건조,맑음,단일로 - 기타,승용,남,51세,상해없음,승용,여,53세,경상
2013101100100248,2013년 10월 11일 10시,금요일,전라북도 전주시 덕진구 송천동2가,경상사고,0,0,1,0,차대차 - 측면직각충돌,신호위반,건조,맑음,교차로 - 교차로안,화물,남,38세,상해없음,승용,남,33세,경상
2013101100100249,2013년 10월 11일 10시,금요일,전라북도 진안군 부귀면,경상사고,0,0,2,0,차대차 - 측면직각충돌,직진우회전진행방해,건조,맑음,교차로 - 교차로안,화물,여,51세,경상,승용,남,55세,경상
2013101100100250,2013년 10월 11일 10시,금요일,전라북도 완주군 봉동읍,경상사고,0,0,1,0,차대차 - 기타,안전운전불이행,건조,맑음,단일로 - 기타,기타불명,기타불명,기타불명,기타불명,자전거,남,84세,경상
2013101100100270,2013년 10월 11일 11시,금요일,전라북도 정읍시 수성동,중상사고,0,1,0,0,차대차 - 측면직각충돌,안전운전불이행,건조,맑음,교차로 - 교차로부근,승합,여,53세,상해없음,자전거,여,65세,중상
2013101100100271,2013년 10월 11일 11시,금요일,전라북도 고창군 심원면,중상사고,0,2,0,0,차대차 - 정면충돌,중앙선침범,건조,맑음,단일로 - 기타,승용,남,23세,상해없음,화물,남,51세,중상
2013101100100272,2013년 10월 11일 11시,금요일,전라북도 부안군 부안읍,중상사고,0,1,2,1,차대차 - 측면직각충돌,안전운전불이행,건조,맑음,교차로 - 교차로안,화물,남,56세,경상,승용,남,68세,부상신고
2013101100100309,2013년 10월 11일 12시,금요일,전라북도 정읍시 시기동,사망사고,1,0,0,0,차대사람 - 보도통행중,보행자보호의무위반,건조,맑음,교차로 - 교차로안,승용,여,31세,상해없음,보행자,여,83세,사망
2013101100100345,2013년 10월 11일 13시,금요일,전라북도 전주시 완산구 서서학동,경상사고,0,0,1,0,차대차 - 추돌 - 주정차중,안전운전불이행,건조,맑음,교차로 - 교차로부근,원동기,남,60세,경상,승용,남,30세,상해없음