사고번호,사고일시,요일,시군구,사고내용,사망자수,중상자수,경상자수,부상신고자수,사고유형,법규위반,노면상태,기상상태,도로형태,가해운전자 차종,가해운전자 성별,가해운전자 연령,가해운전자 상해정도,피해운전자 차종,피해운전자 성별,피해운전자 연령,피해운전자 상해정도
2013101100100346,2013년 10월 11일 13시,금요일,전라북도 군산시 구암동,경상사고,0,0,2,0,차대차 - 추돌 - 주정차중,안전운전불이행,건조,맑음,교차로 - 교차로안,건설기계,남,51세,상해없음,승용,남,54세,경상
2013101100100347,2013년 10월 11일 13시,금요일,전라북도 장수군 장수읍,경상사고,0,0,2,0,차대차 - 추돌 - 진행중,안전운전불이행,건조,맑음,교차로 - 교차로부근,화물,남,49세,상해없음,승용,여,51세,경상
2013101100100376,2013년 10월 11일 14시,금요일,전라북도 부안군 행안면,경상사고,0,0,5,0,차대차 - 측면직각충돌,직진우회전진행방해,건조,맑음,교차로 - 교차로안,승용,남,77세,상해없음,승용,남,49세,경상
2013101100100410,2013년 10월 11일 15시,금요일,전라북도 군산시 산북동,중상사고,0,1,0,0,차대사람 - 길가장자리구역통행중,안전운전불이행,건조,맑음,단일로 - 기타,화물,남,51세,상해없음,보행자,여,68세,중상
2013101100100446,2013년 10월 11일 16시,금요일,전라북도 군산시 수송동,경상사고,0,0,1,0,차대사람 - 횡단중,보행자보호의무위반,건조,맑음,단일로 - 기타,승용,여,36세,상해없음,보행자,남,6세,경상
2013101100100447,2013년 10월 11일 16시,금요일,전라북도 진안군 진안읍,사망사고,1,0,0,0,차대사람 - 길가장자리구역통행중,안전운전불이행,건조,맑음,단일로 - 기타,화물,남,55세,상해없음,보행자,남,41세,사망
2013101100100482,2013년 10월 11일 17시,금요일,전라북도 익산시 왕궁면,중상사고,0,5,0,0,차대차 - 측면직각충돌,안전운전불이행,건조,맑음,단일로 - 기타,승용,남,29세,상해없음,승용,남,67세,중상
2013101100100483,2013년 10월 11일 17시,금요일,전라북도 김제시 오정동,사망사고,1,0,0,0,차량단독 - 전도전복,안전운전불이행,건조,맑음,단일로 - 기타,농기계,남,61세,사망,,,,
2013101100100524,2013년 10월 11일 18시,금요일,전라북도 군산시 사정동,경상사고,0,0,1,0,차대차 - 추돌 - 주정차중,안전운전불이행,건조,맑음,교차로 - 교차로부근,승용,남,57세,상해없음,승용,남,26세,경상
2013101100100525,2013년 10월 11일 18시,금요일,전라북도 군산시 경암동,경상사고,0,0,1,0,차대사람 - 횡단중,보행자보호의무위반,건조,맑음,단일로 - 횡단보도상,승용,남,58세,상해없음,보행자,여,20세,경상
2013101100100526,2013년 10월 11일 18시,금요일,전라북도 정읍시 시기동,중상사고,0,2,0,0,차대차 - 기타,중앙선침범,건조,맑음,단일로 - 기타,원동기,남,71세,중상,승용,여,43세,상해없음
2013101100100527,2013년 10월 11일 18시,금요일,전라북도 남원시 왕정동,경상사고,0,0,1,0,차대차 - 기타,안전운전불이행,건조,맑음,단일로 - 기타,승용,여,61세,상해없음,자전거,여,59세,경상
2013101100100528,2013년 10월 11일 18시,금요일,전라북도 부안군 상서면,부상신고사고,0,0,0,1,차량단독 - 기타,안전운전불이행,건조,맑음,단일로 - 기타,이륜,여,50세,부상신고,,,,
2013101100100576,2013년 10월 11일 19시,금요일,전라북도 군산시 미룡동,중상사고,0,1,0,0,차대사람 - 차도통행중,안전운전불이행,건조,맑음,단일로 - 기타,승용,남,45세,상해없음,보행자,남,42세,중상
2013101100100577,2013년 10월 11일 19시,금요일,전라북도 남원시 대강면,경상사고,0,0,1,0,차대차 - 기타,안전운전불이행,건조,맑음,교차로 - 교차로부근,원동기,남,59세,경상,화물,남,50세,기타불명
2013101100100578,2013년 10월 11일 19시,금요일,전라북도 부안군 동진면,사망사고,1,0,0,0,차대차 - 기타,과속,건조,맑음,단일로 - 기타,승용,여,40세,상해없음,원동기,남,37세,사망
2013101100100607,2013년 10월 11일 20시,금요일,전라북도 전주시 덕진구 여의동,경상사고,0,0,1,0,차대차 - 기타,신호위반,건조,맑음,교차로 - 교차로안,승용,남,28세,상해없음,자전거,남,81세,경상
2013101100100608,2013년 10월 11일 20시,금요일,전라북도 전주시 덕진구 인후동1가,경상사고,0,0,1,0,차대사람 - 횡단중,안전운전불이행,건조,맑음,교차로 - 교차로부근,화물,남,35세,상해없음,보행자,여,74세,경상
2013101100100609,2013년 10월 11일 20시,금요일,전라북도 익산시 용안면,사망사고,1,0,0,0,차대사람 - 차도통행중,안전운전불이행,건조,맑음,단일로 - 기타,승용,남,30세,상해없음,보행자,남,71세,사망
2013101100100611,2013년 10월 11일 20시,금요일,전라북도 김제시 금구면,중상사고,0,1,0,0,차대차 - 측면직각충돌,차로위반,건조,맑음,기타 - 기타,승용,여,34세,상해없음,승용,여,35세,중상
2013101100100677,2013년 10월 11일 22시,금요일,전라북도 전주시 완산구 효자동1가,중상사고,0,1,0,0,차대차 - 기타,안전거리미확보,건조,맑음,단일로 - 기타,승용,남,52세,상해없음,이륜,남,53세,중상
2013101100100678,2013년 10월 11일 22시,금요일,전라북도 전주시 덕진구 인후동2가,경상사고,0,0,1,0,차대사람 - 길가장자리구역통행중,안전운전불이행,건조,맑음,교차로 - 교차로부근,승용,남,47세,상해없음,보행자,남,60세,경상
2013101100100679,2013년 10월 11일 22시,금요일,전라북도 익산시 모현동1가,경상사고,0,0,1,0,차대차 - 기타,중앙선침범,건조,맑음,단일로 - 기타,승용,남,28세,상해없음,승용,여,47세,경상
2013101100100680,2013년 10월 11일 22시,금요일,전라북도 익산시 왕궁면,중상사고,0,2,0,0,차대차 - 추돌 - 주정차중,안전운전불이행,건조,맑음,단일로 - 기타,승용,남,53세,상해없음,화물,남,40세,기타불명
2013101100100704,2013년 10월 11일 23시,금요일,전라북도 정읍시 농소동,중상사고,0,1,0,0,차대차 - 측면직각충돌,교차로운행방법위반,건조,맑음,교차로 - 교차로안,승용,남,65세,상해없음,원동기,남,29세,중상
2013101200100012,2013년 10월 12일 00시,토요일,전라북도 전주시 덕진구 덕진동1가,경상사고,0,0,3,0,차대차 - 측면직각충돌,안전운전불이행,건조,맑음,단일로 - 기타,승용,남,22세,상해없음,승용,여,22세,경상
2013101200100093,2013년 10월 12일 05시,토요일,전라북도 전주시 덕진구 덕진동2가,경상사고,0,0,2,0,차대차 - 측면직각충돌,직진우회전진행방해,건조,맑음,교차로 - 교차로안,화물,남,65세,경상,승용,남,62세,경상
2013101200100094,2013년 10월 12일 05시,토요일,전라북도 익산시 송학동,경상사고,0,0,1,0,차대사람 - 길가장자리구역통행중,안전운전불이행,건조,맑음,단일로 - 기타,화물,남,34세,상해없음,보행자,남,75세,경상
2013101200100113,2013년 10월 12일 06시,토요일,전라북도 김제시 검산동,중상사고,0,5,2,0,차대차 - 측면직각충돌,안전거리미확보,건조,맑음,교차로 - 교차로부근,승합,여,46세,상해없음,승용,남,40세,경상
2013101200100166,2013년 10월 12일 08시,토요일,전라북도 전주시 완산구 중화산동2가,경상사고,0,0,2,0,차대차 - 측면직각충돌,교차로운행방법위반,건조,맑음,교차로 - 교차로안,승용,남,77세,상해없음,승용,남,26세,경상
2013101200100194,2013년 10월 12일 09시,토요일,전라북도 전주시 덕진구 금암동,경상사고,0,0,1,0,차대차 - 측면직각충돌,안전거리미확보,건조,맑음,단일로 - 기타,화물,남,23세,상해없음,승용,남,35세,경상
2013101200100195,2013년 10월 12일 09시,토요일,전라북도 익산시 신동,경상사고,0,0,3,0,차대차 - 기타,중앙선침범,건조,맑음,교차로 - 교차로부근,승용,여,24세,상해없음,승용,여,52세,경상
2013101200100253,2013년 10월 12일 11시,토요일,전라북도 익산시 오산면,경상사고,0,0,2,0,차대차 - 추돌 - 진행중,과속,건조,맑음,단일로 - 기타,화물,남,32세,상해없음,승용,남,39세,경상
2013101200100288,2013년 10월 12일 12시,토요일,전라북도 전주시 완산구 중노송동,경상사고,0,0,1,0,차대차 - 정면충돌,신호위반,건조,맑음,교차로 - 교차로안,승용,남,23세,상해없음,승용,남,43세,경상
2013101200100289,2013년 10월 12일 12시,토요일,전라북도 군산시 미원동,중상사고,0,1,0,0,차대사람 - 횡단중,안전운전불이행,건조,맑음,단일로 - 기타,승용,여,75세,상해없음,보행자,여,58세,중상
2013101200100352,2013년 10월 12일 14시,토요일,전라북도 전주시 완산구 교동,경상사고,0,0,1,0,차대사람 - 기타,안전운전불이행,건조,맑음,단일로 - 기타,승용,남,57세,상해없음,보행자,여,17세,경상
2013101200100353,2013년 10월 12일 14시,토요일,전라북도 전주시 덕진구 인후동1가,경상사고,0,0,1,0,차대차 - 측면직각충돌,안전운전불이행,건조,맑음,단일로 - 기타,승용,남,21세,상해없음,원동기,남,46세,경상
2013101200100354,2013년 10월 12일 14시,토요일,전라북도 군산시 경장동,경상사고,0,0,1,0,차대차 - 측면직각충돌,기타,건조,맑음,단일로 - 기타,승용,남,59세,상해없음,자전거,남,68세,경상
2013101200100355,2013년 10월 12일 14시,토요일,전라북도 군산시 나운동,경상사고,0,0,1,0,차대차 - 기타,신호위반,건조,맑음,교차로 - 교차로안,승용,남,22세,상해없음,승용,남,45세,상해없음
2013101200100405,2013년 10월 12일 15시,토요일,전라북도 정읍시 산외면,경상사고,0,0,1,0,차대사람 - 기타,안전운전불이행,건조,맑음,단일로 - 기타,화물,남,62세,상해없음,보행자,여,70세,경상
2013101200100406,2013년 10월 12일 15시,토요일,전라북도 김제시 만경읍,경상사고,0,0,2,0,차대차 - 정면충돌,중앙선침범,건조,맑음,교차로 - 교차로부근,화물,남,51세,상해없음,승용,남,29세,경상
2013101200100407,2013년 10월 12일 15시,토요일,전라북도 임실군 운암면,경상사고,0,0,1,0,차대차 - 기타,교차로운행방법위반,건조,맑음,교차로 - 교차로안,승용,남,39세,상해없음,승용,남,33세,경상
2013101200100408,2013년 10월 12일 15시,토요일,전라북도 장수군 계북면,경상사고,0,0,1,0,차량단독 - 공작물충돌,안전운전불이행,건조,맑음,단일로 - 기타,승용,남,18세,상해없음,,,,
2013101200100444,2013년 10월 12일 16시,토요일,전라북도 전주시 덕진구 인후동2가,경상사고,0,0,2,1,차대차 - 추돌 - 주정차중,안전운전불이행,건조,맑음,단일로 - 기타,화물,남,66세,상해없음,승용,남,61세,경상
2013101200100511,2013년 10월 12일 18시,토요일,전라북도 전주시 완산구 삼천동1가,경상사고,0,0,1,0,차대사람 - 기타,안전운전불이행,건조,맑음,단일로 - 기타,자전거,남,14세,기타불명,보행자,여,47세,경상
2013101200100512,2013년 10월 12일 18시,토요일,전라북도 전주시 덕진구 인후동2가,경상사고,0,0,2,0,차대차 - 기타,안전운전불이행,건조,맑음,단일로 - 기타,승용,남,50세,상해없음,승용,남,44세,경상
2013101200100513,2013년 10월 12일 18시,토요일,전라북도 군산시 나운동,경상사고,0,0,1,0,차대차 - 추돌 - 진행중,안전운전불이행,건조,맑음,교차로 - 교차로부근,승용,남,37세,상해없음,승용,남,58세,경상
2013101200100563,2013년 10월 12일 19시,토요일,전라북도 전주시 덕진구 송천동2가,중상사고,0,1,0,0,차대차 - 기타,안전운전불이행,건조,맑음,교차로 - 교차로안,승용,남,42세,상해없음,원동기,남,16세,중상
2013101200100564,2013년 10월 12일 19시,토요일,전라북도 군산시 미룡동,경상사고,0,0,1,0,차대사람 - 기타,안전운전불이행,건조,맑음,단일로 - 기타,승용,남,32세,상해없음,보행자,여,38세,경상
2013101200100565,2013년 10월 12일 19시,토요일,전라북도 군산시 대야면,경상사고,0,0,1,0,차대차 - 추돌 - 진행중,안전운전불이행,건조,맑음,단일로 - 기타,승용,여,48세,상해없음,농기계,남,20세,경상
2013101200100566,2013년 10월 12일 19시,토요일,전라북도 남원시 산곡동,중상사고,0,1,0,0,차대차 - 추돌 - 진행중,안전운전불이행,건조,맑음,단일로 - 기타,승용,남,59세,상해없음,자전거,남,66세,중상
2013101200100567,2013년 10월 12일 19시,토요일,전라북도 부안군 진서면,경상사고,0,0,1,1,차대차 - 측면직각충돌,중앙선침범,건조,맑음,단일로 - 기타,승용,남,57세,상해없음,승용,남,33세,부상신고
2013101200100568,2013년 10월 12일 19시,토요일,전라북도 진안군 진안읍,경상사고,0,0,1,0,차대차 - 추돌 - 진행중,안전운전불이행,건조,맑음,단일로 - 기타,승용,남,45세,상해없음,농기계,남,61세,경상
2013101200100605,2013년 10월 12일 20시,토요일,전라북도 김제시 황산동,중상사고,0,1,0,0,차대사람 - 기타,기타,건조,맑음,단일로 - 기타,기타불명,기타불명,기타불명,기타불명,보행자,여,76세,중상
2013101200100646,2013년 10월 12일 21시,토요일,전라북도 장수군 장계면,중상사고,0,1,0,0,차대사람 - 기타,안전운전불이행,건조,맑음,단일로 - 기타,승용,남,50세,상해없음,보행자,남,47세,중상
2013101200100679,2013년 10월 12일 22시,토요일,전라북도 전주시 덕진구 반월동,중상사고,0,1,0,0,차대사람 - 횡단중,안전운전불이행,건조,맑음,단일로 - 횡단보도부근,승용,남,60세,상해없음,보행자,여,44세,중상
2013101200100680,2013년 10월 12일 22시,토요일,전라북도 익산시 여산면,경상사고,0,0,1,0,차대차 - 기타,중앙선침범,건조,맑음,단일로 - 기타,승용,여,30세,상해없음,승용,남,45세,경상
2013101200100698,2013년 10월 12일 23시,토요일,전라북도 전주시 완산구 원당동,중상사고,0,1,0,0,차대차 - 추돌 - 진행중,안전운전불이행,건조,맑음,교차로 - 교차로부근,화물,남,37세,상해없음,승용,남,53세,중상
2013101200100699,2013년 10월 12일 23시,토요일,전라북도 군산시 비응도동,경상사고,0,0,1,0,차대사람 - 기타,안전운전불이행,건조,맑음,단일로 - 기타,승용,남,30세,상해없음,보행자,남,32세,경상
2013101200100700,2013년 10월 12일 23시,토요일,전라북도 부안군 진서면,중상사고,0,1,0,0,차대차 - 측면직각충돌,과속,건조,맑음,교차로 - 교차로안,승용,남,26세,상해없음,화물,남,45세,중상
2013101300100020,2013년 10월 13일 00시,일요일,전라북도 전주시 완산구 효자동1가,경상사고,0,0,2,0,차대차 - 추돌 - 주정차중,안전운전불이행,건조,맑음,교차로 - 교차로부근,승용,여,45세,상해없음,승용,남,31세,경상
2013101300100039,2013년 10월 13일 01시,일요일,전라북도 전주시 완산구 중화산동2가,경상사고,0,0,1,0,차대차 - 측면직각충돌,안전운전불이행,건조,맑음,단일로 - 기타,승용,남,25세,상해없음,승용,남,29세,경상
2013101300100040,2013년 10월 13일 01시,일요일,전라북도 전주시 완산구 남노송동,경상사고,0,0,2,0,차대차 - 측면직각충돌,신호위반,건조,맑음,교차로 - 교차로안,승용,남,55세,상해없음,승용,남,56세,경상
2013101300100057,2013년 10월 13일 02시,일요일,전라북도 익산시 남중동,경상사고,0,0,3,0,차대차 - 기타,직진우회전진행방해,건조,맑음,교차로 - 교차로안,승용,남,23세,상해없음,승용,남,30세,상해없음
2013101300100109,2013년 10월 13일 06시,일요일,전라북도 전주시 완산구 서신동,사망사고,1,2,1,0,차대차 - 측면직각충돌,신호위반,건조,맑음,교차로 - 교차로안,승용,남,19세,사망,승용,남,32세,상해없음
2013101300100120,2013년 10월 13일 07시,일요일,전라북도 전주시 덕진구 금암동,중상사고,0,1,0,0,차대사람 - 기타,안전운전불이행,건조,맑음,단일로 - 기타,승용,남,20세,상해없음,보행자,남,65세,중상
2013101300100199,2013년 10월 13일 11시,일요일,전라북도 전주시 덕진구 산정동,경상사고,0,0,1,0,차대차 - 추돌 - 진행중,안전운전불이행,건조,맑음,교차로 - 교차로부근,승용,남,48세,상해없음,승용,남,30세,경상
2013101300100220,2013년 10월 13일 12시,일요일,전라북도 부안군 부안읍,부상신고사고,0,0,0,1,차대차 - 측면직각충돌,안전운전불이행,건조,맑음,교차로 - 교차로부근,원동기,여,74세,부상신고,화물,여,60세,상해없음
2013101300100243,2013년 10월 13일 13시,일요일,전라북도 전주시 덕진구 반월동,경상사고,0,0,2,0,차대차 - 측면직각충돌,신호위반,건조,맑음,교차로 - 교차로안,승용,여,55세,상해없음,승용,남,52세,상해없음
2013101300100244,2013년 10월 13일 13시,일요일,전라북도 익산시 평화동,중상사고,0,1,0,0,차대사람 - 횡단중,안전운전불이행,건조,맑음,단일로 - 기타,화물,남,68세,상해없음,보행자,여,62세,중상
2013101300100298,2013년 10월 13일 15시,일요일,전라북도 정읍시 입암면,중상사고,0,1,0,0,차대차 - 기타,안전운전불이행,건조,맑음,단일로 - 기타,이륜,남,31세,중상,이륜,남,33세,상해없음
2013101300100345,2013년 10월 13일 17시,일요일,전라북도 익산시 용안면,경상사고,0,0,3,0,차대차 - 측면직각충돌,신호위반,건조,맑음,교차로 - 교차로안,승용,남,46세,상해없음,화물,남,54세,경상
2013101300100381,2013년 10월 13일 18시,일요일,전라북도 임실군 임실읍,경상사고,0,0,1,0,차량단독 - 전도전복,안전운전불이행,건조,맑음,교차로 - 교차로부근,이륜,남,38세,경상,,,,
2013101300100416,2013년 10월 13일 19시,일요일,전라북도 군산시 미룡동,중상사고,0,1,0,0,차대차 - 측면직각충돌,안전운전불이행,건조,흐림,교차로 - 교차로안,승용,남,40세,상해없음,이륜,남,20세,중상
2013101300100417,2013년 10월 13일 19시,일요일,전라북도 군산시 미룡동,경상사고,0,0,2,0,차대차 - 측면직각충돌,교차로운행방법위반,건조,맑음,교차로 - 교차로안,승용,남,39세,상해없음,이륜,남,70세,경상
2013101300100457,2013년 10월 13일 21시,일요일,전라북도 전주시 완산구 삼천동1가,경상사고,0,0,1,0,차대차 - 측면직각충돌,신호위반,건조,맑음,교차로 - 교차로안,승용,남,57세,상해없음,승용,남,35세,상해없음
2013101300100458,2013년 10월 13일 21시,일요일,전라북도 군산시 소룡동,중상사고,0,1,4,0,차대차 - 정면충돌,중앙선침범,건조,맑음,교차로 - 교차로부근,승용,남,66세,기타불명,승용,남,36세,경상
2013101300100459,2013년 10월 13일 21시,일요일,전라북도 남원시 용정동,중상사고,0,2,3,0,차량단독 - 도로외이탈 - 기타,안전운전불이행,건조,맑음,단일로 - 기타,승용,남,28세,상해없음,,,,
2013101400100013,2013년 10월 14일 01시,월요일,전라북도 전주시 덕진구 송천동1가,경상사고,0,0,1,0,차대사람 - 횡단중,보행자보호의무위반,건조,맑음,교차로 - 교차로부근,승용,남,31세,상해없음,보행자,남,48세,경상
2013101400100021,2013년 10월 14일 02시,월요일,전라북도 전주시 덕진구 인후동1가,경상사고,0,0,1,0,차대차 - 측면직각충돌,직진우회전진행방해,건조,맑음,교차로 - 교차로안,승합,남,59세,상해없음,승용,남,47세,경상
2013101400100030,2013년 10월 14일 04시,월요일,전라북도 전주시 덕진구 동산동,경상사고,0,0,1,0,차대차 - 기타,안전운전불이행,건조,맑음,단일로 - 기타,특수,남,40세,상해없음,승용,남,34세,경상
2013101400100043,2013년 10월 14일 05시,월요일,전라북도 김제시 요촌동,사망사고,1,0,0,0,차량단독 - 공작물충돌,안전운전불이행,건조,맑음,단일로 - 기타,승용,남,68세,사망,,,,
2013101400100118,2013년 10월 14일 08시,월요일,전라북도 군산시 대명동,경상사고,0,0,1,0,차대사람 - 기타,안전운전불이행,건조,맑음,단일로 - 기타,화물,남,61세,상해없음,보행자,남,61세,경상
2013101400100119,2013년 10월 14일 08시,월요일,전라북도 익산시 여산면,경상사고,0,0,2,0,차대차 - 측면직각충돌,직진우회전진행방해,건조,맑음,교차로 - 교차로안,화물,남,46세,기타불명,승용,남,42세,경상
2013101400100120,2013년 10월 14일 08시,월요일,전라북도 정읍시 구룡동,중상사고,0,1,1,0,차대차 - 추돌 - 주정차중,안전운전불이행,건조,맑음,교차로 - 교차로안,이륜,남,77세,중상,승합,남,54세,상해없음
2013101400100121,2013년 10월 14일 08시,월요일,전라북도 김제시 광활면,경상사고,0,0,1,0,차대차 - 기타,기타,건조,맑음,교차로 - 교차로부근,화물,남,71세,상해없음,건설기계,남,55세,경상
2013101400100168,2013년 10월 14일 09시,월요일,전라북도 전주시 완산구 중화산동2가,중상사고,0,1,0,0,차대차 - 측면직각충돌,직진우회전진행방해,건조,맑음,교차로 - 교차로안,화물,남,39세,상해없음,이륜,남,39세,중상
2013101400100169,2013년 10월 14일 09시,월요일,전라북도 전주시 완산구 평화동2가,경상사고,0,0,2,0,차대차 - 측면직각충돌,교차로운행방법위반,건조,맑음,교차로 - 교차로안,화물,남,63세,상해없음,승용,여,33세,경상
2013101400100170,2013년 10월 14일 09시,월요일,전라북도 익산시 영등동,경상사고,0,0,1,0,차대차 - 추돌 - 주정차중,안전운전불이행,건조,맑음,단일로 - 기타,건설기계,남,41세,상해없음,승용,여,58세,경상
2013101400100201,2013년 10월 14일 10시,월요일,전라북도 익산시 동산동,경상사고,0,0,1,0,차대사람 - 보도통행중,신호위반,건조,맑음,교차로 - 교차로안,원동기,남,28세,상해없음,보행자,여,54세,경상
2013101400100202,2013년 10월 14일 10시,월요일,전라북도 익산시 영등동,중상사고,0,1,0,0,차대차 - 추돌 - 주정차중,안전운전불이행,건조,맑음,단일로 - 기타,화물,남,53세,상해없음,원동기,남,40세,중상
2013101400100231,2013년 10월 14일 11시,월요일,전라북도 부안군 부안읍,경상사고,0,0,1,0,차대차 - 측면직각충돌,안전운전불이행,건조,맑음,교차로 - 교차로부근,이륜,남,78세,경상,승용,남,44세,상해없음
2013101400100258,2013년 10월 14일 12시,월요일,전라북도 전주시 덕진구 금암동,경상사고,0,0,1,0,차대차 - 측면직각충돌,불법유턴,건조,맑음,단일로 - 기타,자전거,남,56세,경상,승용,남,43세,상해없음
2013101400100287,2013년 10월 14일 13시,월요일,전라북도 정읍시 교암동,중상사고,0,1,0,0,차대차 - 측면직각충돌,직진우회전진행방해,건조,맑음,교차로 - 교차로안,승합,남,25세,상해없음,이륜,남,69세,중상
2013101400100364,2013년 10월 14일 15시,월요일,전라북도 전주시 덕진구 송천동1가,경상사고,0,0,1,0,차대사람 - 횡단중,안전운전불이행,건조,맑음,단일로 - 기타,승용,여,41세,상해없음,보행자,여,52세,경상
2013101400100365,2013년 10월 14일 15시,월요일,전라북도 익산시 여산면,부상신고사고,0,0,0,1,차대차 - 측면직각충돌,직진우회전진행방해,건조,맑음,교차로 - 교차로안,화물,남,53세,상해없음,원동기,남,56세,부상신고
2013101400100403,2013년 10월 14일 16시,월요일,전라북도 익산시 중앙동1가,경상사고,0,0,1,0,차대차 - 추돌 - 주정차중,안전운전불이행,건조,맑음,단일로 - 기타,승용,남,42세,상해없음,승용,남,45세,경상
2013101400100404,2013년 10월 14일 16시,월요일,전라북도 부안군 하서면,경상사고,0,0,2,0,차대차 - 추돌 - 진행중,안전운전불이행,건조,맑음,단일로 - 기타,화물,남,64세,상해없음,승용,남,64세,경상
2013101400100405,2013년 10월 14일 16시,월요일,전라북도 진안군 정천면,사망사고,1,0,0,0,차량단독 - 전도전복,안전운전불이행,건조,맑음,단일로 - 기타,자전거,남,71세,사망,,,,
2013101400100443,2013년 10월 14일 17시,월요일,전라북도 부안군 부안읍,경상사고,0,0,2,0,차대차 - 측면직각충돌,직진우회전진행방해,건조,맑음,교차로 - 교차로안,승용,남,48세,경상,화물,남,75세,경상
2013101400100444,2013년 10월 14일 17시,월요일,전라북도 부안군 계화면,중상사고,0,1,1,0,차대차 - 측면직각충돌,안전운전불이행,건조,맑음,교차로 - 교차로안,화물,남,58세,경상,화물,여,55세,중상
2013101400100493,2013년 10월 14일 18시,월요일,전라북도 군산시 지곡동,경상사고,0,0,1,0,차대사람 - 기타,안전운전불이행,건조,맑음,교차로 - 교차로안,승합,남,47세,상해없음,보행자,여,15세,경상
2013101400100494,2013년 10월 14일 18시,월요일,전라북도 군산시 미장동,경상사고,0,0,1,0,차대차 - 기타,불법유턴,건조,맑음,단일로 - 기타,자전거,남,71세,경상,승용,여,42세,상해없음
2013101400100553,2013년 10월 14일 19시,월요일,전라북도 김제시 신풍동,중상사고,0,1,0,0,차대사람 - 횡단중,보행자보호의무위반,건조,맑음,단일로 - 횡단보도상,승용,남,39세,상해없음,보행자,여,6세,중상
2013101400100554,2013년 10월 14일 19시,월요일,전라북도 부안군 부안읍,중상사고,0,1,1,0,차대차 - 추돌 - 진행중,안전운전불이행,건조,맑음,단일로 - 기타,승용,남,28세,경상,농기계,남,70세,중상
2013101400100555,2013년 10월 14일 19시,월요일,전라북도 부안군 줄포면,경상사고,0,0,1,0,차대사람 - 횡단중,안전운전불이행,건조,맑음,교차로 - 교차로안,승용,남,65세,상해없음,보행자,여,64세,경상
2013101400100596,2013년 10월 14일 20시,월요일,전라북도 전주시 완산구 동서학동,경상사고,0,0,1,0,차대사람 - 기타,안전운전불이행,건조,맑음,단일로 - 기타,승용,남,38세,상해없음,보행자,남,68세,경상
2013101400100597,2013년 10월 14일 20시,월요일,전라북도 군산시 나운동,중상사고,0,1,0,0,차대사람 - 횡단중,안전운전불이행,건조,맑음,단일로 - 기타,승용,남,66세,상해없음,보행자,여,50세,중상
2013101400100623,2013년 10월 14일 21시,월요일,전라북도 완주군 삼례읍,경상사고,0,0,2,0,차대차 - 측면직각충돌,안전운전불이행,건조,맑음,교차로 - 교차로안,승용,남,43세,상해없음,승용,남,29세,경상
2013101400100652,2013년 10월 14일 22시,월요일,전라북도 전주시 덕진구 인후동1가,경상사고,0,0,1,0,차대차 - 측면직각충돌,안전거리미확보,건조,맑음,교차로 - 교차로안,원동기,남,18세,경상,승용,남,55세,상해없음
2013101400100653,2013년 10월 14일 22시,월요일,전라북도 정읍시 상동,중상사고,0,1,0,0,차대차 - 기타,중앙선침범,건조,맑음,단일로 - 기타,승용,여,50세,상해없음,자전거,남,16세,중상
2013101500100015,2013년 10월 15일 00시,화요일,전라북도 익산시 부송동,경상사고,0,0,1,0,차대사람 - 기타,안전운전불이행,건조,맑음,교차로 - 교차로부근,승용,남,18세,상해없음,보행자,여,20세,경상
2013101500100038,2013년 10월 15일 03시,화요일,전라북도 남원시 광치동,중상사고,0,1,0,0,차량단독 - 공작물충돌,안전운전불이행,건조,맑음,단일로 - 기타,승용,남,42세,중상,,,,
2013101500100041,2013년 10월 15일 04시,화요일,전라북도 전주시 완산구 서노송동,중상사고,0,1,0,0,차대사람 - 횡단중,안전운전불이행,건조,맑음,단일로 - 기타,승용,남,54세,상해없음,보행자,남,44세,중상
2013101500100080,2013년 10월 15일 07시,화요일,전라북도 전주시 덕진구 우아동2가,경상사고,0,0,1,0,차대차 - 추돌 - 주정차중,안전거리미확보,건조,맑음,교차로 - 교차로부근,승용,남,58세,상해없음,승용,여,37세,경상
2013101500100109,2013년 10월 15일 08시,화요일,전라북도 정읍시 하북동,중상사고,0,1,0,0,차대차 - 측면직각충돌,중앙선침범,건조,맑음,단일로 - 기타,화물,남,48세,상해없음,이륜,남,17세,중상
2013101500100110,2013년 10월 15일 08시,화요일,전라북도 무주군 무주읍,경상사고,0,0,3,0,차대차 - 정면충돌,중앙선침범,건조,맑음,교차로 - 교차로부근,승용,여,38세,상해없음,화물,남,27세,경상
2013101500100208,2013년 10월 15일 12시,화요일,전라북도 익산시 신동,경상사고,0,0,3,0,차대차 - 추돌 - 진행중,안전거리미확보,건조,맑음,단일로 - 기타,승용,여,44세,상해없음,화물,남,28세,경상
2013101500100235,2013년 10월 15일 13시,화요일,전라북도 전주시 덕진구 호성동3가,중상사고,0,1,0,0,차대차 - 측면직각충돌,안전운전불이행,건조,맑음,단일로 - 기타,기타불명,기타불명,기타불명,기타불명,승용,남,54세,중상
2013101500100267,2013년 10월 15일 14시,화요일,전라북도 익산시 동산동,경상사고,0,0,1,0,차대차 - 측면직각충돌,신호위반,건조,맑음,교차로 - 교차로안,화물,남,48세,상해없음,승용,여,59세,경상