사고번호,사고일시,요일,시군구,사고내용,사망자수,중상자수,경상자수,부상신고자수,사고유형,법규위반,노면상태,기상상태,도로형태,가해운전자 차종,가해운전자 성별,가해운전자 연령,가해운전자 상해정도,피해운전자 차종,피해운전자 성별,피해운전자 연령,피해운전자 상해정도
2013101500100268,2013년 10월 15일 14시,화요일,전라북도 익산시 동산동,경상사고,0,0,1,0,차대차 - 추돌 - 주정차중,안전운전불이행,건조,맑음,단일로 - 기타,승용,남,47세,상해없음,승용,남,35세,경상
2013101500100300,2013년 10월 15일 15시,화요일,전라북도 군산시 소룡동,중상사고,0,1,0,0,차대사람 - 횡단중,안전운전불이행,건조,맑음,교차로 - 교차로부근,승용,남,26세,상해없음,보행자,남,13세,중상
2013101500100347,2013년 10월 15일 17시,화요일,전라북도 전주시 덕진구 여의동,경상사고,0,0,1,0,차대사람 - 기타,안전운전불이행,건조,흐림,단일로 - 기타,건설기계,남,46세,상해없음,보행자,남,17세,경상
2013101500100392,2013년 10월 15일 18시,화요일,전라북도 익산시 남중동,중상사고,0,1,0,0,차대사람 - 기타,안전운전불이행,습기,비,단일로 - 기타,화물,남,61세,상해없음,보행자,남,85세,중상
2013101500100393,2013년 10월 15일 18시,화요일,전라북도 김제시 순동,중상사고,0,1,0,0,차대차 - 측면직각충돌,중앙선침범,습기,비,단일로 - 기타,화물,남,36세,상해없음,승용,남,57세,중상
2013101500100394,2013년 10월 15일 18시,화요일,전라북도 남원시 보절면,중상사고,0,3,0,0,차량단독 - 도로외이탈 - 기타,안전운전불이행,습기,비,단일로 - 기타,화물,남,66세,상해없음,,,,
2013101500100395,2013년 10월 15일 18시,화요일,전라북도 남원시 조산동,중상사고,0,1,0,0,차대차 - 기타,안전운전불이행,습기,비,교차로 - 교차로안,승용,남,47세,상해없음,원동기,남,60세,중상
2013101500100458,2013년 10월 15일 19시,화요일,전라북도 익산시 모현동1가,중상사고,0,1,0,0,차대사람 - 기타,안전운전불이행,습기,비,단일로 - 기타,원동기,남,46세,상해없음,보행자,여,66세,중상
2013101500100496,2013년 10월 15일 20시,화요일,전라북도 익산시 팔봉동,경상사고,0,0,2,0,차대차 - 측면직각충돌,신호위반,습기,흐림,교차로 - 교차로안,승용,남,64세,상해없음,승용,남,32세,경상
2013101500100527,2013년 10월 15일 21시,화요일,전라북도 익산시 함열읍,중상사고,0,1,11,0,차대차 - 측면직각충돌,신호위반,건조,맑음,교차로 - 교차로안,승용,여,32세,상해없음,승합,남,36세,경상
2013101500100558,2013년 10월 15일 22시,화요일,전라북도 전주시 완산구 서신동,경상사고,0,0,1,0,차대사람 - 기타,신호위반,건조,맑음,교차로 - 교차로안,승용,여,43세,상해없음,보행자,남,21세,경상
2013101500100559,2013년 10월 15일 22시,화요일,전라북도 익산시 어양동,경상사고,0,0,1,0,차대차 - 기타,안전운전불이행,건조,맑음,교차로 - 교차로안,승용,남,44세,상해없음,승용,여,43세,경상
2013101600100010,2013년 10월 16일 00시,수요일,전라북도 전주시 완산구 평화동2가,경상사고,0,0,1,0,차대차 - 측면직각충돌,교차로운행방법위반,건조,맑음,교차로 - 교차로안,승용,남,21세,상해없음,승용,남,38세,경상
2013101600100053,2013년 10월 16일 04시,수요일,전라북도 익산시 팔봉동,경상사고,0,0,1,0,차대차 - 추돌 - 주정차중,안전운전불이행,건조,맑음,단일로 - 기타,승용,남,48세,상해없음,승용,남,58세,경상
2013101600100110,2013년 10월 16일 07시,수요일,전라북도 군산시 소룡동,경상사고,0,0,3,0,차대차 - 추돌 - 진행중,안전운전불이행,건조,맑음,단일로 - 기타,승용,남,36세,상해없음,승용,남,35세,경상
2013101600100162,2013년 10월 16일 08시,수요일,전라북도 전주시 덕진구 인후동1가,중상사고,0,1,0,0,차대차 - 기타,보행자보호의무위반,습기,흐림,단일로 - 횡단보도상,승용,남,77세,상해없음,자전거,남,79세,중상
2013101600100163,2013년 10월 16일 08시,수요일,전라북도 익산시 신흥동,경상사고,0,0,1,0,차대차 - 측면직각충돌,신호위반,건조,맑음,단일로 - 횡단보도상,승용,여,48세,상해없음,자전거,남,14세,경상
2013101600100164,2013년 10월 16일 08시,수요일,전라북도 정읍시 신태인읍,경상사고,0,0,1,0,차대차 - 측면직각충돌,직진우회전진행방해,건조,맑음,교차로 - 교차로안,승용,남,73세,상해없음,승용,여,47세,경상
2013101600100165,2013년 10월 16일 08시,수요일,전라북도 완주군 삼례읍,경상사고,0,0,2,0,차대차 - 측면직각충돌,교차로운행방법위반,건조,맑음,교차로 - 교차로안,승용,여,33세,상해없음,승용,남,21세,경상
2013101600100211,2013년 10월 16일 09시,수요일,전라북도 전주시 완산구 효자동3가,경상사고,0,0,1,0,차대사람 - 기타,보행자보호의무위반,건조,맑음,교차로 - 교차로안,화물,남,29세,상해없음,보행자,남,41세,경상
2013101600100212,2013년 10월 16일 09시,수요일,전라북도 김제시 요촌동,경상사고,0,0,1,0,차대사람 - 횡단중,보행자보호의무위반,건조,맑음,단일로 - 횡단보도상,승용,남,80세,상해없음,보행자,남,68세,경상
2013101600100236,2013년 10월 16일 10시,수요일,전라북도 남원시 수지면,중상사고,0,1,0,0,차대차 - 추돌 - 진행중,안전운전불이행,건조,맑음,단일로 - 기타,이륜,남,79세,중상,화물,여,52세,상해없음
2013101600100300,2013년 10월 16일 12시,수요일,전라북도 장수군 장수읍,중상사고,0,1,2,0,차대차 - 측면직각충돌,직진우회전진행방해,건조,맑음,교차로 - 교차로안,화물,남,48세,경상,승용,여,43세,경상
2013101600100322,2013년 10월 16일 13시,수요일,전라북도 전주시 덕진구 덕진동1가,중상사고,0,1,0,0,차대사람 - 횡단중,보행자보호의무위반,습기,흐림,단일로 - 기타,승합,남,50세,상해없음,보행자,남,83세,중상
2013101600100323,2013년 10월 16일 13시,수요일,전라북도 전주시 덕진구 우아동3가,중상사고,0,1,0,0,차대차 - 측면직각충돌,안전운전불이행,습기,흐림,기타 - 기타,승용,여,58세,상해없음,이륜,남,61세,중상
2013101600100324,2013년 10월 16일 13시,수요일,전라북도 김제시 요촌동,중상사고,0,1,0,0,차대차 - 기타,차로위반,건조,맑음,단일로 - 기타,화물,남,74세,상해없음,이륜,남,45세,중상
2013101600100325,2013년 10월 16일 13시,수요일,전라북도 남원시 하정동,경상사고,0,0,1,0,차대차 - 측면직각충돌,안전운전불이행,건조,맑음,단일로 - 기타,승용,남,65세,상해없음,원동기,여,38세,경상
2013101600100384,2013년 10월 16일 15시,수요일,전라북도 전주시 완산구 중화산동2가,중상사고,0,1,0,0,차대차 - 기타,안전운전불이행,건조,맑음,단일로 - 기타,승용,남,53세,상해없음,자전거,남,73세,중상
2013101600100385,2013년 10월 16일 15시,수요일,전라북도 정읍시 수성동,경상사고,0,0,2,0,차대차 - 기타,중앙선침범,건조,맑음,단일로 - 기타,승용,여,33세,상해없음,자전거,남,11세,경상
2013101600100426,2013년 10월 16일 16시,수요일,전라북도 전주시 완산구 효자동1가,경상사고,0,0,3,0,차대차 - 추돌 - 주정차중,안전운전불이행,건조,맑음,단일로 - 기타,승용,남,66세,상해없음,승용,여,37세,경상
2013101600100427,2013년 10월 16일 16시,수요일,전라북도 전주시 덕진구 금암동,중상사고,0,1,2,0,차대차 - 측면직각충돌,안전거리미확보,습기,흐림,단일로 - 기타,승용,남,22세,상해없음,승용,남,56세,경상
2013101600100428,2013년 10월 16일 16시,수요일,전라북도 부안군 계화면,부상신고사고,0,0,0,1,차량단독 - 공작물충돌,안전운전불이행,건조,맑음,단일로 - 기타,승용,남,68세,부상신고,,,,
2013101600100462,2013년 10월 16일 17시,수요일,전라북도 전주시 완산구 효자동2가,경상사고,0,0,1,0,차대차 - 기타,안전거리미확보,건조,맑음,단일로 - 기타,승용,남,29세,상해없음,승합,남,38세,경상
2013101600100501,2013년 10월 16일 18시,수요일,전라북도 전주시 완산구 서신동,경상사고,0,0,1,0,차대차 - 기타,중앙선침범,건조,맑음,단일로 - 기타,승용,여,58세,상해없음,이륜,남,23세,경상
2013101600100502,2013년 10월 16일 18시,수요일,전라북도 순창군 복흥면,중상사고,0,1,0,0,차대사람 - 횡단중,안전운전불이행,건조,맑음,단일로 - 기타,화물,남,45세,상해없음,보행자,여,72세,중상
2013101600100503,2013년 10월 16일 18시,수요일,전라북도 완주군 구이면,경상사고,0,0,1,0,차대차 - 기타,중앙선침범,건조,맑음,단일로 - 기타,승용,여,39세,상해없음,농기계,남,48세,경상
2013101600100552,2013년 10월 16일 19시,수요일,전라북도 완주군 봉동읍,사망사고,1,0,0,0,차대차 - 기타,안전운전불이행,건조,맑음,교차로 - 교차로부근,화물,남,62세,상해없음,자전거,남,68세,사망
2013101600100593,2013년 10월 16일 20시,수요일,전라북도 군산시 수송동,경상사고,0,0,1,0,차대차 - 측면직각충돌,교차로운행방법위반,건조,맑음,교차로 - 교차로안,승용,여,27세,상해없음,승용,남,50세,경상
2013101600100594,2013년 10월 16일 20시,수요일,전라북도 군산시 나운동,중상사고,0,1,0,0,차대사람 - 횡단중,안전운전불이행,건조,맑음,교차로 - 교차로안,화물,남,75세,상해없음,보행자,남,45세,중상
2013101600100595,2013년 10월 16일 20시,수요일,전라북도 군산시 사정동,경상사고,0,0,1,0,차대차 - 정면충돌,신호위반,건조,맑음,교차로 - 교차로안,승용,남,30세,상해없음,승용,남,36세,경상
2013101600100596,2013년 10월 16일 20시,수요일,전라북도 익산시 함열읍,중상사고,0,1,1,0,차대차 - 정면충돌,중앙선침범,건조,맑음,단일로 - 기타,화물,남,52세,상해없음,승용,남,37세,중상
2013101600100654,2013년 10월 16일 22시,수요일,전라북도 전주시 완산구 중앙동1가,경상사고,0,0,4,0,차대차 - 기타,교차로운행방법위반,건조,맑음,교차로 - 교차로안,승용,남,53세,상해없음,승용,남,49세,경상
2013101600100678,2013년 10월 16일 23시,수요일,전라북도 순창군 순창읍,부상신고사고,0,0,0,1,차대차 - 추돌 - 주정차중,안전운전불이행,건조,맑음,단일로 - 기타,화물,남,51세,부상신고,화물,남,41세,상해없음
2013101700100030,2013년 10월 17일 01시,목요일,전라북도 정읍시 신태인읍,중상사고,0,1,0,0,차대차 - 측면직각충돌,안전운전불이행,건조,맑음,교차로 - 교차로안,이륜,남,16세,중상,화물,남,35세,기타불명
2013101700100064,2013년 10월 17일 05시,목요일,전라북도 김제시 복죽동,중상사고,0,1,0,0,차대사람 - 길가장자리구역통행중,안전운전불이행,건조,맑음,단일로 - 기타,이륜,남,18세,상해없음,보행자,여,72세,중상
2013101700100101,2013년 10월 17일 07시,목요일,전라북도 완주군 삼례읍,경상사고,0,0,1,0,차대차 - 측면직각충돌,신호위반,건조,맑음,교차로 - 교차로안,승용,여,27세,상해없음,승용,남,36세,경상
2013101700100165,2013년 10월 17일 09시,목요일,전라북도 정읍시 수성동,중상사고,0,1,0,0,차대차 - 측면직각충돌,안전운전불이행,건조,맑음,교차로 - 교차로안,승합,남,31세,상해없음,자전거,여,60세,중상
2013101700100187,2013년 10월 17일 10시,목요일,전라북도 전주시 덕진구 진북동,중상사고,0,1,0,0,차대차 - 측면직각충돌,신호위반,건조,맑음,교차로 - 교차로안,승용,여,49세,상해없음,자전거,남,70세,중상
2013101700100188,2013년 10월 17일 10시,목요일,전라북도 군산시 오식도동,경상사고,0,0,1,0,차대차 - 측면직각충돌,교차로운행방법위반,건조,맑음,교차로 - 교차로안,화물,남,52세,상해없음,승용,여,59세,경상
2013101700100189,2013년 10월 17일 10시,목요일,전라북도 익산시 함열읍,부상신고사고,0,0,0,1,차대차 - 측면직각충돌,직진우회전진행방해,건조,맑음,교차로 - 교차로안,화물,남,35세,상해없음,승용,남,65세,부상신고
2013101700100236,2013년 10월 17일 12시,목요일,전라북도 전주시 덕진구 인후동1가,경상사고,0,0,1,0,차대차 - 측면직각충돌,안전운전불이행,건조,맑음,교차로 - 교차로부근,승용,여,24세,상해없음,이륜,남,55세,경상
2013101700100256,2013년 10월 17일 13시,목요일,전라북도 정읍시 신태인읍,사망사고,2,1,0,0,차대차 - 측면직각충돌,신호위반,건조,맑음,교차로 - 교차로안,승용,남,75세,중상,화물,남,66세,사망
2013101700100257,2013년 10월 17일 13시,목요일,전라북도 정읍시 산내면,경상사고,0,0,1,0,차대차 - 기타,안전운전불이행,건조,맑음,단일로 - 기타,승용,남,78세,상해없음,승용,남,38세,상해없음
2013101700100258,2013년 10월 17일 13시,목요일,전라북도 임실군 지사면,중상사고,0,1,0,0,차대차 - 추돌 - 진행중,안전거리미확보,건조,맑음,단일로 - 기타,승용,여,50세,상해없음,원동기,남,73세,중상
2013101700100259,2013년 10월 17일 13시,목요일,전라북도 임실군 지사면,중상사고,0,1,0,0,차대차 - 측면직각충돌,안전운전불이행,건조,맑음,단일로 - 기타,승용,남,37세,상해없음,원동기,여,53세,중상
2013101700100260,2013년 10월 17일 13시,목요일,전라북도 장수군 산서면,중상사고,0,1,0,0,차대차 - 정면충돌,안전운전불이행,건조,맑음,단일로 - 기타,승용,남,40세,상해없음,원동기,여,64세,중상
2013101700100374,2013년 10월 17일 17시,목요일,전라북도 전주시 덕진구 인후동1가,경상사고,0,0,1,0,차대차 - 기타,안전운전불이행,건조,맑음,교차로 - 교차로안,승용,남,43세,상해없음,이륜,남,37세,경상
2013101700100404,2013년 10월 17일 18시,목요일,전라북도 익산시 여산면,경상사고,0,0,2,0,차대차 - 정면충돌,중앙선침범,건조,맑음,단일로 - 기타,이륜,남,78세,기타불명,승합,남,55세,경상
2013101700100405,2013년 10월 17일 18시,목요일,전라북도 익산시 낭산면,경상사고,0,0,2,0,차대차 - 추돌 - 주정차중,안전운전불이행,건조,맑음,교차로 - 교차로안,승용,여,56세,상해없음,승합,남,61세,경상
2013101700100443,2013년 10월 17일 19시,목요일,전라북도 익산시 모현동1가,중상사고,0,1,0,0,차대사람 - 기타,보행자보호의무위반,건조,맑음,교차로 - 교차로안,승용,여,49세,상해없음,보행자,여,32세,중상
2013101700100444,2013년 10월 17일 19시,목요일,전라북도 남원시 쌍교동,경상사고,0,0,1,0,차대차 - 추돌 - 주정차중,안전운전불이행,건조,맑음,교차로 - 교차로부근,승용,남,53세,상해없음,승용,남,42세,경상
2013101700100472,2013년 10월 17일 20시,목요일,전라북도 전주시 완산구 효자동2가,경상사고,0,0,1,0,차대차 - 기타,교차로운행방법위반,건조,맑음,교차로 - 교차로안,승용,남,37세,상해없음,이륜,남,42세,경상
2013101700100500,2013년 10월 17일 21시,목요일,전라북도 정읍시 연지동,경상사고,0,0,1,0,차대사람 - 기타,안전운전불이행,건조,맑음,단일로 - 기타,화물,여,52세,상해없음,보행자,여,49세,경상
2013101800100010,2013년 10월 18일 00시,금요일,전라북도 익산시 어양동,경상사고,0,0,1,0,차대차 - 정면충돌,중앙선침범,건조,맑음,교차로 - 교차로부근,화물,여,27세,상해없음,승용,남,38세,경상
2013101800100035,2013년 10월 18일 02시,금요일,전라북도 전주시 완산구 서신동,경상사고,0,0,1,0,차량단독 - 공작물충돌,안전운전불이행,건조,맑음,교차로 - 교차로부근,승용,남,17세,상해없음,,,,
2013101800100042,2013년 10월 18일 03시,금요일,전라북도 익산시 인화동1가,경상사고,0,0,1,0,차대차 - 측면직각충돌,직진우회전진행방해,건조,맑음,교차로 - 교차로안,승용,남,53세,상해없음,승용,남,64세,경상
2013101800100051,2013년 10월 18일 04시,금요일,전라북도 전주시 완산구 평화동1가,경상사고,0,0,1,0,차대차 - 추돌 - 주정차중,안전운전불이행,건조,맑음,교차로 - 교차로부근,승용,여,53세,상해없음,승용,여,52세,경상
2013101800100058,2013년 10월 18일 05시,금요일,전라북도 전주시 덕진구 금암동,중상사고,0,1,0,0,차대차 - 추돌 - 진행중,안전운전불이행,건조,맑음,단일로 - 기타,승용,남,70세,상해없음,이륜,남,59세,중상
2013101800100076,2013년 10월 18일 06시,금요일,전라북도 군산시 소룡동,중상사고,0,1,0,0,차대차 - 측면직각충돌,신호위반,건조,맑음,교차로 - 교차로안,승용,남,55세,상해없음,승합,여,53세,중상
2013101800100103,2013년 10월 18일 07시,금요일,전라북도 군산시 수송동,중상사고,0,1,0,0,차대차 - 측면직각충돌,안전운전불이행,건조,맑음,단일로 - 기타,승합,남,43세,상해없음,자전거,남,76세,중상
2013101800100104,2013년 10월 18일 07시,금요일,전라북도 정읍시 북면,경상사고,0,0,3,0,차대차 - 추돌 - 주정차중,안전운전불이행,건조,맑음,단일로 - 기타,화물,남,58세,경상,승용,남,39세,경상
2013101800100147,2013년 10월 18일 08시,금요일,전라북도 전주시 덕진구 호성동1가,경상사고,0,0,5,0,차대차 - 추돌 - 진행중,안전운전불이행,건조,맑음,교차로 - 교차로부근,승용,남,62세,상해없음,승용,남,69세,경상
2013101800100148,2013년 10월 18일 08시,금요일,전라북도 군산시 조촌동,경상사고,0,0,1,0,차대차 - 기타,안전운전불이행,건조,맑음,교차로 - 교차로부근,화물,남,37세,상해없음,자전거,남,11세,경상
2013101800100149,2013년 10월 18일 08시,금요일,전라북도 익산시 용동면,사망사고,1,2,0,0,차대차 - 추돌 - 주정차중,안전운전불이행,건조,맑음,교차로 - 교차로부근,화물,남,61세,사망,화물,남,56세,중상
2013101800100150,2013년 10월 18일 08시,금요일,전라북도 완주군 구이면,중상사고,0,1,0,0,차대차 - 기타,안전운전불이행,건조,맑음,단일로 - 기타,건설기계,남,58세,상해없음,농기계,남,69세,중상
2013101800100184,2013년 10월 18일 09시,금요일,전라북도 익산시 왕궁면,중상사고,0,1,0,0,차대차 - 기타,안전운전불이행,건조,맑음,단일로 - 기타,자전거,남,17세,중상,건설기계,남,39세,상해없음
2013101800100211,2013년 10월 18일 10시,금요일,전라북도 전주시 완산구 색장동,중상사고,0,4,1,0,차대차 - 측면직각충돌,안전운전불이행,건조,맑음,교차로 - 교차로안,승용,여,50세,중상,승용,여,26세,중상
2013101800100212,2013년 10월 18일 10시,금요일,전라북도 군산시 중앙로1가,경상사고,0,0,1,0,차대사람 - 차도통행중,안전운전불이행,건조,맑음,단일로 - 기타,승용,여,55세,상해없음,보행자,여,40세,경상
2013101800100213,2013년 10월 18일 10시,금요일,전라북도 익산시 모현동1가,중상사고,0,2,0,0,차대차 - 측면직각충돌,직진우회전진행방해,건조,맑음,교차로 - 교차로안,화물,남,43세,상해없음,승용,남,58세,중상
2013101800100250,2013년 10월 18일 11시,금요일,전라북도 장수군 장계면,중상사고,0,1,0,0,차대사람 - 기타,안전운전불이행,건조,맑음,기타 - 기타,이륜,남,65세,상해없음,보행자,남,3세,상해없음
2013101800100301,2013년 10월 18일 13시,금요일,전라북도 전주시 완산구 서신동,중상사고,0,1,0,0,차대사람 - 기타,안전운전불이행,건조,맑음,단일로 - 기타,승합,남,49세,상해없음,보행자,남,56세,중상
2013101800100302,2013년 10월 18일 13시,금요일,전라북도 익산시 춘포면,경상사고,0,0,1,0,차대차 - 추돌 - 주정차중,안전운전불이행,건조,맑음,교차로 - 교차로부근,화물,남,45세,상해없음,화물,남,35세,경상
2013101800100328,2013년 10월 18일 14시,금요일,전라북도 전주시 덕진구 진북동,경상사고,0,0,1,0,차대차 - 측면직각충돌,중앙선침범,건조,맑음,교차로 - 교차로부근,승용,남,69세,상해없음,원동기,남,29세,경상
2013101800100329,2013년 10월 18일 14시,금요일,전라북도 진안군 진안읍,중상사고,0,1,0,0,차량단독 - 전도전복,안전운전불이행,건조,맑음,단일로 - 기타,농기계,남,41세,중상,,,,
2013101800100330,2013년 10월 18일 14시,금요일,전라북도 김제시 청하면,사망사고,1,1,0,0,차대차 - 추돌 - 진행중,안전운전불이행,건조,맑음,단일로 - 기타,승용,남,68세,중상,화물,남,40세,기타불명
2013101800100366,2013년 10월 18일 15시,금요일,전라북도 김제시 서암동,중상사고,0,2,5,0,차대차 - 측면직각충돌,신호위반,건조,맑음,교차로 - 교차로안,승용,남,48세,중상,승합,여,35세,중상
2013101800100367,2013년 10월 18일 15시,금요일,전라북도 장수군 장계면,중상사고,0,1,0,0,차대사람 - 횡단중,안전운전불이행,건조,맑음,교차로 - 교차로부근,이륜,남,47세,상해없음,보행자,남,71세,중상
2013101800100405,2013년 10월 18일 16시,금요일,전라북도 김제시 흥사동,중상사고,0,1,2,0,차량단독 - 공작물충돌,과속,건조,맑음,단일로 - 기타,화물,남,24세,상해없음,,,,
2013101800100450,2013년 10월 18일 17시,금요일,전라북도 익산시 모현동1가,경상사고,0,0,1,0,차대차 - 측면직각충돌,직진우회전진행방해,건조,맑음,교차로 - 교차로안,승용,남,60세,상해없음,승용,여,47세,경상
2013101800100451,2013년 10월 18일 17시,금요일,전라북도 완주군 봉동읍,경상사고,0,0,1,0,차대사람 - 기타,안전운전불이행,건조,맑음,단일로 - 기타,기타불명,기타불명,기타불명,기타불명,보행자,남,11세,경상
2013101800100514,2013년 10월 18일 18시,금요일,전라북도 익산시 어양동,중상사고,0,1,0,0,차대차 - 측면직각충돌,안전운전불이행,건조,맑음,교차로 - 교차로부근,승용,여,23세,상해없음,이륜,남,60세,중상
2013101800100515,2013년 10월 18일 18시,금요일,전라북도 정읍시 태인면,중상사고,0,1,0,0,차대차 - 추돌 - 주정차중,안전운전불이행,건조,맑음,단일로 - 기타,원동기,남,64세,중상,농기계,남,53세,기타불명
2013101800100570,2013년 10월 18일 19시,금요일,전라북도 임실군 삼계면,경상사고,0,0,1,0,차대차 - 추돌 - 진행중,안전운전불이행,건조,맑음,단일로 - 기타,승용,남,23세,상해없음,농기계,남,64세,경상
2013101800100571,2013년 10월 18일 19시,금요일,전라북도 완주군 용진면,사망사고,1,0,0,0,차대사람 - 횡단중,안전운전불이행,건조,맑음,단일로 - 기타,승용,남,25세,상해없음,보행자,여,74세,사망
2013101800100572,2013년 10월 18일 19시,금요일,전라북도 완주군 삼례읍,경상사고,0,0,1,0,차대사람 - 기타,교차로운행방법위반,건조,맑음,교차로 - 교차로안,화물,남,53세,상해없음,보행자,여,38세,경상
2013101800100612,2013년 10월 18일 20시,금요일,전라북도 전주시 덕진구 우아동3가,경상사고,0,0,2,0,차대차 - 추돌 - 진행중,안전운전불이행,건조,맑음,교차로 - 교차로안,승용,남,59세,상해없음,승용,여,29세,경상
2013101800100613,2013년 10월 18일 20시,금요일,전라북도 군산시 나운동,중상사고,0,1,0,0,차대차 - 측면직각충돌,직진우회전진행방해,건조,맑음,교차로 - 교차로부근,원동기,남,67세,중상,승용,여,44세,상해없음
2013101800100614,2013년 10월 18일 20시,금요일,전라북도 익산시 마동,사망사고,1,0,0,0,차대차 - 측면직각충돌,안전운전불이행,건조,맑음,교차로 - 교차로안,승합,남,64세,상해없음,이륜,남,52세,사망
2013101800100615,2013년 10월 18일 20시,금요일,전라북도 정읍시 시기동,경상사고,0,0,3,0,차대차 - 측면직각충돌,차로위반,건조,맑음,단일로 - 기타,승용,여,42세,경상,화물,여,42세,경상
2013101800100616,2013년 10월 18일 20시,금요일,전라북도 정읍시 입암면,경상사고,0,0,2,0,차대차 - 측면직각충돌,직진우회전진행방해,건조,맑음,교차로 - 교차로안,승용,여,58세,경상,승용,남,44세,경상
2013101800100617,2013년 10월 18일 20시,금요일,전라북도 김제시 성덕면,중상사고,0,1,0,0,차대사람 - 길가장자리구역통행중,안전운전불이행,건조,맑음,단일로 - 기타,승용,남,27세,상해없음,보행자,남,56세,중상
2013101800100662,2013년 10월 18일 21시,금요일,전라북도 군산시 나운동,경상사고,0,0,1,0,차대차 - 측면직각충돌,신호위반,건조,맑음,교차로 - 교차로안,원동기,남,18세,상해없음,원동기,남,23세,경상
2013101800100697,2013년 10월 18일 22시,금요일,전라북도 완주군 화산면,경상사고,0,0,2,0,차대차 - 측면직각충돌,중앙선침범,건조,맑음,단일로 - 기타,농기계,남,26세,경상,화물,남,55세,경상
2013101800100720,2013년 10월 18일 23시,금요일,전라북도 군산시 대야면,경상사고,0,0,2,0,차대차 - 기타,안전운전불이행,건조,맑음,단일로 - 기타,승용,남,23세,상해없음,승용,남,26세,경상
2013101800100721,2013년 10월 18일 23시,금요일,전라북도 익산시 인화동1가,경상사고,0,0,2,0,차대차 - 정면충돌,신호위반,건조,맑음,교차로 - 교차로안,이륜,남,21세,경상,승용,남,47세,경상
2013101900100017,2013년 10월 19일 00시,토요일,전라북도 전주시 덕진구 우아동2가,중상사고,0,1,0,0,차대사람 - 횡단중,안전운전불이행,건조,맑음,교차로 - 교차로부근,승용,남,49세,상해없음,보행자,남,37세,중상
2013101900100075,2013년 10월 19일 03시,토요일,전라북도 전주시 덕진구 금암동,중상사고,0,1,0,0,차대차 - 측면직각충돌,신호위반,건조,맑음,교차로 - 교차로안,원동기,남,19세,상해없음,승용,남,57세,상해없음
2013101900100086,2013년 10월 19일 04시,토요일,전라북도 전주시 완산구 중화산동2가,경상사고,0,0,1,0,차대사람 - 기타,안전운전불이행,건조,맑음,단일로 - 기타,승용,남,27세,상해없음,보행자,남,40세,경상
2013101900100087,2013년 10월 19일 04시,토요일,전라북도 전주시 덕진구 팔복동3가,경상사고,0,0,2,0,차량단독 - 공작물충돌,안전운전불이행,건조,맑음,단일로 - 기타,승용,남,25세,상해없음,,,,
2013101900100103,2013년 10월 19일 05시,토요일,전라북도 군산시 산북동,경상사고,0,0,1,0,차대차 - 측면직각충돌,신호위반,건조,맑음,교차로 - 교차로안,승용,여,58세,상해없음,화물,남,51세,경상
2013101900100150,2013년 10월 19일 08시,토요일,전라북도 남원시 조산동,중상사고,0,1,0,0,차대차 - 기타,안전운전불이행,건조,맑음,단일로 - 기타,화물,남,38세,상해없음,원동기,여,57세,중상
2013101900100179,2013년 10월 19일 09시,토요일,전라북도 정읍시 옹동면,중상사고,0,1,0,0,차대차 - 측면직각충돌,안전운전불이행,건조,맑음,단일로 - 기타,원동기,남,70세,중상,화물,남,64세,상해없음
2013101900100199,2013년 10월 19일 10시,토요일,전라북도 전주시 완산구 효자동2가,경상사고,0,0,2,0,차대차 - 측면직각충돌,신호위반,건조,맑음,교차로 - 교차로안,승용,남,49세,상해없음,승용,여,26세,경상
2013101900100228,2013년 10월 19일 11시,토요일,전라북도 무주군 무주읍,경상사고,0,0,1,0,차대차 - 추돌 - 주정차중,안전운전불이행,건조,맑음,단일로 - 기타,승용,남,27세,상해없음,화물,남,45세,경상
2013101900100251,2013년 10월 19일 12시,토요일,전라북도 전주시 완산구 효자동3가,경상사고,0,0,2,0,차대차 - 측면직각충돌,안전운전불이행,건조,맑음,교차로 - 교차로안,원동기,남,25세,경상,승용,남,48세,상해없음
2013101900100286,2013년 10월 19일 13시,토요일,전라북도 익산시 팔봉동,경상사고,0,0,1,0,차대차 - 측면직각충돌,안전운전불이행,건조,맑음,교차로 - 교차로안,승용,여,52세,상해없음,승용,남,56세,경상
2013101900100320,2013년 10월 19일 14시,토요일,전라북도 익산시 은기동,경상사고,0,0,1,0,차대사람 - 기타,안전운전불이행,건조,맑음,기타 - 기타,승합,남,53세,상해없음,보행자,여,53세,경상
2013101900100321,2013년 10월 19일 14시,토요일,전라북도 진안군 진안읍,중상사고,0,3,0,0,차대차 - 기타,안전거리미확보,건조,맑음,단일로 - 기타,승용,남,65세,상해없음,승용,여,50세,중상
2013101900100350,2013년 10월 19일 15시,토요일,전라북도 전주시 완산구 서노송동,중상사고,0,1,2,0,차대차 - 추돌 - 진행중,안전거리미확보,건조,맑음,교차로 - 교차로부근,승용,남,45세,상해없음,승용,남,27세,경상
2013101900100351,2013년 10월 19일 15시,토요일,전라북도 군산시 수송동,경상사고,0,0,1,0,차대사람 - 횡단중,안전운전불이행,건조,맑음,교차로 - 교차로부근,승용,여,31세,상해없음,보행자,남,8세,경상
2013101900100352,2013년 10월 19일 15시,토요일,전라북도 군산시 장미동,중상사고,0,1,0,0,차대사람 - 기타,안전운전불이행,건조,맑음,교차로 - 교차로부근,승용,남,43세,상해없음,보행자,남,30세,중상