사고번호,사고일시,요일,시군구,사고내용,사망자수,중상자수,경상자수,부상신고자수,사고유형,법규위반,노면상태,기상상태,도로형태,가해운전자 차종,가해운전자 성별,가해운전자 연령,가해운전자 상해정도,피해운전자 차종,피해운전자 성별,피해운전자 연령,피해운전자 상해정도
2013110500100199,2013년 11월 5일 10시,화요일,전라북도 전주시 덕진구 반월동,경상사고,0,0,1,0,차대사람 - 횡단중,보행자보호의무위반,건조,맑음,교차로 - 교차로부근,승용,남,38세,상해없음,보행자,남,89세,경상
2013110500100200,2013년 11월 5일 10시,화요일,전라북도 군산시 조촌동,중상사고,0,1,0,0,차대차 - 측면직각충돌,안전운전불이행,건조,맑음,교차로 - 교차로안,승용,여,39세,상해없음,원동기,여,63세,중상
2013110500100201,2013년 11월 5일 10시,화요일,전라북도 정읍시 상평동,중상사고,0,1,0,0,차대사람 - 기타,안전운전불이행,건조,맑음,단일로 - 기타,이륜,남,70세,상해없음,보행자,남,72세,중상
2013110500100202,2013년 11월 5일 10시,화요일,전라북도 부안군 부안읍,중상사고,0,1,1,0,차량단독 - 공작물충돌,안전운전불이행,건조,맑음,단일로 - 기타,승용,남,79세,중상,,,,
2013110500100232,2013년 11월 5일 11시,화요일,전라북도 김제시 성덕면,사망사고,1,0,0,0,차대차 - 측면직각충돌,직진우회전진행방해,건조,맑음,교차로 - 교차로안,원동기,남,71세,사망,화물,남,70세,상해없음
2013110500100256,2013년 11월 5일 12시,화요일,전라북도 전주시 완산구 중화산동2가,경상사고,0,0,1,0,차대차 - 기타,안전운전불이행,건조,맑음,교차로 - 교차로부근,기타불명,기타불명,기타불명,기타불명,자전거,남,33세,경상
2013110500100257,2013년 11월 5일 12시,화요일,전라북도 익산시 영등동,경상사고,0,0,1,0,차대차 - 기타,안전운전불이행,건조,맑음,교차로 - 교차로안,승용,남,51세,상해없음,승용,남,38세,경상
2013110500100258,2013년 11월 5일 12시,화요일,전라북도 남원시 신정동,중상사고,0,2,0,0,차대차 - 측면직각충돌,안전운전불이행,건조,맑음,단일로 - 기타,화물,남,66세,상해없음,원동기,남,70세,중상
2013110500100259,2013년 11월 5일 12시,화요일,전라북도 부안군 부안읍,경상사고,0,0,1,0,차대차 - 측면직각충돌,직진우회전진행방해,건조,맑음,교차로 - 교차로안,승용,남,60세,상해없음,원동기,남,63세,경상
2013110500100283,2013년 11월 5일 13시,화요일,전라북도 전주시 완산구 삼천동1가,중상사고,0,1,0,0,차대차 - 기타,안전운전불이행,건조,맑음,교차로 - 교차로안,기타불명,기타불명,기타불명,기타불명,자전거,남,69세,중상
2013110500100284,2013년 11월 5일 13시,화요일,전라북도 진안군 진안읍,사망사고,1,0,0,0,차량단독 - 전도전복,안전운전불이행,건조,맑음,단일로 - 기타,이륜,남,57세,사망,,,,
2013110500100380,2013년 11월 5일 16시,화요일,전라북도 군산시 산북동,경상사고,0,0,1,0,차대차 - 측면직각충돌,안전거리미확보,건조,맑음,단일로 - 기타,화물,남,34세,상해없음,건설기계,남,27세,경상
2013110500100381,2013년 11월 5일 16시,화요일,전라북도 익산시 마동,경상사고,0,0,1,0,차대차 - 기타,안전운전불이행,건조,맑음,단일로 - 기타,승용,여,46세,상해없음,이륜,남,32세,경상
2013110500100382,2013년 11월 5일 16시,화요일,전라북도 익산시 마동,경상사고,0,0,1,0,차대사람 - 기타,안전운전불이행,건조,맑음,단일로 - 기타,기타불명,기타불명,기타불명,기타불명,보행자,남,13세,경상
2013110500100383,2013년 11월 5일 16시,화요일,전라북도 무주군 무주읍,중상사고,0,1,1,0,차대차 - 측면직각충돌,안전운전불이행,건조,맑음,교차로 - 교차로안,승용,남,39세,상해없음,승용,남,53세,경상
2013110500100425,2013년 11월 5일 17시,화요일,전라북도 군산시 나운동,경상사고,0,0,1,0,차대차 - 측면직각충돌,교차로운행방법위반,건조,맑음,교차로 - 교차로안,승용,여,41세,상해없음,승용,여,45세,경상
2013110500100472,2013년 11월 5일 18시,화요일,전라북도 전주시 완산구 전동3가,중상사고,0,1,0,0,차대사람 - 기타,안전운전불이행,건조,맑음,교차로 - 교차로안,화물,남,65세,상해없음,보행자,남,54세,중상
2013110500100473,2013년 11월 5일 18시,화요일,전라북도 전주시 덕진구 인후동1가,중상사고,0,1,0,0,차대사람 - 횡단중,안전운전불이행,건조,맑음,교차로 - 교차로안,승용,남,32세,상해없음,보행자,여,38세,중상
2013110500100474,2013년 11월 5일 18시,화요일,전라북도 정읍시 상동,경상사고,0,0,1,0,차대차 - 측면직각충돌,안전운전불이행,건조,맑음,교차로 - 교차로안,승용,남,38세,상해없음,이륜,남,16세,경상
2013110500100515,2013년 11월 5일 19시,화요일,전라북도 전주시 덕진구 송천동1가,중상사고,0,1,0,0,차대차 - 추돌 - 진행중,안전거리미확보,건조,맑음,단일로 - 기타,승용,여,58세,상해없음,이륜,남,17세,중상
2013110500100516,2013년 11월 5일 19시,화요일,전라북도 익산시 영등동,경상사고,0,0,1,0,차대차 - 기타,안전운전불이행,건조,맑음,단일로 - 기타,승용,여,21세,상해없음,원동기,남,42세,경상
2013110500100517,2013년 11월 5일 19시,화요일,전라북도 익산시 마동,경상사고,0,0,2,0,차대차 - 기타,신호위반,건조,맑음,교차로 - 교차로안,승용,남,18세,상해없음,승용,남,46세,경상
2013110500100547,2013년 11월 5일 20시,화요일,전라북도 전주시 덕진구 덕진동2가,경상사고,0,0,3,0,차대차 - 추돌 - 진행중,안전거리미확보,건조,맑음,단일로 - 기타,승용,남,50세,상해없음,승용,남,27세,경상
2013110500100548,2013년 11월 5일 20시,화요일,전라북도 남원시 주천면,경상사고,0,0,1,0,차대차 - 기타,안전거리미확보,건조,맑음,단일로 - 기타,화물,남,60세,경상,화물,남,44세,상해없음
2013110500100621,2013년 11월 5일 22시,화요일,전라북도 군산시 수송동,중상사고,0,1,0,0,차대사람 - 보도통행중,보행자보호의무위반,건조,맑음,단일로 - 기타,승용,남,45세,상해없음,보행자,여,45세,중상
2013110500100622,2013년 11월 5일 22시,화요일,전라북도 군산시 오식도동,경상사고,0,0,1,0,차대차 - 측면직각충돌,안전운전불이행,건조,맑음,교차로 - 교차로안,승용,남,38세,상해없음,승용,남,32세,경상
2013110600100008,2013년 11월 6일 00시,수요일,전라북도 군산시 소룡동,경상사고,0,0,1,0,차대차 - 측면직각충돌,안전운전불이행,건조,맑음,교차로 - 교차로안,승용,남,50세,상해없음,승용,남,52세,경상
2013110600100009,2013년 11월 6일 00시,수요일,전라북도 남원시 운봉읍,사망사고,1,0,0,0,차량단독 - 도로외이탈 - 기타,안전운전불이행,건조,맑음,단일로 - 기타,승용,여,63세,사망,,,,
2013110600100053,2013년 11월 6일 04시,수요일,전라북도 익산시 신동,경상사고,0,0,1,0,차대차 - 기타,직진우회전진행방해,건조,맑음,교차로 - 교차로안,승용,남,25세,상해없음,승용,남,51세,경상
2013110600100080,2013년 11월 6일 06시,수요일,전라북도 임실군 임실읍,경상사고,0,0,1,0,차대사람 - 기타,불법유턴,건조,맑음,단일로 - 기타,화물,남,60세,상해없음,보행자,남,74세,경상
2013110600100099,2013년 11월 6일 07시,수요일,전라북도 전주시 완산구 효자동3가,경상사고,0,0,1,0,차대차 - 기타,안전거리미확보,건조,맑음,교차로 - 교차로부근,승용,남,58세,상해없음,승용,남,51세,경상
2013110600100122,2013년 11월 6일 08시,수요일,전라북도 익산시 남중동,경상사고,0,0,1,0,차대사람 - 길가장자리구역통행중,안전운전불이행,건조,흐림,단일로 - 기타,승용,여,23세,상해없음,보행자,여,82세,경상
2013110600100178,2013년 11월 6일 10시,수요일,전라북도 군산시 나운동,경상사고,0,0,2,0,차대차 - 기타,안전운전불이행,습기,비,단일로 - 기타,승용,남,54세,상해없음,승용,남,46세,경상
2013110600100207,2013년 11월 6일 11시,수요일,전라북도 군산시 미룡동,경상사고,0,0,1,0,차대차 - 기타,중앙선침범,건조,맑음,교차로 - 교차로부근,승용,남,59세,상해없음,승용,남,51세,경상
2013110600100208,2013년 11월 6일 11시,수요일,전라북도 정읍시 용계동,중상사고,0,1,0,0,차대사람 - 기타,안전운전불이행,건조,맑음,단일로 - 기타,승용,남,67세,상해없음,보행자,남,65세,중상
2013110600100231,2013년 11월 6일 12시,수요일,전라북도 전주시 완산구 효자동1가,경상사고,0,0,1,0,차대사람 - 기타,안전운전불이행,건조,맑음,교차로 - 교차로부근,기타불명,기타불명,기타불명,기타불명,보행자,여,64세,경상
2013110600100273,2013년 11월 6일 14시,수요일,전라북도 군산시 소룡동,중상사고,0,1,1,0,차대차 - 기타,안전운전불이행,건조,맑음,단일로 - 기타,화물,남,40세,중상,화물,남,66세,경상
2013110600100274,2013년 11월 6일 14시,수요일,전라북도 정읍시 영원면,중상사고,0,1,0,0,차대차 - 측면직각충돌,안전운전불이행,건조,맑음,교차로 - 교차로안,이륜,남,73세,중상,농기계,남,59세,상해없음
2013110600100275,2013년 11월 6일 14시,수요일,전라북도 완주군 용진면,중상사고,0,1,2,0,차대차 - 측면직각충돌,안전운전불이행,건조,맑음,교차로 - 교차로안,승용,남,69세,상해없음,승용,여,50세,경상
2013110600100303,2013년 11월 6일 15시,수요일,전라북도 전주시 완산구 서신동,경상사고,0,0,1,0,차대차 - 기타,안전거리미확보,건조,맑음,단일로 - 기타,화물,남,41세,상해없음,승용,남,48세,경상
2013110600100304,2013년 11월 6일 15시,수요일,전라북도 군산시 문화동,경상사고,0,0,1,0,차대차 - 기타,안전운전불이행,습기,비,교차로 - 교차로안,이륜,남,57세,경상,승용,남,32세,상해없음
2013110600100336,2013년 11월 6일 16시,수요일,전라북도 전주시 덕진구 우아동3가,중상사고,0,1,0,0,차대차 - 측면직각충돌,안전거리미확보,습기,비,단일로 - 기타,승용,남,35세,상해없음,이륜,남,32세,중상
2013110600100337,2013년 11월 6일 16시,수요일,전라북도 군산시 나운동,경상사고,0,0,1,0,차대사람 - 횡단중,안전운전불이행,습기,비,단일로 - 기타,승용,남,61세,상해없음,보행자,여,10세,경상
2013110600100338,2013년 11월 6일 16시,수요일,전라북도 정읍시 산외면,경상사고,0,0,2,0,차대차 - 측면직각충돌,신호위반,습기,흐림,교차로 - 교차로안,화물,남,36세,상해없음,승용,여,38세,경상
2013110600100339,2013년 11월 6일 16시,수요일,전라북도 김제시 광활면,사망사고,1,0,0,0,차대사람 - 횡단중,안전운전불이행,습기,비,교차로 - 교차로부근,화물,여,53세,상해없음,보행자,여,63세,사망
2013110600100340,2013년 11월 6일 16시,수요일,전라북도 남원시 도통동,경상사고,0,0,1,0,차대차 - 측면직각충돌,직진우회전진행방해,건조,흐림,교차로 - 교차로안,승용,여,36세,상해없음,자전거,여,8세,경상
2013110600100341,2013년 11월 6일 16시,수요일,전라북도 고창군 아산면,중상사고,0,2,0,0,차대차 - 기타,중앙선침범,건조,맑음,단일로 - 기타,화물,남,75세,상해없음,화물,남,50세,중상
2013110600100342,2013년 11월 6일 16시,수요일,전라북도 부안군 하서면,중상사고,0,1,1,1,차대차 - 정면충돌,중앙선침범,습기,비,단일로 - 기타,승용,남,65세,부상신고,화물,남,43세,경상
2013110600100379,2013년 11월 6일 17시,수요일,전라북도 익산시 신동,경상사고,0,0,1,0,차대차 - 추돌 - 진행중,안전운전불이행,습기,흐림,단일로 - 기타,승합,남,22세,상해없음,승용,남,62세,경상
2013110600100380,2013년 11월 6일 17시,수요일,전라북도 익산시 어양동,경상사고,0,0,1,0,차대차 - 측면직각충돌,안전운전불이행,습기,비,단일로 - 기타,승합,남,47세,상해없음,승용,남,29세,경상
2013110600100381,2013년 11월 6일 17시,수요일,전라북도 정읍시 구룡동,경상사고,0,0,1,0,차대사람 - 횡단중,신호위반,습기,비,단일로 - 횡단보도상,이륜,남,75세,상해없음,보행자,여,82세,경상
2013110600100382,2013년 11월 6일 17시,수요일,전라북도 남원시 죽항동,경상사고,0,0,1,0,차대사람 - 횡단중,안전운전불이행,습기,비,단일로 - 기타,화물,남,35세,상해없음,보행자,여,71세,경상
2013110600100383,2013년 11월 6일 17시,수요일,전라북도 고창군 성내면,중상사고,0,1,0,0,차대차 - 정면충돌,직진우회전진행방해,습기,흐림,교차로 - 교차로안,승용,남,53세,상해없음,화물,남,55세,중상
2013110600100431,2013년 11월 6일 18시,수요일,전라북도 전주시 완산구 중노송동,중상사고,0,1,0,0,차대사람 - 횡단중,안전운전불이행,습기,비,단일로 - 기타,승용,남,32세,상해없음,보행자,여,71세,중상
2013110600100433,2013년 11월 6일 18시,수요일,전라북도 전주시 완산구 효자동3가,경상사고,0,0,5,0,차대차 - 기타,안전운전불이행,습기,비,교차로 - 교차로안,승용,남,64세,상해없음,승용,여,34세,경상
2013110600100434,2013년 11월 6일 18시,수요일,전라북도 전주시 완산구 효자동2가,중상사고,0,1,0,0,차대사람 - 기타,보행자보호의무위반,건조,맑음,교차로 - 교차로부근,승용,여,45세,상해없음,보행자,여,75세,중상
2013110600100435,2013년 11월 6일 18시,수요일,전라북도 전주시 덕진구 호성동1가,경상사고,0,0,1,0,차대차 - 측면직각충돌,안전운전불이행,습기,비,교차로 - 교차로부근,승용,남,63세,상해없음,승용,남,57세,경상
2013110600100436,2013년 11월 6일 18시,수요일,전라북도 익산시 부송동,경상사고,0,0,1,0,차대사람 - 횡단중,안전운전불이행,습기,흐림,교차로 - 교차로안,승용,남,48세,상해없음,보행자,여,53세,경상
2013110600100437,2013년 11월 6일 18시,수요일,전라북도 남원시 왕정동,경상사고,0,0,1,0,차대사람 - 횡단중,안전운전불이행,습기,비,교차로 - 교차로안,승용,남,64세,상해없음,보행자,여,68세,경상
2013110600100438,2013년 11월 6일 18시,수요일,전라북도 완주군 용진면,중상사고,0,1,1,0,차대차 - 기타,신호위반,습기,흐림,교차로 - 교차로안,승용,남,52세,중상,승용,남,34세,경상
2013110600100439,2013년 11월 6일 18시,수요일,전라북도 완주군 봉동읍,중상사고,0,1,0,0,차대사람 - 기타,안전운전불이행,건조,맑음,교차로 - 교차로부근,승용,남,46세,상해없음,보행자,남,56세,중상
2013110600100502,2013년 11월 6일 19시,수요일,전라북도 전주시 완산구 서노송동,경상사고,0,0,1,0,차대사람 - 차도통행중,안전운전불이행,습기,흐림,단일로 - 교량,승용,남,65세,상해없음,보행자,여,28세,경상
2013110600100547,2013년 11월 6일 20시,수요일,전라북도 전주시 덕진구 우아동2가,경상사고,0,0,1,0,차대차 - 추돌 - 진행중,안전거리미확보,습기,비,단일로 - 기타,승용,남,34세,상해없음,승용,남,60세,경상
2013110600100548,2013년 11월 6일 20시,수요일,전라북도 정읍시 내장동,중상사고,0,1,0,0,차대사람 - 길가장자리구역통행중,안전운전불이행,습기,흐림,단일로 - 기타,화물,남,39세,상해없음,보행자,남,55세,중상
2013110600100582,2013년 11월 6일 21시,수요일,전라북도 전주시 덕진구 덕진동1가,중상사고,0,1,1,0,차대차 - 측면직각충돌,안전운전불이행,습기,비,교차로 - 교차로안,승용,여,40세,상해없음,승용,남,59세,중상
2013110600100583,2013년 11월 6일 21시,수요일,전라북도 군산시 수송동,경상사고,0,0,2,0,차대사람 - 기타,안전운전불이행,건조,맑음,교차로 - 교차로안,승용,남,47세,상해없음,보행자,남,38세,경상
2013110600100604,2013년 11월 6일 22시,수요일,전라북도 전주시 덕진구 우아동1가,경상사고,0,0,2,0,차대차 - 측면직각충돌,직진우회전진행방해,습기,비,교차로 - 교차로안,승용,남,49세,상해없음,승용,남,26세,경상
2013110600100605,2013년 11월 6일 22시,수요일,전라북도 군산시 수송동,경상사고,0,0,1,0,차대차 - 측면직각충돌,신호위반,건조,맑음,교차로 - 교차로안,승용,남,37세,상해없음,승용,여,34세,경상
2013110600100638,2013년 11월 6일 23시,수요일,전라북도 전주시 완산구 중화산동2가,경상사고,0,0,1,0,차대사람 - 횡단중,안전운전불이행,습기,흐림,교차로 - 교차로안,승용,남,60세,상해없음,보행자,여,20세,경상
2013110600100639,2013년 11월 6일 23시,수요일,전라북도 남원시 동충동,중상사고,0,1,0,0,차대차 - 측면직각충돌,직진우회전진행방해,습기,안개,교차로 - 교차로안,승용,남,28세,상해없음,이륜,남,18세,중상
2013110700100015,2013년 11월 7일 00시,목요일,전라북도 전주시 완산구 서신동,경상사고,0,0,1,0,차대차 - 기타,교차로운행방법위반,기타,기타,교차로 - 교차로안,승용,남,48세,상해없음,원동기,남,37세,경상
2013110700100040,2013년 11월 7일 02시,목요일,전라북도 전주시 완산구 중화산동1가,중상사고,0,1,2,0,차대차 - 측면직각충돌,신호위반,습기,흐림,교차로 - 교차로안,승용,남,25세,상해없음,승용,남,58세,경상
2013110700100064,2013년 11월 7일 04시,목요일,전라북도 전주시 완산구 중화산동2가,경상사고,0,0,2,0,차대차 - 추돌 - 주정차중,안전운전불이행,건조,맑음,교차로 - 교차로부근,승용,남,16세,상해없음,승용,남,38세,경상
2013110700100065,2013년 11월 7일 04시,목요일,전라북도 익산시 영등동,경상사고,0,0,1,0,차대차 - 추돌 - 진행중,안전운전불이행,건조,맑음,단일로 - 기타,승용,남,40세,상해없음,승용,남,28세,경상
2013110700100113,2013년 11월 7일 07시,목요일,전라북도 전주시 완산구 평화동1가,경상사고,0,0,1,0,차대차 - 기타,안전운전불이행,건조,맑음,단일로 - 기타,승용,남,52세,상해없음,승용,남,32세,경상
2013110700100149,2013년 11월 7일 08시,목요일,전라북도 전주시 완산구 중노송동,사망사고,1,0,0,0,차대차 - 기타,신호위반,건조,맑음,교차로 - 교차로안,이륜,남,75세,사망,승용,여,40세,상해없음
2013110700100182,2013년 11월 7일 09시,목요일,전라북도 정읍시 구룡동,경상사고,0,0,1,0,차대차 - 기타,안전운전불이행,건조,맑음,단일로 - 기타,화물,남,73세,상해없음,이륜,여,68세,경상
2013110700100213,2013년 11월 7일 10시,목요일,전라북도 군산시 임피면,경상사고,0,0,1,0,차대차 - 측면직각충돌,중앙선침범,건조,맑음,단일로 - 기타,화물,남,32세,상해없음,이륜,남,29세,경상
2013110700100232,2013년 11월 7일 11시,목요일,전라북도 전주시 완산구 삼천동1가,중상사고,0,1,0,0,차대사람 - 기타,안전운전불이행,건조,맑음,단일로 - 기타,승용,남,68세,상해없음,보행자,여,59세,중상
2013110700100233,2013년 11월 7일 11시,목요일,전라북도 임실군 임실읍,중상사고,0,1,0,0,차대차 - 기타,안전운전불이행,건조,맑음,기타 - 기타,화물,남,40세,상해없음,이륜,남,74세,중상
2013110700100259,2013년 11월 7일 12시,목요일,전라북도 전주시 완산구 다가동1가,경상사고,0,0,1,0,차대사람 - 기타,안전운전불이행,건조,맑음,단일로 - 기타,승용,남,70세,상해없음,보행자,여,55세,경상
2013110700100286,2013년 11월 7일 13시,목요일,전라북도 익산시 신용동,경상사고,0,0,2,0,차대차 - 추돌 - 주정차중,안전거리미확보,건조,맑음,교차로 - 교차로부근,승용,여,48세,상해없음,승용,여,46세,경상
2013110700100315,2013년 11월 7일 14시,목요일,전라북도 익산시 영등동,경상사고,0,0,1,0,차대차 - 측면직각충돌,안전거리미확보,건조,맑음,단일로 - 기타,승용,남,48세,상해없음,원동기,남,32세,경상
2013110700100394,2013년 11월 7일 16시,목요일,전라북도 익산시 덕기동,경상사고,0,0,2,0,차대차 - 추돌 - 진행중,안전운전불이행,건조,맑음,단일로 - 기타,승용,남,20세,상해없음,승용,남,36세,경상
2013110700100395,2013년 11월 7일 16시,목요일,전라북도 정읍시 연지동,경상사고,0,0,2,1,차대차 - 추돌 - 진행중,안전운전불이행,건조,맑음,교차로 - 교차로부근,승용,남,50세,부상신고,승용,남,42세,경상
2013110700100396,2013년 11월 7일 16시,목요일,전라북도 부안군 백산면,중상사고,0,2,0,0,차대차 - 측면직각충돌,안전운전불이행,건조,흐림,교차로 - 교차로안,승용,남,47세,중상,승합,남,27세,중상
2013110700100429,2013년 11월 7일 17시,목요일,전라북도 익산시 남중동,중상사고,0,1,0,0,차대사람 - 보도통행중,보행자보호의무위반,건조,맑음,교차로 - 교차로안,승용,남,51세,상해없음,보행자,여,64세,중상
2013110700100430,2013년 11월 7일 17시,목요일,전라북도 익산시 오산면,경상사고,0,0,1,0,차대차 - 정면충돌,안전거리미확보,건조,맑음,단일로 - 기타,건설기계,남,62세,상해없음,원동기,남,70세,경상
2013110700100472,2013년 11월 7일 18시,목요일,전라북도 전주시 덕진구 인후동1가,경상사고,0,0,1,0,차대사람 - 차도통행중,안전운전불이행,건조,맑음,단일로 - 기타,기타불명,기타불명,기타불명,기타불명,보행자,남,13세,경상
2013110700100545,2013년 11월 7일 20시,목요일,전라북도 익산시 금마면,경상사고,0,0,1,0,차대차 - 추돌 - 진행중,안전운전불이행,건조,맑음,교차로 - 교차로부근,승용,남,28세,상해없음,승용,여,46세,경상
2013110700100546,2013년 11월 7일 20시,목요일,전라북도 정읍시 신태인읍,경상사고,0,0,1,0,차대차 - 추돌 - 주정차중,안전거리미확보,건조,맑음,교차로 - 교차로안,승용,남,20세,상해없음,승용,남,26세,경상
2013110700100620,2013년 11월 7일 23시,목요일,전라북도 전주시 덕진구 인후동1가,경상사고,0,0,1,0,차대차 - 추돌 - 주정차중,안전운전불이행,습기,흐림,단일로 - 기타,승용,남,50세,상해없음,승용,남,53세,상해없음
2013110700100621,2013년 11월 7일 23시,목요일,전라북도 군산시 성산면,경상사고,0,0,1,0,차대차 - 추돌 - 진행중,안전거리미확보,건조,맑음,단일로 - 기타,승용,남,54세,상해없음,승용,남,42세,경상
2013110700100622,2013년 11월 7일 23시,목요일,전라북도 무주군 무주읍,경상사고,0,0,2,0,차대차 - 정면충돌,중앙선침범,건조,맑음,단일로 - 교량,화물,남,38세,경상,승용,여,38세,경상
2013110800100061,2013년 11월 8일 05시,금요일,전라북도 김제시 서암동,중상사고,0,1,0,0,차대차 - 측면직각충돌,직진우회전진행방해,건조,맑음,교차로 - 교차로안,특수,남,41세,상해없음,화물,남,66세,중상
2013110800100076,2013년 11월 8일 06시,금요일,전라북도 김제시 백산면,중상사고,0,1,0,0,차대차 - 측면직각충돌,직진우회전진행방해,건조,맑음,교차로 - 교차로안,자전거,남,78세,중상,승용,남,29세,상해없음
2013110800100129,2013년 11월 8일 08시,금요일,전라북도 정읍시 하모동,경상사고,0,0,1,0,차대차 - 기타,교차로운행방법위반,건조,맑음,교차로 - 교차로안,승용,여,43세,상해없음,자전거,남,54세,경상
2013110800100158,2013년 11월 8일 09시,금요일,전라북도 전주시 완산구 서신동,경상사고,0,0,1,0,차대차 - 측면직각충돌,안전거리미확보,건조,맑음,교차로 - 교차로부근,승용,여,61세,상해없음,승용,남,33세,경상
2013110800100159,2013년 11월 8일 09시,금요일,전라북도 전주시 완산구 서신동,중상사고,0,1,0,0,차대사람 - 횡단중,신호위반,건조,맑음,교차로 - 교차로안,승용,남,53세,상해없음,보행자,여,56세,중상
2013110800100160,2013년 11월 8일 09시,금요일,전라북도 부안군 계화면,경상사고,0,0,1,0,차대차 - 기타,교차로운행방법위반,건조,맑음,교차로 - 교차로안,원동기,여,54세,경상,화물,남,71세,상해없음
2013110800100161,2013년 11월 8일 09시,금요일,전라북도 완주군 구이면,중상사고,0,3,0,0,차대차 - 측면직각충돌,안전운전불이행,건조,맑음,단일로 - 기타,화물,남,60세,상해없음,이륜,남,54세,중상
2013110800100259,2013년 11월 8일 12시,금요일,전라북도 전주시 덕진구 인후동1가,중상사고,0,1,0,0,차대사람 - 횡단중,안전운전불이행,건조,맑음,단일로 - 횡단보도부근,승용,남,60세,상해없음,보행자,여,55세,중상
2013110800100260,2013년 11월 8일 12시,금요일,전라북도 진안군 진안읍,경상사고,0,0,1,0,차대차 - 측면직각충돌,중앙선침범,건조,맑음,단일로 - 기타,승용,남,50세,상해없음,승용,남,36세,경상
2013110800100289,2013년 11월 8일 13시,금요일,전라북도 군산시 소룡동,사망사고,1,0,0,0,차대사람 - 보도통행중,신호위반,건조,맑음,교차로 - 교차로부근,건설기계,남,47세,상해없음,보행자,여,68세,사망
2013110800100290,2013년 11월 8일 13시,금요일,전라북도 무주군 안성면,부상신고사고,0,0,0,1,차량단독 - 공작물충돌,교차로운행방법위반,건조,맑음,교차로 - 교차로부근,농기계,남,65세,부상신고,,,,
2013110800100357,2013년 11월 8일 15시,금요일,전라북도 전주시 덕진구 여의동,중상사고,0,1,0,0,차대사람 - 횡단중,신호위반,건조,맑음,교차로 - 교차로부근,화물,남,52세,상해없음,보행자,남,15세,중상
2013110800100358,2013년 11월 8일 15시,금요일,전라북도 군산시 수송동,경상사고,0,0,1,0,차대사람 - 보도통행중,보행자보호의무위반,건조,맑음,교차로 - 교차로부근,화물,남,62세,상해없음,보행자,남,39세,경상
2013110800100359,2013년 11월 8일 15시,금요일,전라북도 남원시 주천면,경상사고,0,0,2,0,차대차 - 정면충돌,중앙선침범,건조,맑음,단일로 - 기타,승합,남,44세,상해없음,화물,남,61세,경상
2013110800100360,2013년 11월 8일 15시,금요일,전라북도 부안군 진서면,중상사고,0,1,0,0,차대사람 - 기타,안전운전불이행,건조,맑음,단일로 - 기타,화물,남,53세,상해없음,보행자,여,84세,중상
2013110800100436,2013년 11월 8일 17시,금요일,전라북도 군산시 대야면,사망사고,1,0,0,0,차대사람 - 차도통행중,과속,건조,맑음,단일로 - 기타,승용,남,59세,상해없음,보행자,여,71세,사망
2013110800100437,2013년 11월 8일 17시,금요일,전라북도 진안군 진안읍,중상사고,0,2,0,0,차대차 - 측면직각충돌,중앙선침범,건조,맑음,단일로 - 기타,승용,남,68세,상해없음,이륜,남,73세,중상
2013110800100438,2013년 11월 8일 17시,금요일,전라북도 순창군 순창읍,중상사고,0,1,1,0,차대차 - 측면직각충돌,신호위반,건조,맑음,교차로 - 교차로안,화물,남,56세,경상,승용,남,78세,중상
2013110800100491,2013년 11월 8일 18시,금요일,전라북도 전주시 덕진구 진북동,경상사고,0,0,1,0,차대차 - 측면직각충돌,안전거리미확보,건조,맑음,교차로 - 교차로안,승용,여,51세,기타불명,건설기계,남,38세,경상
2013110800100492,2013년 11월 8일 18시,금요일,전라북도 군산시 문화동,경상사고,0,0,1,0,차대차 - 측면직각충돌,중앙선침범,건조,맑음,단일로 - 기타,승용,여,67세,상해없음,이륜,남,25세,경상
2013110800100493,2013년 11월 8일 18시,금요일,전라북도 익산시 어양동,경상사고,0,0,1,0,차대차 - 기타,안전운전불이행,건조,맑음,단일로 - 기타,승용,남,42세,상해없음,승용,남,37세,경상
2013110800100494,2013년 11월 8일 18시,금요일,전라북도 정읍시 칠보면,중상사고,0,1,0,0,차대차 - 기타,안전운전불이행,건조,맑음,단일로 - 기타,승합,남,38세,상해없음,농기계,남,59세,중상
2013110800100495,2013년 11월 8일 18시,금요일,전라북도 남원시 향교동,경상사고,0,0,1,0,차대사람 - 횡단중,안전운전불이행,건조,맑음,교차로 - 교차로부근,승합,남,44세,상해없음,보행자,남,14세,경상
2013110800100496,2013년 11월 8일 18시,금요일,전라북도 남원시 향교동,경상사고,0,0,1,0,차량단독 - 전도전복,안전운전불이행,건조,맑음,단일로 - 기타,원동기,남,41세,경상,,,,
2013110800100497,2013년 11월 8일 18시,금요일,전라북도 장수군 천천면,경상사고,0,0,1,0,차대차 - 측면직각충돌,교차로운행방법위반,건조,맑음,교차로 - 교차로부근,승용,남,31세,상해없음,승용,여,53세,경상
2013110800100551,2013년 11월 8일 19시,금요일,전라북도 전주시 완산구 효자동3가,중상사고,0,1,1,0,차대차 - 측면직각충돌,안전거리미확보,건조,맑음,단일로 - 기타,승용,여,55세,중상,승용,남,42세,상해없음
2013110800100552,2013년 11월 8일 19시,금요일,전라북도 전주시 완산구 서노송동,경상사고,0,0,2,0,차대차 - 추돌 - 주정차중,안전운전불이행,건조,맑음,단일로 - 기타,화물,남,44세,상해없음,승용,남,47세,경상
2013110800100553,2013년 11월 8일 19시,금요일,전라북도 익산시 신흥동,중상사고,0,3,1,0,차대차 - 기타,중앙선침범,건조,맑음,단일로 - 기타,승용,남,42세,상해없음,승용,남,49세,중상