사고번호,사고일시,요일,시군구,사고내용,사망자수,중상자수,경상자수,부상신고자수,사고유형,법규위반,노면상태,기상상태,도로형태,가해운전자 차종,가해운전자 성별,가해운전자 연령,가해운전자 상해정도,피해운전자 차종,피해운전자 성별,피해운전자 연령,피해운전자 상해정도
2013110800100592,2013년 11월 8일 20시,금요일,전라북도 임실군 오수면,경상사고,0,0,1,0,차대차 - 기타,안전운전불이행,건조,맑음,단일로 - 기타,기타불명,기타불명,기타불명,기타불명,승용,남,36세,상해없음
2013110800100625,2013년 11월 8일 21시,금요일,전라북도 전주시 완산구 효자동2가,경상사고,0,0,1,0,차대차 - 측면직각충돌,안전거리미확보,건조,맑음,단일로 - 기타,승용,남,73세,상해없음,승용,여,43세,상해없음
2013110800100657,2013년 11월 8일 22시,금요일,전라북도 익산시 신동,경상사고,0,0,1,0,차대차 - 기타,안전운전불이행,건조,맑음,단일로 - 기타,승용,여,29세,상해없음,원동기,남,22세,경상
2013110800100689,2013년 11월 8일 23시,금요일,전라북도 완주군 봉동읍,중상사고,0,1,0,0,차량단독 - 공작물충돌,안전운전불이행,건조,맑음,교차로 - 교차로안,화물,남,43세,중상,,,,
2013110900100018,2013년 11월 9일 00시,토요일,전라북도 전주시 완산구 서서학동,경상사고,0,0,1,0,차대차 - 기타,중앙선침범,건조,맑음,단일로 - 기타,승용,남,37세,상해없음,승용,남,31세,경상
2013110900100019,2013년 11월 9일 00시,토요일,전라북도 전주시 덕진구 금암동,중상사고,0,1,1,0,차대차 - 추돌 - 진행중,안전운전불이행,건조,맑음,교차로 - 교차로부근,승용,남,61세,상해없음,승용,남,48세,경상
2013110900100020,2013년 11월 9일 00시,토요일,전라북도 익산시 마동,중상사고,0,1,0,0,차대사람 - 횡단중,안전운전불이행,건조,맑음,단일로 - 기타,화물,남,37세,상해없음,보행자,남,40세,중상
2013110900100039,2013년 11월 9일 01시,토요일,전라북도 전주시 완산구 서신동,경상사고,0,0,2,0,차대차 - 기타,안전운전불이행,건조,맑음,단일로 - 기타,승용,남,39세,상해없음,승용,남,57세,경상
2013110900100099,2013년 11월 9일 05시,토요일,전라북도 익산시 모현동1가,경상사고,0,0,1,0,차대차 - 추돌 - 주정차중,안전운전불이행,건조,맑음,단일로 - 기타,승용,남,30세,상해없음,승용,남,65세,경상
2013110900100123,2013년 11월 9일 06시,토요일,전라북도 전주시 완산구 중화산동2가,중상사고,0,1,0,0,차대사람 - 횡단중,보행자보호의무위반,건조,맑음,교차로 - 교차로안,이륜,남,19세,상해없음,보행자,여,63세,중상
2013110900100124,2013년 11월 9일 06시,토요일,전라북도 익산시 영등동,경상사고,0,0,2,0,차대차 - 기타,안전운전불이행,건조,맑음,교차로 - 교차로부근,승용,남,23세,상해없음,승용,남,58세,경상
2013110900100139,2013년 11월 9일 07시,토요일,전라북도 전주시 덕진구 덕진동2가,중상사고,0,1,1,0,차대차 - 측면직각충돌,안전운전불이행,건조,맑음,교차로 - 교차로안,승용,남,78세,상해없음,승용,남,64세,중상
2013110900100173,2013년 11월 9일 08시,토요일,전라북도 군산시 수송동,경상사고,0,0,1,0,차대차 - 측면직각충돌,직진우회전진행방해,건조,흐림,교차로 - 교차로안,승용,남,35세,상해없음,승용,남,29세,상해없음
2013110900100174,2013년 11월 9일 08시,토요일,전라북도 고창군 흥덕면,경상사고,0,0,12,0,차대차 - 추돌 - 주정차중,안전거리미확보,건조,맑음,교차로 - 교차로부근,승용,여,41세,기타불명,승합,남,52세,경상
2013110900100191,2013년 11월 9일 09시,토요일,전라북도 전주시 완산구 평화동1가,경상사고,0,0,1,0,차대차 - 측면직각충돌,안전운전불이행,건조,흐림,단일로 - 기타,승용,남,69세,기타불명,승용,남,38세,경상
2013110900100192,2013년 11월 9일 09시,토요일,전라북도 전주시 덕진구 송천동1가,경상사고,0,0,1,0,차대사람 - 횡단중,안전운전불이행,건조,맑음,교차로 - 교차로안,승용,여,26세,상해없음,보행자,여,72세,경상
2013110900100193,2013년 11월 9일 09시,토요일,전라북도 군산시 대명동,경상사고,0,0,1,0,차대사람 - 기타,기타,건조,흐림,기타 - 기타,화물,남,67세,상해없음,보행자,여,73세,경상
2013110900100194,2013년 11월 9일 09시,토요일,전라북도 무주군 무주읍,중상사고,0,1,0,0,차대차 - 측면직각충돌,안전운전불이행,건조,맑음,교차로 - 교차로안,승용,여,39세,상해없음,승합,남,56세,중상
2013110900100217,2013년 11월 9일 10시,토요일,전라북도 정읍시 태인면,중상사고,0,1,0,0,차대차 - 기타,불법유턴,건조,흐림,교차로 - 교차로안,화물,남,65세,상해없음,원동기,남,75세,중상
2013110900100245,2013년 11월 9일 11시,토요일,전라북도 전주시 덕진구 우아동3가,중상사고,0,1,0,0,차대사람 - 기타,안전운전불이행,건조,흐림,단일로 - 기타,승합,남,46세,기타불명,보행자,여,75세,중상
2013110900100246,2013년 11월 9일 11시,토요일,전라북도 정읍시 연지동,경상사고,0,0,2,0,차대차 - 측면직각충돌,차로위반,건조,맑음,교차로 - 교차로안,승용,남,53세,상해없음,승용,남,37세,경상
2013110900100267,2013년 11월 9일 12시,토요일,전라북도 정읍시 시기동,중상사고,0,1,0,0,차대사람 - 차도통행중,안전운전불이행,건조,흐림,단일로 - 기타,승용,남,35세,상해없음,보행자,여,15세,중상
2013110900100288,2013년 11월 9일 13시,토요일,전라북도 전주시 완산구 평화동2가,경상사고,0,0,1,0,차대차 - 측면직각충돌,안전거리미확보,습기,비,단일로 - 기타,승용,남,44세,상해없음,이륜,남,76세,경상
2013110900100289,2013년 11월 9일 13시,토요일,전라북도 익산시 신용동,경상사고,0,0,1,0,차대사람 - 기타,안전운전불이행,습기,비,기타 - 기타,승용,여,73세,상해없음,보행자,여,58세,경상
2013110900100290,2013년 11월 9일 13시,토요일,전라북도 익산시 부송동,경상사고,0,0,1,0,차대차 - 측면직각충돌,안전운전불이행,습기,비,단일로 - 기타,이륜,남,29세,상해없음,승용,남,36세,경상
2013110900100329,2013년 11월 9일 14시,토요일,전라북도 전주시 덕진구 송천동2가,경상사고,0,0,1,0,차대차 - 측면직각충돌,불법유턴,건조,맑음,단일로 - 기타,승용,남,28세,상해없음,승용,남,36세,경상
2013110900100330,2013년 11월 9일 14시,토요일,전라북도 군산시 수송동,경상사고,0,0,2,0,차대차 - 측면직각충돌,안전거리미확보,습기,비,교차로 - 교차로부근,승용,남,35세,상해없음,승용,남,32세,경상
2013110900100331,2013년 11월 9일 14시,토요일,전라북도 무주군 무주읍,부상신고사고,0,0,0,1,차대사람 - 횡단중,안전운전불이행,건조,맑음,단일로 - 횡단보도부근,승용,남,52세,상해없음,보행자,남,1세,부상신고
2013110900100362,2013년 11월 9일 15시,토요일,전라북도 전주시 덕진구 용정동,경상사고,0,0,7,0,차대차 - 추돌 - 진행중,안전운전불이행,습기,비,단일로 - 기타,승용,여,52세,상해없음,승용,남,35세,경상
2013110900100411,2013년 11월 9일 16시,토요일,전라북도 전주시 덕진구 호성동1가,경상사고,0,0,4,0,차대차 - 추돌 - 진행중,안전운전불이행,습기,비,교차로 - 교차로부근,화물,남,51세,상해없음,승합,남,41세,상해없음
2013110900100412,2013년 11월 9일 16시,토요일,전라북도 익산시 영등동,경상사고,0,0,2,0,차대차 - 기타,안전운전불이행,습기,비,기타 - 기타,승용,남,46세,상해없음,승용,남,36세,경상
2013110900100413,2013년 11월 9일 16시,토요일,전라북도 남원시 조산동,경상사고,0,0,1,0,차대차 - 측면직각충돌,직진우회전진행방해,습기,비,교차로 - 교차로안,승용,여,49세,상해없음,승용,여,57세,경상
2013110900100472,2013년 11월 9일 17시,토요일,전라북도 익산시 삼기면,경상사고,0,0,3,0,차대차 - 측면직각충돌,안전운전불이행,습기,비,단일로 - 기타,화물,남,25세,상해없음,승용,여,48세,경상
2013110900100473,2013년 11월 9일 17시,토요일,전라북도 익산시 석왕동,중상사고,0,1,1,0,차대차 - 측면직각충돌,안전운전불이행,습기,비,단일로 - 기타,승용,남,53세,상해없음,승용,남,50세,경상
2013110900100474,2013년 11월 9일 17시,토요일,전라북도 익산시 중앙동3가,경상사고,0,0,1,0,차대사람 - 횡단중,신호위반,습기,비,단일로 - 횡단보도상,화물,남,71세,상해없음,보행자,남,22세,경상
2013110900100542,2013년 11월 9일 18시,토요일,전라북도 전주시 완산구 효자동1가,경상사고,0,0,2,0,차대차 - 정면충돌,신호위반,습기,비,교차로 - 교차로안,승용,여,48세,경상,승용,남,44세,경상
2013110900100543,2013년 11월 9일 18시,토요일,전라북도 군산시 소룡동,경상사고,0,0,2,0,차대차 - 측면직각충돌,교차로운행방법위반,습기,비,교차로 - 교차로안,승용,남,59세,상해없음,승용,여,49세,경상
2013110900100544,2013년 11월 9일 18시,토요일,전라북도 김제시 죽산면,중상사고,0,1,1,0,차대차 - 기타,안전운전불이행,습기,비,단일로 - 기타,승용,남,71세,상해없음,승용,남,52세,경상
2013110900100545,2013년 11월 9일 18시,토요일,전라북도 고창군 고창읍,경상사고,0,0,1,0,차대차 - 측면직각충돌,신호위반,습기,비,교차로 - 교차로안,승용,남,60세,상해없음,승용,남,28세,경상
2013110900100546,2013년 11월 9일 18시,토요일,전라북도 완주군 삼례읍,경상사고,0,0,2,0,차대차 - 정면충돌,중앙선침범,습기,비,단일로 - 기타,화물,남,46세,경상,화물,남,54세,경상
2013110900100619,2013년 11월 9일 19시,토요일,전라북도 전주시 완산구 중화산동2가,경상사고,0,0,2,0,차대차 - 측면직각충돌,안전거리미확보,습기,비,단일로 - 기타,승용,남,35세,상해없음,승용,남,48세,경상
2013110900100620,2013년 11월 9일 19시,토요일,전라북도 익산시 주현동,경상사고,0,0,2,0,차대차 - 측면직각충돌,안전운전불이행,습기,비,단일로 - 기타,승용,남,67세,상해없음,승용,여,45세,경상
2013110900100621,2013년 11월 9일 19시,토요일,전라북도 익산시 함열읍,경상사고,0,0,1,0,차대차 - 측면직각충돌,안전운전불이행,습기,비,교차로 - 교차로안,화물,남,51세,상해없음,화물,남,57세,경상
2013110900100686,2013년 11월 9일 20시,토요일,전라북도 전주시 완산구 삼천동1가,경상사고,0,0,2,0,차대사람 - 횡단중,보행자보호의무위반,습기,비,교차로 - 교차로안,승용,남,22세,상해없음,보행자,여,48세,경상
2013110900100687,2013년 11월 9일 20시,토요일,전라북도 전주시 완산구 평화동1가,경상사고,0,0,1,0,차대차 - 측면직각충돌,안전운전불이행,습기,비,단일로 - 기타,승용,여,47세,상해없음,원동기,남,19세,경상
2013110900100688,2013년 11월 9일 20시,토요일,전라북도 전주시 완산구 중화산동2가,중상사고,0,1,0,0,차대사람 - 기타,안전운전불이행,건조,맑음,교차로 - 교차로부근,승용,남,44세,상해없음,보행자,남,48세,중상
2013110900100689,2013년 11월 9일 20시,토요일,전라북도 정읍시 상동,경상사고,0,0,1,0,차대차 - 측면직각충돌,중앙선침범,습기,비,단일로 - 기타,승용,여,35세,상해없음,이륜,남,16세,경상
2013110900100690,2013년 11월 9일 20시,토요일,전라북도 김제시 요촌동,경상사고,0,0,1,0,차대차 - 측면직각충돌,직진우회전진행방해,건조,맑음,교차로 - 교차로안,이륜,남,29세,상해없음,승용,남,29세,경상
2013110900100745,2013년 11월 9일 21시,토요일,전라북도 전주시 덕진구 금암동,경상사고,0,0,2,0,차대차 - 측면직각충돌,신호위반,습기,비,교차로 - 교차로안,승용,여,49세,상해없음,승용,남,27세,경상
2013110900100796,2013년 11월 9일 22시,토요일,전라북도 전주시 완산구 효자동3가,경상사고,0,0,4,0,차대차 - 기타,신호위반,습기,비,교차로 - 교차로안,승용,여,28세,상해없음,승용,여,50세,경상
2013110900100797,2013년 11월 9일 22시,토요일,전라북도 군산시 수송동,경상사고,0,0,1,0,차대차 - 기타,안전운전불이행,습기,비,교차로 - 교차로부근,승용,남,57세,상해없음,자전거,남,42세,경상
2013110900100798,2013년 11월 9일 22시,토요일,전라북도 남원시 도통동,중상사고,0,1,1,0,차대차 - 측면직각충돌,안전운전불이행,습기,비,교차로 - 교차로안,승용,남,45세,상해없음,승용,남,54세,경상
2013110900100849,2013년 11월 9일 23시,토요일,전라북도 전주시 덕진구 인후동1가,중상사고,0,1,0,0,차대차 - 기타,안전운전불이행,습기,비,단일로 - 기타,원동기,남,32세,상해없음,승용,남,51세,상해없음
2013110900100850,2013년 11월 9일 23시,토요일,전라북도 군산시 수송동,중상사고,0,1,1,0,차대차 - 측면직각충돌,차로위반,습기,비,교차로 - 교차로부근,승용,남,44세,상해없음,승용,여,27세,중상
2013111000100024,2013년 11월 10일 00시,일요일,전라북도 전주시 덕진구 송천동2가,경상사고,0,0,1,0,차대사람 - 기타,안전운전불이행,습기,비,단일로 - 기타,승합,남,42세,상해없음,보행자,남,29세,경상
2013111000100051,2013년 11월 10일 01시,일요일,전라북도 전주시 완산구 효자동3가,경상사고,0,0,1,0,차대사람 - 횡단중,보행자보호의무위반,습기,흐림,단일로 - 횡단보도상,승용,남,35세,상해없음,보행자,남,20세,경상
2013111000100083,2013년 11월 10일 02시,일요일,전라북도 군산시 수송동,경상사고,0,0,1,0,차대차 - 측면직각충돌,안전운전불이행,습기,흐림,교차로 - 교차로안,승용,남,27세,상해없음,원동기,남,49세,경상
2013111000100100,2013년 11월 10일 03시,일요일,전라북도 전주시 덕진구 동산동,경상사고,0,0,1,0,차대차 - 기타,안전운전불이행,습기,비,단일로 - 기타,승용,남,18세,상해없음,승용,남,56세,경상
2013111000100192,2013년 11월 10일 09시,일요일,전라북도 정읍시 연지동,경상사고,0,0,1,0,차대사람 - 차도통행중,안전운전불이행,건조,맑음,교차로 - 교차로안,화물,남,57세,상해없음,보행자,남,55세,경상
2013111000100193,2013년 11월 10일 09시,일요일,전라북도 무주군 무주읍,경상사고,0,0,1,0,차대차 - 기타,안전운전불이행,건조,맑음,교차로 - 교차로부근,승용,남,65세,상해없음,화물,남,46세,경상
2013111000100221,2013년 11월 10일 10시,일요일,전라북도 남원시 동충동,경상사고,0,0,1,0,차대사람 - 길가장자리구역통행중,안전운전불이행,건조,맑음,단일로 - 기타,승용,남,50세,상해없음,보행자,여,27세,경상
2013111000100222,2013년 11월 10일 10시,일요일,전라북도 고창군 흥덕면,경상사고,0,0,9,0,차대차 - 추돌 - 주정차중,안전운전불이행,건조,맑음,교차로 - 교차로부근,승합,남,47세,상해없음,화물,남,53세,경상
2013111000100274,2013년 11월 10일 12시,일요일,전라북도 전주시 덕진구 인후동2가,중상사고,0,1,0,0,차량단독 - 기타,안전운전불이행,건조,맑음,단일로 - 기타,승합,남,55세,상해없음,,,,
2013111000100275,2013년 11월 10일 12시,일요일,전라북도 군산시 서흥남동,경상사고,0,0,1,0,차대차 - 추돌 - 주정차중,안전운전불이행,건조,맑음,교차로 - 교차로부근,화물,남,60세,상해없음,화물,남,62세,경상
2013111000100276,2013년 11월 10일 12시,일요일,전라북도 익산시 동산동,경상사고,0,0,1,0,차대사람 - 기타,안전운전불이행,건조,맑음,교차로 - 교차로부근,승용,여,41세,상해없음,보행자,여,53세,경상
2013111000100309,2013년 11월 10일 13시,일요일,전라북도 전주시 덕진구 팔복동1가,경상사고,0,0,4,0,차대차 - 추돌 - 주정차중,안전운전불이행,건조,맑음,단일로 - 기타,승용,남,67세,상해없음,승용,여,39세,경상
2013111000100310,2013년 11월 10일 13시,일요일,전라북도 전주시 덕진구 송천동2가,경상사고,0,0,1,0,차대차 - 측면직각충돌,신호위반,건조,맑음,교차로 - 교차로안,승용,남,21세,상해없음,승용,남,46세,상해없음
2013111000100311,2013년 11월 10일 13시,일요일,전라북도 익산시 영등동,경상사고,0,0,1,0,차대차 - 추돌 - 진행중,안전운전불이행,건조,맑음,단일로 - 기타,승용,남,52세,상해없음,승용,남,39세,경상
2013111000100312,2013년 11월 10일 13시,일요일,전라북도 김제시 검산동,경상사고,0,0,1,0,차대차 - 측면직각충돌,안전운전불이행,건조,맑음,교차로 - 교차로안,승용,남,51세,상해없음,농기계,남,71세,경상
2013111000100342,2013년 11월 10일 14시,일요일,전라북도 정읍시 산외면,경상사고,0,0,1,0,차량단독 - 공작물충돌,안전운전불이행,건조,맑음,단일로 - 기타,승용,남,47세,경상,,,,
2013111000100343,2013년 11월 10일 14시,일요일,전라북도 부안군 부안읍,경상사고,0,0,1,0,차대사람 - 기타,안전운전불이행,건조,맑음,교차로 - 교차로부근,화물,남,35세,상해없음,보행자,여,60세,경상
2013111000100371,2013년 11월 10일 15시,일요일,전라북도 익산시 송학동,경상사고,0,0,1,0,차대차 - 측면직각충돌,직진우회전진행방해,건조,맑음,교차로 - 교차로안,승용,남,31세,상해없음,승용,남,69세,경상
2013111000100372,2013년 11월 10일 15시,일요일,전라북도 정읍시 시기동,경상사고,0,0,1,0,차대차 - 추돌 - 주정차중,안전운전불이행,건조,맑음,교차로 - 교차로부근,이륜,남,53세,경상,승용,남,45세,상해없음
2013111000100405,2013년 11월 10일 16시,일요일,전라북도 전주시 완산구 효자동2가,중상사고,0,1,3,0,차대차 - 측면직각충돌,신호위반,건조,맑음,교차로 - 교차로안,승용,남,41세,상해없음,승용,남,61세,중상
2013111000100435,2013년 11월 10일 17시,일요일,전라북도 전주시 완산구 효자동1가,경상사고,0,0,1,0,차대차 - 추돌 - 진행중,차로위반,건조,맑음,교차로 - 교차로부근,승용,남,35세,상해없음,승용,남,33세,경상
2013111000100436,2013년 11월 10일 17시,일요일,전라북도 군산시 나운동,중상사고,0,1,0,0,차대차 - 정면충돌,안전운전불이행,건조,맑음,단일로 - 기타,승용,남,44세,상해없음,자전거,여,49세,중상
2013111000100437,2013년 11월 10일 17시,일요일,전라북도 익산시 남중동,경상사고,0,0,1,0,차대차 - 측면직각충돌,중앙선침범,건조,맑음,단일로 - 기타,승용,남,50세,상해없음,원동기,남,19세,경상
2013111000100438,2013년 11월 10일 17시,일요일,전라북도 김제시 신풍동,경상사고,0,0,1,0,차대차 - 측면직각충돌,중앙선침범,건조,맑음,단일로 - 기타,승용,남,49세,상해없음,승용,여,27세,경상
2013111000100439,2013년 11월 10일 17시,일요일,전라북도 남원시 사매면,경상사고,0,0,3,0,차대차 - 기타,안전운전불이행,건조,맑음,단일로 - 기타,화물,남,54세,상해없음,승용,남,33세,경상
2013111000100440,2013년 11월 10일 17시,일요일,전라북도 무주군 무주읍,경상사고,0,0,4,0,차대차 - 추돌 - 진행중,안전운전불이행,건조,맑음,단일로 - 교량,화물,남,18세,상해없음,승용,남,53세,경상
2013111000100479,2013년 11월 10일 18시,일요일,전라북도 익산시 인화동1가,경상사고,0,0,1,0,차대차 - 정면충돌,안전운전불이행,건조,맑음,교차로 - 교차로안,승용,여,52세,상해없음,자전거,남,71세,경상
2013111000100480,2013년 11월 10일 18시,일요일,전라북도 임실군 임실읍,중상사고,0,1,0,0,차량단독 - 공작물충돌,안전운전불이행,건조,맑음,단일로 - 기타,승합,남,57세,상해없음,,,,
2013111000100481,2013년 11월 10일 18시,일요일,전라북도 순창군 순창읍,경상사고,0,0,1,0,차대차 - 측면직각충돌,교차로운행방법위반,건조,맑음,교차로 - 교차로부근,원동기,남,44세,경상,승용,남,45세,상해없음
2013111000100522,2013년 11월 10일 19시,일요일,전라북도 고창군 고창읍,중상사고,0,1,2,0,차대차 - 측면직각충돌,안전운전불이행,건조,흐림,단일로 - 기타,승용,남,68세,상해없음,화물,남,52세,중상
2013111000100523,2013년 11월 10일 19시,일요일,전라북도 장수군 장계면,중상사고,0,1,0,0,차대사람 - 차도통행중,안전운전불이행,건조,맑음,단일로 - 기타,승용,남,63세,상해없음,보행자,남,81세,중상
2013111000100559,2013년 11월 10일 20시,일요일,전라북도 익산시 영등동,중상사고,0,1,0,0,차대사람 - 횡단중,안전운전불이행,건조,맑음,교차로 - 교차로부근,화물,남,57세,상해없음,보행자,여,36세,중상
2013111000100589,2013년 11월 10일 21시,일요일,전라북도 전주시 완산구 효자동2가,중상사고,0,1,2,0,차대차 - 정면충돌,신호위반,건조,맑음,교차로 - 교차로안,승용,남,48세,상해없음,승용,남,47세,경상
2013111000100590,2013년 11월 10일 21시,일요일,전라북도 익산시 모현동1가,중상사고,0,1,0,0,차대사람 - 횡단중,안전운전불이행,건조,맑음,단일로 - 기타,승용,여,68세,상해없음,보행자,여,56세,중상
2013111000100591,2013년 11월 10일 21시,일요일,전라북도 김제시 진봉면,중상사고,0,1,0,0,차대사람 - 기타,안전운전불이행,건조,맑음,교차로 - 교차로안,기타불명,기타불명,기타불명,기타불명,보행자,남,61세,중상
2013111000100621,2013년 11월 10일 22시,일요일,전라북도 익산시 영등동,경상사고,0,0,2,0,차대차 - 측면직각충돌,안전운전불이행,건조,맑음,교차로 - 교차로안,승용,남,45세,상해없음,승용,남,55세,경상
2013111000100634,2013년 11월 10일 23시,일요일,전라북도 정읍시 태인면,사망사고,1,0,0,0,차량단독 - 기타,안전운전불이행,건조,맑음,교차로 - 교차로안,승용,남,44세,사망,,,,
2013111100100081,2013년 11월 11일 07시,월요일,전라북도 군산시 산북동,경상사고,0,0,4,0,차대차 - 추돌 - 진행중,안전거리미확보,건조,맑음,단일로 - 기타,승용,남,33세,상해없음,화물,남,55세,경상
2013111100100129,2013년 11월 11일 08시,월요일,전라북도 군산시 중앙로2가,중상사고,0,1,0,0,차대사람 - 횡단중,안전운전불이행,건조,맑음,교차로 - 교차로안,이륜,남,70세,기타불명,보행자,남,30세,중상
2013111100100130,2013년 11월 11일 08시,월요일,전라북도 군산시 미룡동,경상사고,0,0,2,2,차대차 - 추돌 - 주정차중,안전거리미확보,건조,맑음,단일로 - 기타,승용,여,24세,부상신고,화물,남,47세,부상신고
2013111100100131,2013년 11월 11일 08시,월요일,전라북도 익산시 영등동,경상사고,0,0,1,0,차대차 - 측면직각충돌,안전운전불이행,건조,맑음,교차로 - 교차로안,승용,여,54세,상해없음,승용,남,40세,경상
2013111100100132,2013년 11월 11일 08시,월요일,전라북도 완주군 운주면,사망사고,1,0,0,0,차대사람 - 기타,안전운전불이행,건조,맑음,단일로 - 기타,화물,남,70세,상해없음,보행자,여,77세,사망
2013111100100160,2013년 11월 11일 09시,월요일,전라북도 정읍시 북면,경상사고,0,0,2,0,차대차 - 기타,중앙선침범,건조,맑음,단일로 - 기타,승용,남,44세,상해없음,승합,남,51세,상해없음
2013111100100161,2013년 11월 11일 09시,월요일,전라북도 김제시 금구면,경상사고,0,0,2,0,차대차 - 추돌 - 주정차중,안전운전불이행,건조,맑음,교차로 - 교차로부근,승용,남,28세,상해없음,승용,남,66세,경상
2013111100100213,2013년 11월 11일 11시,월요일,전라북도 정읍시 연지동,중상사고,0,1,0,0,차대차 - 기타,안전운전불이행,건조,맑음,교차로 - 교차로안,승용,남,34세,상해없음,원동기,남,66세,중상
2013111100100246,2013년 11월 11일 12시,월요일,전라북도 전주시 완산구 중화산동1가,중상사고,0,1,0,0,차대차 - 기타,교차로운행방법위반,건조,맑음,교차로 - 교차로안,승용,남,51세,상해없음,원동기,남,77세,중상
2013111100100247,2013년 11월 11일 12시,월요일,전라북도 익산시 신동,경상사고,0,0,1,0,차대차 - 추돌 - 주정차중,안전운전불이행,건조,맑음,교차로 - 교차로부근,승용,남,24세,상해없음,승용,여,42세,경상
2013111100100280,2013년 11월 11일 13시,월요일,전라북도 남원시 향교동,중상사고,0,1,1,0,차대사람 - 차도통행중,안전운전불이행,건조,맑음,단일로 - 기타,승용,여,42세,상해없음,보행자,여,58세,중상
2013111100100321,2013년 11월 11일 14시,월요일,전라북도 군산시 옥구읍,중상사고,0,1,0,0,차대차 - 측면직각충돌,기타,건조,맑음,교차로 - 교차로안,화물,여,55세,상해없음,이륜,남,64세,중상
2013111100100322,2013년 11월 11일 14시,월요일,전라북도 남원시 금동,경상사고,0,0,1,0,차대차 - 기타,안전운전불이행,건조,맑음,단일로 - 기타,승용,남,37세,상해없음,자전거,남,73세,경상
2013111100100348,2013년 11월 11일 15시,월요일,전라북도 익산시 석암동,경상사고,0,0,1,0,차대차 - 기타,안전운전불이행,건조,맑음,단일로 - 기타,화물,남,51세,경상,화물,남,31세,상해없음
2013111100100349,2013년 11월 11일 15시,월요일,전라북도 남원시 죽항동,경상사고,0,0,1,0,차대사람 - 횡단중,신호위반,건조,맑음,교차로 - 교차로부근,승용,여,45세,상해없음,보행자,남,11세,경상
2013111100100393,2013년 11월 11일 16시,월요일,전라북도 군산시 옥도면,중상사고,0,3,1,0,차대차 - 추돌 - 주정차중,안전운전불이행,건조,맑음,단일로 - 기타,화물,남,39세,중상,승용,남,30세,중상
2013111100100424,2013년 11월 11일 17시,월요일,전라북도 군산시 동흥남동,경상사고,0,0,1,0,차대사람 - 횡단중,안전운전불이행,건조,맑음,교차로 - 교차로안,승용,남,47세,상해없음,보행자,여,66세,경상
2013111100100425,2013년 11월 11일 17시,월요일,전라북도 고창군 부안면,경상사고,0,0,1,0,차대차 - 추돌 - 진행중,안전운전불이행,건조,맑음,교차로 - 교차로안,승합,남,32세,상해없음,화물,남,52세,경상
2013111100100426,2013년 11월 11일 17시,월요일,전라북도 무주군 무주읍,경상사고,0,0,1,0,차대사람 - 길가장자리구역통행중,안전운전불이행,건조,맑음,단일로 - 기타,승용,남,68세,상해없음,보행자,남,21세,경상
2013111100100483,2013년 11월 11일 18시,월요일,전라북도 전주시 완산구 서노송동,경상사고,0,0,1,0,차대사람 - 기타,교차로운행방법위반,건조,맑음,교차로 - 교차로안,승용,남,65세,상해없음,보행자,여,35세,경상
2013111100100484,2013년 11월 11일 18시,월요일,전라북도 익산시 어양동,중상사고,0,1,0,0,차대사람 - 횡단중,보행자보호의무위반,건조,맑음,교차로 - 교차로안,승용,남,59세,상해없음,보행자,여,79세,중상
2013111100100485,2013년 11월 11일 18시,월요일,전라북도 정읍시 연지동,중상사고,0,1,0,0,차대사람 - 횡단중,안전운전불이행,건조,맑음,단일로 - 기타,승용,여,54세,상해없음,보행자,여,70세,중상
2013111100100486,2013년 11월 11일 18시,월요일,전라북도 정읍시 시기동,경상사고,0,0,1,1,차대차 - 측면직각충돌,교차로운행방법위반,건조,맑음,교차로 - 교차로안,화물,남,38세,상해없음,승용,남,47세,부상신고
2013111100100487,2013년 11월 11일 18시,월요일,전라북도 진안군 진안읍,경상사고,0,0,1,0,차대사람 - 횡단중,안전운전불이행,건조,맑음,교차로 - 교차로부근,승용,남,52세,상해없음,보행자,여,5세,경상
2013111100100488,2013년 11월 11일 18시,월요일,전라북도 무주군 무주읍,경상사고,0,0,1,0,차대차 - 측면직각충돌,안전운전불이행,건조,맑음,교차로 - 교차로안,화물,남,65세,상해없음,이륜,남,70세,경상
2013111100100591,2013년 11월 11일 21시,월요일,전라북도 김제시 신풍동,중상사고,0,1,0,0,차대차 - 측면직각충돌,안전운전불이행,건조,맑음,교차로 - 교차로부근,승용,남,31세,상해없음,자전거,남,13세,중상
2013111100100652,2013년 11월 11일 23시,월요일,전라북도 군산시 서흥남동,부상신고사고,0,0,0,3,차대차 - 추돌 - 진행중,안전운전불이행,건조,맑음,교차로 - 교차로부근,승용,남,47세,상해없음,승용,여,55세,부상신고
2013111200100011,2013년 11월 12일 00시,화요일,전라북도 군산시 미룡동,경상사고,0,0,1,0,차대차 - 기타,안전운전불이행,건조,맑음,단일로 - 기타,승용,남,30세,상해없음,승용,남,36세,경상
2013111200100012,2013년 11월 12일 00시,화요일,전라북도 남원시 도통동,중상사고,0,1,0,0,차대차 - 추돌 - 주정차중,안전운전불이행,건조,맑음,단일로 - 기타,승용,남,42세,중상,화물,남,60세,상해없음
2013111200100046,2013년 11월 12일 03시,화요일,전라북도 군산시 대명동,중상사고,0,2,0,0,차대차 - 추돌 - 주정차중,과속,건조,맑음,단일로 - 기타,승용,남,19세,중상,화물,남,55세,상해없음