사고번호,사고일시,요일,시군구,사고내용,사망자수,중상자수,경상자수,부상신고자수,사고유형,법규위반,노면상태,기상상태,도로형태,가해운전자 차종,가해운전자 성별,가해운전자 연령,가해운전자 상해정도,피해운전자 차종,피해운전자 성별,피해운전자 연령,피해운전자 상해정도
2013111200100081,2013년 11월 12일 06시,화요일,전라북도 완주군 삼례읍,경상사고,0,0,3,0,차대차 - 측면직각충돌,신호위반,건조,맑음,교차로 - 교차로안,승합,남,66세,상해없음,승합,남,43세,경상
2013111200100104,2013년 11월 12일 07시,화요일,전라북도 김제시 신풍동,경상사고,0,0,1,0,차대차 - 측면직각충돌,직진우회전진행방해,건조,맑음,교차로 - 교차로안,승용,여,30세,상해없음,승용,남,51세,경상
2013111200100146,2013년 11월 12일 08시,화요일,전라북도 전주시 완산구 경원동2가,중상사고,0,1,0,0,차대사람 - 기타,기타,건조,맑음,단일로 - 기타,승합,남,54세,상해없음,보행자,여,77세,중상
2013111200100147,2013년 11월 12일 08시,화요일,전라북도 전주시 완산구 중화산동1가,경상사고,0,0,1,0,차대차 - 추돌 - 주정차중,안전운전불이행,건조,맑음,교차로 - 교차로부근,승용,남,28세,상해없음,승용,여,43세,경상
2013111200100148,2013년 11월 12일 08시,화요일,전라북도 전주시 덕진구 덕진동2가,경상사고,0,0,1,0,차대차 - 추돌 - 진행중,안전거리미확보,건조,맑음,단일로 - 기타,승용,남,35세,상해없음,승용,남,36세,경상
2013111200100149,2013년 11월 12일 08시,화요일,전라북도 전주시 덕진구 금암동,경상사고,0,0,1,0,차대사람 - 보도통행중,보행자보호의무위반,건조,맑음,단일로 - 횡단보도상,승용,남,77세,상해없음,보행자,여,19세,경상
2013111200100181,2013년 11월 12일 09시,화요일,전라북도 정읍시 하북동,경상사고,0,0,1,0,차대차 - 추돌 - 진행중,안전거리미확보,건조,흐림,단일로 - 기타,화물,남,48세,상해없음,승용,남,61세,경상
2013111200100291,2013년 11월 12일 13시,화요일,전라북도 익산시 모현동1가,경상사고,0,0,1,0,차대차 - 추돌 - 주정차중,안전운전불이행,건조,맑음,교차로 - 교차로부근,승용,여,33세,상해없음,승용,남,49세,경상
2013111200100292,2013년 11월 12일 13시,화요일,전라북도 익산시 인화동1가,경상사고,0,0,1,0,차대차 - 추돌 - 진행중,안전운전불이행,건조,맑음,단일로 - 기타,승용,남,74세,상해없음,승합,남,55세,경상
2013111200100324,2013년 11월 12일 14시,화요일,전라북도 전주시 덕진구 진북동,경상사고,0,0,2,0,차대차 - 추돌 - 주정차중,안전운전불이행,건조,맑음,단일로 - 터널,승합,남,51세,상해없음,화물,남,66세,경상
2013111200100422,2013년 11월 12일 17시,화요일,전라북도 군산시 미원동,경상사고,0,0,1,0,차대차 - 측면직각충돌,안전운전불이행,건조,맑음,단일로 - 기타,승용,남,74세,상해없음,자전거,남,16세,경상
2013111200100423,2013년 11월 12일 17시,화요일,전라북도 군산시 미원동,경상사고,0,0,1,0,차대사람 - 기타,안전운전불이행,건조,맑음,단일로 - 기타,기타불명,기타불명,기타불명,기타불명,보행자,여,67세,경상
2013111200100466,2013년 11월 12일 18시,화요일,전라북도 전주시 완산구 다가동1가,중상사고,0,1,0,0,차대차 - 기타,교차로운행방법위반,건조,맑음,교차로 - 교차로안,승용,남,36세,상해없음,자전거,남,71세,중상
2013111200100467,2013년 11월 12일 18시,화요일,전라북도 군산시 경암동,경상사고,0,0,1,0,차대차 - 측면직각충돌,안전운전불이행,건조,맑음,교차로 - 교차로안,승용,여,61세,상해없음,승용,여,38세,경상
2013111200100507,2013년 11월 12일 19시,화요일,전라북도 전주시 덕진구 우아동2가,경상사고,0,0,1,0,차대사람 - 차도통행중,안전운전불이행,건조,맑음,교차로 - 교차로부근,승용,남,49세,상해없음,보행자,여,65세,경상
2013111200100508,2013년 11월 12일 19시,화요일,전라북도 익산시 부송동,경상사고,0,0,2,0,차대차 - 측면직각충돌,안전운전불이행,건조,맑음,단일로 - 기타,승용,남,29세,상해없음,자전거,여,12세,경상
2013111200100509,2013년 11월 12일 19시,화요일,전라북도 정읍시 감곡면,중상사고,0,1,1,0,차대차 - 추돌 - 진행중,안전운전불이행,건조,맑음,단일로 - 기타,승용,남,39세,상해없음,농기계,남,65세,중상
2013111200100510,2013년 11월 12일 19시,화요일,전라북도 완주군 구이면,중상사고,0,2,5,3,차대차 - 기타,안전거리미확보,건조,맑음,단일로 - 기타,승용,여,51세,상해없음,화물,남,59세,경상
2013111200100541,2013년 11월 12일 20시,화요일,전라북도 전주시 완산구 서신동,경상사고,0,0,3,0,차대차 - 기타,안전거리미확보,습기,흐림,교차로 - 교차로부근,승합,남,54세,상해없음,승합,여,36세,경상
2013111200100573,2013년 11월 12일 21시,화요일,전라북도 군산시 비응도동,중상사고,0,1,0,0,차대사람 - 기타,안전운전불이행,건조,맑음,기타 - 기타,건설기계,남,41세,상해없음,보행자,남,38세,중상
2013111200100608,2013년 11월 12일 22시,화요일,전라북도 전주시 덕진구 인후동2가,경상사고,0,0,1,0,차대사람 - 차도통행중,안전운전불이행,건조,맑음,단일로 - 기타,승용,남,69세,상해없음,보행자,여,21세,경상
2013111200100637,2013년 11월 12일 23시,화요일,전라북도 군산시 나운동,사망사고,1,0,0,0,차대차 - 측면직각충돌,직진우회전진행방해,건조,맑음,교차로 - 교차로안,승용,남,56세,상해없음,이륜,남,18세,사망
2013111200100638,2013년 11월 12일 23시,화요일,전라북도 군산시 오식도동,경상사고,0,0,1,0,차대차 - 측면직각충돌,신호위반,건조,맑음,교차로 - 교차로안,승용,남,36세,상해없음,화물,남,54세,경상
2013111300100024,2013년 11월 13일 01시,수요일,전라북도 군산시 소룡동,중상사고,0,1,0,0,차량단독 - 공작물충돌,안전운전불이행,건조,흐림,단일로 - 기타,승용,남,34세,중상,,,,
2013111300100046,2013년 11월 13일 03시,수요일,전라북도 전주시 완산구 서노송동,사망사고,1,0,0,0,차대사람 - 기타,안전거리미확보,건조,맑음,단일로 - 기타,승용,남,48세,상해없음,보행자,남,20세,사망
2013111300100101,2013년 11월 13일 07시,수요일,전라북도 군산시 장재동,경상사고,0,0,1,0,차대사람 - 횡단중,안전운전불이행,건조,맑음,단일로 - 기타,승용,남,42세,상해없음,보행자,남,12세,경상
2013111300100138,2013년 11월 13일 08시,수요일,전라북도 전주시 완산구 효자동2가,경상사고,0,0,3,0,차대차 - 기타,신호위반,건조,맑음,교차로 - 교차로안,승용,남,70세,상해없음,승용,여,54세,경상
2013111300100139,2013년 11월 13일 08시,수요일,전라북도 군산시 개정동,중상사고,0,1,1,0,차대차 - 추돌 - 주정차중,안전거리미확보,건조,맑음,단일로 - 기타,승용,여,43세,중상,화물,남,54세,경상
2013111300100140,2013년 11월 13일 08시,수요일,전라북도 군산시 소룡동,경상사고,0,0,1,0,차대사람 - 기타,안전운전불이행,건조,맑음,단일로 - 기타,승용,여,32세,상해없음,보행자,여,46세,경상
2013111300100141,2013년 11월 13일 08시,수요일,전라북도 익산시 황등면,경상사고,0,0,5,0,차대차 - 측면직각충돌,교차로운행방법위반,건조,맑음,교차로 - 교차로안,승용,여,40세,상해없음,승합,남,62세,경상
2013111300100142,2013년 11월 13일 08시,수요일,전라북도 부안군 상서면,중상사고,0,1,0,0,차대차 - 측면직각충돌,중앙선침범,건조,맑음,단일로 - 기타,화물,남,69세,상해없음,이륜,남,80세,중상
2013111300100174,2013년 11월 13일 09시,수요일,전라북도 전주시 완산구 서노송동,사망사고,1,0,0,0,차대사람 - 기타,보행자보호의무위반,건조,맑음,교차로 - 교차로안,승합,남,39세,상해없음,보행자,여,83세,사망
2013111300100175,2013년 11월 13일 09시,수요일,전라북도 정읍시 덕천면,경상사고,0,0,2,0,차대차 - 측면직각충돌,직진우회전진행방해,건조,맑음,교차로 - 교차로안,화물,여,31세,상해없음,승용,남,60세,경상
2013111300100236,2013년 11월 13일 11시,수요일,전라북도 군산시 명산동,중상사고,0,1,0,0,차대사람 - 횡단중,안전운전불이행,건조,맑음,단일로 - 기타,승용,남,34세,상해없음,보행자,여,74세,중상
2013111300100264,2013년 11월 13일 12시,수요일,전라북도 전주시 완산구 효자동3가,경상사고,0,0,1,0,차대차 - 기타,신호위반,건조,맑음,교차로 - 교차로안,승용,여,53세,상해없음,승용,여,35세,경상
2013111300100265,2013년 11월 13일 12시,수요일,전라북도 전주시 덕진구 팔복동2가,경상사고,0,0,2,0,차대차 - 측면직각충돌,안전거리미확보,건조,맑음,교차로 - 교차로부근,승용,남,28세,상해없음,승용,여,41세,경상
2013111300100266,2013년 11월 13일 12시,수요일,전라북도 군산시 나운동,중상사고,0,1,1,0,차대차 - 측면직각충돌,신호위반,건조,맑음,교차로 - 교차로안,화물,남,65세,중상,승용,남,37세,경상
2013111300100267,2013년 11월 13일 12시,수요일,전라북도 순창군 순창읍,중상사고,0,1,0,0,차대사람 - 차도통행중,안전운전불이행,건조,맑음,교차로 - 교차로부근,건설기계,남,37세,상해없음,보행자,남,78세,중상
2013111300100268,2013년 11월 13일 12시,수요일,전라북도 장수군 장수읍,중상사고,0,1,3,0,차대차 - 측면직각충돌,직진우회전진행방해,건조,맑음,교차로 - 교차로안,승용,남,55세,상해없음,화물,남,62세,경상
2013111300100303,2013년 11월 13일 13시,수요일,전라북도 익산시 황등면,사망사고,1,0,0,0,차대사람 - 기타,안전운전불이행,건조,맑음,교차로 - 교차로부근,화물,남,48세,상해없음,보행자,여,83세,사망
2013111300100328,2013년 11월 13일 14시,수요일,전라북도 부안군 상서면,경상사고,0,0,1,0,차대차 - 측면직각충돌,안전운전불이행,건조,맑음,교차로 - 교차로안,승용,여,28세,상해없음,승용,남,53세,경상
2013111300100361,2013년 11월 13일 15시,수요일,전라북도 군산시 미룡동,경상사고,0,0,3,0,차대차 - 측면직각충돌,안전운전불이행,건조,맑음,교차로 - 교차로부근,승용,여,42세,상해없음,화물,남,39세,경상
2013111300100362,2013년 11월 13일 15시,수요일,전라북도 익산시 모현동1가,경상사고,0,0,1,0,차대사람 - 기타,안전운전불이행,건조,맑음,교차로 - 교차로안,승용,기타불명,기타불명,기타불명,보행자,남,9세,경상
2013111300100401,2013년 11월 13일 16시,수요일,전라북도 군산시 수송동,경상사고,0,0,2,0,차대차 - 기타,안전거리미확보,건조,맑음,단일로 - 기타,승용,남,32세,상해없음,승용,남,56세,경상
2013111300100402,2013년 11월 13일 16시,수요일,전라북도 익산시 어양동,경상사고,0,0,1,0,차대사람 - 횡단중,안전운전불이행,건조,맑음,단일로 - 기타,원동기,남,32세,상해없음,보행자,여,8세,경상
2013111300100403,2013년 11월 13일 16시,수요일,전라북도 부안군 줄포면,경상사고,0,0,2,0,차대차 - 측면직각충돌,안전운전불이행,건조,맑음,교차로 - 교차로안,화물,남,37세,상해없음,승합,남,61세,경상
2013111300100442,2013년 11월 13일 17시,수요일,전라북도 익산시 창인동1가,경상사고,0,0,1,0,차대차 - 측면직각충돌,안전거리미확보,건조,맑음,단일로 - 기타,승용,남,79세,상해없음,원동기,남,63세,경상
2013111300100498,2013년 11월 13일 18시,수요일,전라북도 전주시 완산구 서완산동2가,경상사고,0,0,1,0,차대차 - 기타,안전운전불이행,건조,맑음,교차로 - 교차로부근,기타불명,기타불명,기타불명,기타불명,이륜,남,81세,경상
2013111300100499,2013년 11월 13일 18시,수요일,전라북도 전주시 덕진구 금암동,경상사고,0,0,1,0,차대사람 - 횡단중,보행자보호의무위반,습기,비,교차로 - 교차로안,승용,남,62세,상해없음,보행자,남,37세,경상
2013111300100500,2013년 11월 13일 18시,수요일,전라북도 부안군 동진면,경상사고,0,0,1,0,차대차 - 측면직각충돌,신호위반,건조,맑음,교차로 - 교차로안,승용,남,54세,상해없음,승용,남,22세,경상
2013111300100501,2013년 11월 13일 18시,수요일,전라북도 진안군 진안읍,경상사고,0,0,2,0,차대차 - 추돌 - 진행중,안전운전불이행,건조,맑음,단일로 - 기타,화물,남,64세,경상,농기계,여,52세,경상
2013111300100502,2013년 11월 13일 18시,수요일,전라북도 완주군 이서면,중상사고,0,1,0,0,차대차 - 기타,안전운전불이행,건조,맑음,단일로 - 기타,화물,남,23세,상해없음,자전거,여,62세,중상
2013111300100549,2013년 11월 13일 19시,수요일,전라북도 전주시 덕진구 인후동2가,경상사고,0,0,8,0,차대차 - 추돌 - 주정차중,안전운전불이행,건조,맑음,교차로 - 교차로부근,화물,남,56세,상해없음,승용,남,36세,경상
2013111300100550,2013년 11월 13일 19시,수요일,전라북도 군산시 수송동,경상사고,0,0,1,0,차대차 - 측면직각충돌,안전운전불이행,건조,맑음,단일로 - 기타,승용,남,65세,상해없음,승용,남,31세,상해없음
2013111300100551,2013년 11월 13일 19시,수요일,전라북도 군산시 대야면,사망사고,1,0,0,0,차대사람 - 횡단중,안전운전불이행,건조,맑음,단일로 - 기타,승용,남,54세,상해없음,보행자,여,79세,사망
2013111300100552,2013년 11월 13일 19시,수요일,전라북도 군산시 소룡동,경상사고,0,0,1,0,차대사람 - 기타,안전운전불이행,건조,맑음,교차로 - 교차로안,승용,남,54세,상해없음,보행자,여,41세,경상
2013111300100617,2013년 11월 13일 21시,수요일,전라북도 익산시 동산동,경상사고,0,0,2,0,차대차 - 추돌 - 진행중,안전운전불이행,건조,맑음,단일로 - 기타,승용,여,54세,상해없음,승용,남,39세,상해없음
2013111300100645,2013년 11월 13일 22시,수요일,전라북도 정읍시 고부면,중상사고,0,1,0,0,차대차 - 추돌 - 진행중,안전운전불이행,건조,맑음,단일로 - 기타,승합,남,29세,상해없음,농기계,남,37세,중상
2013111300100683,2013년 11월 13일 23시,수요일,전라북도 전주시 완산구 삼천동1가,중상사고,0,1,0,0,차대차 - 측면직각충돌,안전거리미확보,건조,맑음,단일로 - 기타,승용,남,36세,상해없음,이륜,남,17세,중상
2013111300100684,2013년 11월 13일 23시,수요일,전라북도 전주시 완산구 효자동1가,경상사고,0,0,4,0,차대차 - 정면충돌,신호위반,건조,맑음,교차로 - 교차로안,승용,남,38세,경상,승용,남,59세,경상
2013111400100024,2013년 11월 14일 01시,목요일,전라북도 전주시 완산구 남노송동,경상사고,0,0,2,0,차량단독 - 공작물충돌,안전운전불이행,건조,맑음,단일로 - 기타,승용,남,19세,경상,,,,
2013111400100025,2013년 11월 14일 01시,목요일,전라북도 전주시 덕진구 덕진동1가,경상사고,0,0,2,0,차대차 - 추돌 - 진행중,안전운전불이행,건조,맑음,단일로 - 기타,승용,여,37세,상해없음,승용,여,32세,경상
2013111400100053,2013년 11월 14일 04시,목요일,전라북도 익산시 금마면,경상사고,0,0,1,0,차대차 - 측면직각충돌,안전거리미확보,건조,맑음,단일로 - 기타,건설기계,남,33세,상해없음,화물,남,55세,경상
2013111400100079,2013년 11월 14일 06시,목요일,전라북도 전주시 완산구 중화산동2가,경상사고,0,0,3,0,차대차 - 측면직각충돌,교차로운행방법위반,건조,맑음,교차로 - 교차로안,승용,여,50세,경상,승용,여,57세,경상
2013111400100103,2013년 11월 14일 07시,목요일,전라북도 완주군 봉동읍,경상사고,0,0,1,0,차대차 - 기타,신호위반,건조,맑음,교차로 - 교차로안,승용,남,60세,상해없음,승합,남,43세,경상
2013111400100138,2013년 11월 14일 08시,목요일,전라북도 전주시 완산구 삼천동1가,경상사고,0,0,1,0,차대차 - 기타,안전운전불이행,건조,맑음,교차로 - 교차로안,승용,여,40세,상해없음,자전거,여,67세,경상
2013111400100139,2013년 11월 14일 08시,목요일,전라북도 익산시 황등면,경상사고,0,0,1,0,차대차 - 측면직각충돌,신호위반,건조,맑음,교차로 - 교차로안,건설기계,남,35세,상해없음,원동기,남,66세,경상
2013111400100171,2013년 11월 14일 09시,목요일,전라북도 군산시 구암동,경상사고,0,0,2,1,차대차 - 측면직각충돌,직진우회전진행방해,건조,맑음,교차로 - 교차로안,승용,남,47세,상해없음,이륜,남,78세,상해없음
2013111400100187,2013년 11월 14일 10시,목요일,전라북도 익산시 금마면,경상사고,0,0,1,0,차대차 - 측면직각충돌,신호위반,건조,맑음,교차로 - 교차로안,승용,남,47세,상해없음,승용,남,42세,경상
2013111400100207,2013년 11월 14일 11시,목요일,전라북도 부안군 변산면,경상사고,0,0,1,1,차대차 - 측면직각충돌,기타,건조,맑음,교차로 - 교차로안,승용,여,57세,부상신고,승합,남,59세,경상
2013111400100279,2013년 11월 14일 14시,목요일,전라북도 익산시 신동,경상사고,0,0,1,0,차대차 - 측면직각충돌,신호위반,건조,흐림,교차로 - 교차로안,화물,남,80세,상해없음,승용,여,46세,경상
2013111400100280,2013년 11월 14일 14시,목요일,전라북도 김제시 검산동,중상사고,0,1,0,0,차대차 - 추돌 - 주정차중,안전거리미확보,건조,맑음,교차로 - 교차로부근,승용,남,41세,상해없음,건설기계,남,51세,상해없음
2013111400100311,2013년 11월 14일 15시,목요일,전라북도 익산시 평화동,경상사고,0,0,4,0,차대차 - 추돌 - 진행중,안전거리미확보,건조,맑음,교차로 - 교차로부근,승용,남,51세,상해없음,화물,남,65세,경상
2013111400100435,2013년 11월 14일 18시,목요일,전라북도 전주시 덕진구 진북동,중상사고,0,1,0,0,차대사람 - 횡단중,보행자보호의무위반,건조,흐림,단일로 - 기타,승용,남,63세,상해없음,보행자,여,17세,중상
2013111400100436,2013년 11월 14일 18시,목요일,전라북도 군산시 수송동,경상사고,0,0,1,0,차대사람 - 횡단중,보행자보호의무위반,습기,비,교차로 - 교차로안,승용,남,29세,상해없음,보행자,여,13세,경상
2013111400100437,2013년 11월 14일 18시,목요일,전라북도 군산시 수송동,중상사고,0,1,0,0,차대차 - 측면직각충돌,안전운전불이행,습기,비,교차로 - 교차로부근,승용,남,36세,상해없음,자전거,남,15세,중상
2013111400100474,2013년 11월 14일 19시,목요일,전라북도 전주시 완산구 남노송동,경상사고,0,0,2,0,차대차 - 기타,교차로운행방법위반,건조,맑음,교차로 - 교차로안,승용,여,49세,상해없음,승용,남,29세,경상
2013111400100512,2013년 11월 14일 20시,목요일,전라북도 전주시 덕진구 인후동1가,중상사고,0,1,0,0,차대차 - 측면직각충돌,교차로운행방법위반,습기,비,교차로 - 교차로안,승용,여,47세,상해없음,원동기,남,53세,중상
2013111400100513,2013년 11월 14일 20시,목요일,전라북도 군산시 문화동,경상사고,0,0,2,0,차대차 - 측면직각충돌,중앙선침범,건조,맑음,교차로 - 교차로안,승용,남,40세,상해없음,승용,남,52세,경상
2013111400100596,2013년 11월 14일 22시,목요일,전라북도 전주시 완산구 상림동,중상사고,0,1,0,0,차대사람 - 횡단중,보행자보호의무위반,습기,비,교차로 - 교차로안,승용,남,51세,상해없음,보행자,남,46세,중상
2013111400100597,2013년 11월 14일 22시,목요일,전라북도 익산시 신동,중상사고,0,1,0,0,차대차 - 측면직각충돌,직진우회전진행방해,건조,맑음,교차로 - 교차로안,승용,남,25세,상해없음,원동기,남,27세,중상
2013111400100640,2013년 11월 14일 23시,목요일,전라북도 전주시 완산구 효자동1가,경상사고,0,0,1,0,차대차 - 기타,안전운전불이행,습기,비,교차로 - 교차로부근,승용,남,28세,상해없음,승용,남,38세,경상
2013111500100022,2013년 11월 15일 00시,금요일,전라북도 전주시 완산구 효자동3가,경상사고,0,0,3,0,차대차 - 기타,신호위반,습기,비,교차로 - 교차로안,승용,여,50세,상해없음,승용,여,49세,경상
2013111500100023,2013년 11월 15일 00시,금요일,전라북도 군산시 옥산면,경상사고,0,0,1,0,차대차 - 측면직각충돌,안전운전불이행,건조,맑음,단일로 - 기타,승합,여,44세,상해없음,화물,남,75세,경상
2013111500100111,2013년 11월 15일 06시,금요일,전라북도 전주시 덕진구 진북동,중상사고,0,1,0,0,차대차 - 측면직각충돌,안전운전불이행,건조,맑음,교차로 - 교차로안,승용,여,63세,상해없음,자전거,여,72세,중상
2013111500100167,2013년 11월 15일 08시,금요일,전라북도 군산시 수송동,경상사고,0,0,1,0,차대차 - 추돌 - 주정차중,안전운전불이행,건조,맑음,단일로 - 기타,승용,남,44세,상해없음,승용,여,28세,경상
2013111500100198,2013년 11월 15일 09시,금요일,전라북도 전주시 완산구 효자동3가,경상사고,0,0,2,0,차대차 - 측면직각충돌,신호위반,건조,맑음,교차로 - 교차로안,승용,여,30세,상해없음,승용,남,53세,경상
2013111500100199,2013년 11월 15일 09시,금요일,전라북도 완주군 봉동읍,경상사고,0,0,1,0,차대차 - 기타,안전운전불이행,건조,맑음,교차로 - 교차로부근,화물,여,55세,상해없음,자전거,여,70세,경상
2013111500100238,2013년 11월 15일 11시,금요일,전라북도 진안군 부귀면,중상사고,0,1,0,0,차량단독 - 기타,안전운전불이행,건조,맑음,단일로 - 기타,화물,남,58세,중상,,,,
2013111500100288,2013년 11월 15일 13시,금요일,전라북도 전주시 덕진구 덕진동1가,경상사고,0,0,1,0,차대차 - 측면직각충돌,안전운전불이행,건조,맑음,단일로 - 기타,승용,남,47세,상해없음,자전거,여,23세,경상
2013111500100289,2013년 11월 15일 13시,금요일,전라북도 익산시 평화동,경상사고,0,0,1,0,차대차 - 기타,안전운전불이행,건조,맑음,교차로 - 교차로부근,승용,남,47세,상해없음,승용,남,66세,상해없음
2013111500100353,2013년 11월 15일 15시,금요일,전라북도 고창군 고창읍,중상사고,0,1,0,0,차대사람 - 횡단중,보행자보호의무위반,건조,맑음,교차로 - 교차로부근,승용,남,50세,상해없음,보행자,남,13세,중상
2013111500100388,2013년 11월 15일 16시,금요일,전라북도 남원시 천거동,중상사고,0,1,0,0,차대차 - 기타,안전운전불이행,건조,맑음,단일로 - 기타,화물,남,44세,상해없음,이륜,남,75세,중상
2013111500100483,2013년 11월 15일 18시,금요일,전라북도 완주군 삼례읍,경상사고,0,0,2,0,차대차 - 추돌 - 주정차중,안전운전불이행,건조,맑음,교차로 - 교차로안,승용,남,43세,상해없음,승용,여,55세,경상
2013111500100539,2013년 11월 15일 19시,금요일,전라북도 전주시 덕진구 팔복동1가,경상사고,0,0,2,0,차대차 - 추돌 - 진행중,안전거리미확보,건조,맑음,단일로 - 횡단보도부근,승용,남,66세,상해없음,화물,남,42세,경상
2013111500100540,2013년 11월 15일 19시,금요일,전라북도 군산시 경장동,중상사고,0,1,0,0,차대차 - 기타,중앙선침범,건조,맑음,단일로 - 기타,승용,남,36세,상해없음,이륜,남,70세,중상
2013111500100541,2013년 11월 15일 19시,금요일,전라북도 군산시 문화동,부상신고사고,0,0,0,1,차대사람 - 기타,안전운전불이행,건조,맑음,단일로 - 기타,승용,남,25세,상해없음,보행자,남,66세,부상신고
2013111500100576,2013년 11월 15일 20시,금요일,전라북도 군산시 나운동,경상사고,0,0,1,0,차대차 - 측면직각충돌,직진우회전진행방해,건조,맑음,교차로 - 교차로안,승용,남,24세,상해없음,이륜,남,18세,경상
2013111500100577,2013년 11월 15일 20시,금요일,전라북도 익산시 영등동,중상사고,0,1,0,0,차대사람 - 기타,안전운전불이행,건조,맑음,단일로 - 기타,이륜,남,20세,상해없음,보행자,남,66세,중상
2013111500100578,2013년 11월 15일 20시,금요일,전라북도 남원시 향교동,중상사고,0,1,0,0,차대사람 - 기타,안전운전불이행,건조,맑음,단일로 - 기타,승용,남,34세,상해없음,보행자,남,64세,중상
2013111500100602,2013년 11월 15일 21시,금요일,전라북도 전주시 덕진구 동산동,중상사고,0,1,0,0,차대차 - 기타,안전운전불이행,건조,맑음,교차로 - 교차로부근,승용,남,51세,상해없음,승용,여,30세,중상
2013111500100603,2013년 11월 15일 21시,금요일,전라북도 군산시 수송동,경상사고,0,0,1,0,차대차 - 측면직각충돌,안전운전불이행,건조,맑음,교차로 - 교차로부근,승용,남,33세,상해없음,자전거,남,30세,경상
2013111500100604,2013년 11월 15일 21시,금요일,전라북도 군산시 경암동,중상사고,0,2,0,0,차대차 - 측면직각충돌,신호위반,건조,맑음,교차로 - 교차로안,승용,남,62세,상해없음,승용,남,35세,중상
2013111500100605,2013년 11월 15일 21시,금요일,전라북도 정읍시 태인면,경상사고,0,0,4,0,차대차 - 측면직각충돌,신호위반,건조,맑음,교차로 - 교차로안,승용,여,47세,상해없음,승용,여,43세,경상
2013111500100606,2013년 11월 15일 21시,금요일,전라북도 순창군 순창읍,사망사고,1,0,0,0,차대사람 - 차도통행중,안전운전불이행,건조,맑음,단일로 - 기타,화물,남,44세,상해없음,보행자,남,50세,사망
2013111500100636,2013년 11월 15일 22시,금요일,전라북도 익산시 오산면,중상사고,0,1,0,0,차대사람 - 기타,안전운전불이행,건조,흐림,교차로 - 교차로부근,승용,남,40세,상해없음,보행자,남,27세,중상
2013111600100015,2013년 11월 16일 00시,토요일,전라북도 전주시 덕진구 진북동,경상사고,0,0,1,0,차대차 - 측면직각충돌,안전운전불이행,건조,맑음,교차로 - 교차로부근,승용,남,61세,상해없음,승용,남,66세,상해없음
2013111600100038,2013년 11월 16일 01시,토요일,전라북도 군산시 구암동,중상사고,0,1,0,0,차대차 - 기타,안전운전불이행,건조,맑음,단일로 - 기타,승용,남,31세,상해없음,화물,남,41세,기타불명
2013111600100105,2013년 11월 16일 05시,토요일,전라북도 전주시 완산구 삼천동1가,경상사고,0,0,2,0,차대차 - 기타,신호위반,건조,맑음,교차로 - 교차로안,승용,남,44세,상해없음,승용,남,70세,경상
2013111600100106,2013년 11월 16일 05시,토요일,전라북도 군산시 소룡동,경상사고,0,0,3,0,차량단독 - 기타,안전운전불이행,건조,맑음,교차로 - 교차로안,승용,남,55세,상해없음,,,,
2013111600100146,2013년 11월 16일 08시,토요일,전라북도 전주시 덕진구 송천동2가,경상사고,0,0,2,0,차대차 - 측면직각충돌,직진우회전진행방해,건조,맑음,교차로 - 교차로안,승용,남,39세,상해없음,승용,남,45세,경상
2013111600100147,2013년 11월 16일 08시,토요일,전라북도 정읍시 내장동,경상사고,0,0,1,0,차대차 - 정면충돌,중앙선침범,건조,맑음,단일로 - 기타,승용,남,21세,상해없음,승용,여,52세,경상
2013111600100168,2013년 11월 16일 09시,토요일,전라북도 남원시 향교동,경상사고,0,0,1,0,차대차 - 기타,안전운전불이행,건조,맑음,교차로 - 교차로부근,자전거,남,64세,상해없음,원동기,남,75세,경상
2013111600100202,2013년 11월 16일 10시,토요일,전라북도 남원시 향교동,중상사고,0,1,0,0,차대차 - 측면직각충돌,신호위반,건조,맑음,교차로 - 교차로안,이륜,남,54세,중상,승용,여,34세,상해없음
2013111600100249,2013년 11월 16일 12시,토요일,전라북도 전주시 덕진구 덕진동2가,경상사고,0,0,4,0,차대차 - 측면직각충돌,직진우회전진행방해,건조,맑음,교차로 - 교차로안,승합,남,46세,상해없음,승용,남,58세,경상
2013111600100250,2013년 11월 16일 12시,토요일,전라북도 군산시 구암동,경상사고,0,0,3,0,차대차 - 추돌 - 주정차중,안전운전불이행,건조,맑음,단일로 - 기타,승합,남,42세,상해없음,승용,여,36세,경상
2013111600100287,2013년 11월 16일 13시,토요일,전라북도 익산시 부송동,경상사고,0,0,2,0,차대차 - 추돌 - 진행중,안전운전불이행,건조,맑음,단일로 - 기타,승용,남,54세,상해없음,승용,남,63세,경상
2013111600100389,2013년 11월 16일 16시,토요일,전라북도 전주시 완산구 다가동4가,중상사고,0,1,0,0,차대차 - 측면직각충돌,안전거리미확보,건조,맑음,교차로 - 교차로안,승용,남,52세,상해없음,원동기,남,76세,중상
2013111600100428,2013년 11월 16일 17시,토요일,전라북도 김제시 명덕동,중상사고,0,1,2,0,차대차 - 측면직각충돌,중앙선침범,건조,맑음,단일로 - 기타,승용,남,19세,상해없음,화물,남,58세,중상