사고번호,사고일시,요일,시군구,사고내용,사망자수,중상자수,경상자수,부상신고자수,사고유형,법규위반,노면상태,기상상태,도로형태,가해운전자 차종,가해운전자 성별,가해운전자 연령,가해운전자 상해정도,피해운전자 차종,피해운전자 성별,피해운전자 연령,피해운전자 상해정도
2013111600100429,2013년 11월 16일 17시,토요일,전라북도 완주군 상관면,중상사고,0,1,0,0,차대차 - 기타,안전운전불이행,건조,맑음,단일로 - 기타,승용,남,65세,상해없음,이륜,남,71세,중상
2013111600100475,2013년 11월 16일 18시,토요일,전라북도 정읍시 감곡면,경상사고,0,0,4,0,차대차 - 추돌 - 진행중,안전운전불이행,건조,맑음,단일로 - 기타,화물,남,45세,상해없음,화물,남,54세,경상
2013111600100517,2013년 11월 16일 19시,토요일,전라북도 익산시 영등동,경상사고,0,0,1,0,차대사람 - 횡단중,신호위반,건조,맑음,단일로 - 횡단보도상,원동기,남,19세,상해없음,보행자,남,7세,경상
2013111600100581,2013년 11월 16일 21시,토요일,전라북도 전주시 덕진구 송천동1가,경상사고,0,0,1,0,차대사람 - 기타,보행자보호의무위반,건조,맑음,교차로 - 교차로부근,승용,여,27세,상해없음,보행자,여,18세,경상
2013111600100606,2013년 11월 16일 22시,토요일,전라북도 전주시 덕진구 반월동,사망사고,1,1,7,0,차대차 - 측면직각충돌,신호위반,건조,맑음,교차로 - 교차로안,화물,남,72세,사망,승합,남,65세,상해없음
2013111700100028,2013년 11월 17일 00시,일요일,전라북도 익산시 남중동,경상사고,0,0,1,0,차대차 - 측면직각충돌,안전운전불이행,습기,비,단일로 - 기타,승용,남,38세,상해없음,화물,남,61세,경상
2013111700100029,2013년 11월 17일 00시,일요일,전라북도 익산시 신동,경상사고,0,0,1,0,차대차 - 측면직각충돌,안전운전불이행,습기,흐림,교차로 - 교차로안,원동기,남,25세,경상,승용,여,26세,상해없음
2013111700100030,2013년 11월 17일 00시,일요일,전라북도 익산시 동산동,경상사고,0,0,1,0,차대차 - 추돌 - 주정차중,안전운전불이행,습기,비,교차로 - 교차로부근,승용,남,45세,상해없음,승용,남,29세,경상
2013111700100089,2013년 11월 17일 03시,일요일,전라북도 전주시 완산구 중화산동2가,경상사고,0,0,4,0,차대차 - 측면직각충돌,안전거리미확보,습기,비,단일로 - 기타,승용,남,22세,상해없음,승용,남,56세,경상
2013111700100090,2013년 11월 17일 03시,일요일,전라북도 전주시 덕진구 금암동,경상사고,0,0,1,0,차대차 - 추돌 - 진행중,안전거리미확보,습기,흐림,교차로 - 교차로안,승용,남,25세,상해없음,승용,남,30세,경상
2013111700100114,2013년 11월 17일 04시,일요일,전라북도 전주시 덕진구 덕진동1가,경상사고,0,0,2,0,차대차 - 측면직각충돌,신호위반,습기,맑음,교차로 - 교차로안,이륜,남,18세,경상,승용,남,73세,경상
2013111700100115,2013년 11월 17일 04시,일요일,전라북도 익산시 마동,중상사고,0,1,2,0,차대차 - 측면직각충돌,직진우회전진행방해,습기,흐림,교차로 - 교차로안,승용,남,34세,상해없음,승용,남,47세,경상
2013111700100214,2013년 11월 17일 11시,일요일,전라북도 익산시 용안면,경상사고,0,0,1,0,차대사람 - 기타,안전운전불이행,건조,맑음,단일로 - 기타,화물,남,59세,상해없음,보행자,여,79세,경상
2013111700100250,2013년 11월 17일 13시,일요일,전라북도 익산시 영등동,경상사고,0,0,1,0,차대사람 - 기타,안전운전불이행,건조,맑음,기타 - 기타,기타불명,기타불명,기타불명,기타불명,보행자,남,12세,경상
2013111700100279,2013년 11월 17일 14시,일요일,전라북도 전주시 완산구 삼천동1가,경상사고,0,0,1,0,차대차 - 추돌 - 진행중,안전운전불이행,건조,맑음,단일로 - 기타,승용,남,53세,상해없음,승용,여,52세,경상
2013111700100295,2013년 11월 17일 15시,일요일,전라북도 군산시 서수면,중상사고,0,1,0,0,차대차 - 측면직각충돌,안전운전불이행,건조,맑음,교차로 - 교차로부근,승용,남,57세,상해없음,승용,남,54세,중상
2013111700100367,2013년 11월 17일 17시,일요일,전라북도 전주시 완산구 효자동1가,경상사고,0,0,1,0,차대사람 - 길가장자리구역통행중,안전운전불이행,건조,맑음,교차로 - 교차로안,화물,남,73세,상해없음,보행자,여,48세,경상
2013111700100368,2013년 11월 17일 17시,일요일,전라북도 남원시 월락동,경상사고,0,0,4,0,차대차 - 기타,안전거리미확보,건조,맑음,단일로 - 기타,승용,여,40세,상해없음,화물,남,48세,경상
2013111700100404,2013년 11월 17일 18시,일요일,전라북도 전주시 덕진구 팔복동2가,경상사고,0,0,1,0,차대차 - 추돌 - 진행중,안전거리미확보,건조,맑음,교차로 - 교차로부근,승용,남,58세,상해없음,승용,여,44세,경상
2013111700100405,2013년 11월 17일 18시,일요일,전라북도 군산시 명산동,경상사고,0,0,1,0,차대차 - 측면직각충돌,신호위반,습기,비,교차로 - 교차로안,승용,여,47세,상해없음,이륜,남,30세,경상
2013111700100406,2013년 11월 17일 18시,일요일,전라북도 정읍시 연지동,경상사고,0,0,1,0,차대차 - 측면직각충돌,교차로운행방법위반,건조,맑음,교차로 - 교차로안,화물,남,51세,상해없음,이륜,남,34세,경상
2013111700100444,2013년 11월 17일 19시,일요일,전라북도 군산시 경장동,중상사고,0,1,0,0,차대사람 - 횡단중,안전운전불이행,습기,비,단일로 - 기타,승용,남,43세,상해없음,보행자,남,62세,중상
2013111700100445,2013년 11월 17일 19시,일요일,전라북도 진안군 백운면,경상사고,0,0,1,0,차대차 - 측면직각충돌,중앙선침범,건조,맑음,단일로 - 기타,화물,남,47세,상해없음,승용,남,37세,경상
2013111700100507,2013년 11월 17일 21시,일요일,전라북도 전주시 완산구 삼천동1가,중상사고,0,1,0,0,차대차 - 측면직각충돌,교차로운행방법위반,습기,비,교차로 - 교차로안,승용,남,60세,상해없음,원동기,남,42세,중상
2013111700100508,2013년 11월 17일 21시,일요일,전라북도 군산시 산북동,경상사고,0,0,3,0,차대차 - 측면직각충돌,직진우회전진행방해,습기,비,교차로 - 교차로안,승용,남,59세,상해없음,승용,여,32세,경상
2013111700100541,2013년 11월 17일 23시,일요일,전라북도 군산시 경장동,중상사고,0,1,2,0,차대차 - 측면직각충돌,신호위반,습기,비,교차로 - 교차로안,승용,남,49세,상해없음,승용,여,31세,중상
2013111800100054,2013년 11월 18일 06시,월요일,전라북도 군산시 경장동,중상사고,0,1,0,0,차대사람 - 횡단중,안전운전불이행,습기,비,교차로 - 교차로안,화물,남,58세,상해없음,보행자,여,76세,중상
2013111800100055,2013년 11월 18일 06시,월요일,전라북도 김제시 서암동,경상사고,0,0,1,0,차대차 - 기타,안전거리미확보,건조,흐림,단일로 - 기타,승용,기타불명,기타불명,기타불명,특수,남,29세,경상
2013111800100079,2013년 11월 18일 07시,월요일,전라북도 익산시 팔봉동,경상사고,0,0,1,0,차대차 - 추돌 - 진행중,안전운전불이행,건조,맑음,단일로 - 기타,승용,남,58세,상해없음,승용,남,59세,경상
2013111800100080,2013년 11월 18일 07시,월요일,전라북도 익산시 영등동,경상사고,0,0,1,0,차대차 - 기타,안전운전불이행,건조,맑음,단일로 - 기타,승용,남,58세,상해없음,승용,남,44세,경상
2013111800100117,2013년 11월 18일 08시,월요일,전라북도 전주시 덕진구 덕진동2가,경상사고,0,0,1,0,차대차 - 측면직각충돌,안전거리미확보,건조,맑음,교차로 - 교차로안,승용,여,52세,상해없음,자전거,남,24세,경상
2013111800100118,2013년 11월 18일 08시,월요일,전라북도 전주시 덕진구 팔복동2가,중상사고,0,2,0,0,차대차 - 측면직각충돌,안전거리미확보,건조,맑음,단일로 - 기타,승용,남,78세,기타불명,승합,남,29세,중상
2013111800100119,2013년 11월 18일 08시,월요일,전라북도 군산시 나운동,경상사고,0,0,1,0,차대차 - 측면직각충돌,직진우회전진행방해,습기,흐림,교차로 - 교차로안,승용,남,37세,기타불명,승용,남,60세,경상
2013111800100120,2013년 11월 18일 08시,월요일,전라북도 군산시 서흥남동,중상사고,0,1,0,0,차대사람 - 횡단중,보행자보호의무위반,건조,맑음,단일로 - 횡단보도상,이륜,남,80세,상해없음,보행자,여,70세,중상
2013111800100121,2013년 11월 18일 08시,월요일,전라북도 익산시 어양동,중상사고,0,1,0,0,차대차 - 측면직각충돌,안전운전불이행,건조,흐림,교차로 - 교차로부근,승용,남,36세,상해없음,자전거,여,37세,중상
2013111800100168,2013년 11월 18일 09시,월요일,전라북도 전주시 완산구 중앙동3가,경상사고,0,0,1,0,차대차 - 정면충돌,안전운전불이행,건조,흐림,교차로 - 교차로안,자전거,남,15세,경상,원동기,남,61세,상해없음
2013111800100169,2013년 11월 18일 09시,월요일,전라북도 전주시 완산구 서완산동1가,중상사고,0,1,0,0,차대차 - 추돌 - 진행중,안전거리미확보,건조,흐림,교차로 - 교차로안,승용,남,31세,상해없음,승용,여,37세,중상
2013111800100170,2013년 11월 18일 09시,월요일,전라북도 전주시 덕진구 덕진동1가,경상사고,0,0,1,0,차대사람 - 차도통행중,안전운전불이행,건조,맑음,단일로 - 기타,승용,남,58세,상해없음,보행자,남,79세,경상
2013111800100202,2013년 11월 18일 10시,월요일,전라북도 전주시 덕진구 우아동3가,경상사고,0,0,1,0,차대차 - 측면직각충돌,안전운전불이행,건조,맑음,단일로 - 기타,승용,여,39세,상해없음,자전거,남,25세,경상
2013111800100227,2013년 11월 18일 11시,월요일,전라북도 군산시 수송동,경상사고,0,0,3,0,차대차 - 측면직각충돌,교차로운행방법위반,건조,흐림,교차로 - 교차로안,승용,여,47세,경상,승용,여,33세,경상
2013111800100285,2013년 11월 18일 13시,월요일,전라북도 익산시 석탄동,중상사고,0,1,0,0,차대사람 - 횡단중,안전운전불이행,건조,흐림,단일로 - 기타,화물,남,71세,상해없음,보행자,여,73세,중상
2013111800100286,2013년 11월 18일 13시,월요일,전라북도 익산시 남중동,경상사고,0,0,1,0,차대차 - 측면직각충돌,안전운전불이행,건조,맑음,교차로 - 교차로부근,승용,여,55세,상해없음,자전거,여,44세,경상
2013111800100350,2013년 11월 18일 15시,월요일,전라북도 전주시 덕진구 송천동2가,경상사고,0,0,4,0,차대차 - 추돌 - 주정차중,안전운전불이행,건조,맑음,단일로 - 기타,화물,남,64세,기타불명,승용,남,62세,경상
2013111800100388,2013년 11월 18일 16시,월요일,전라북도 익산시 팔봉동,중상사고,0,1,0,0,차대차 - 측면직각충돌,직진우회전진행방해,건조,맑음,교차로 - 교차로안,건설기계,남,39세,상해없음,승용,여,34세,중상
2013111800100390,2013년 11월 18일 16시,월요일,전라북도 부안군 하서면,경상사고,0,0,1,0,차대차 - 기타,중앙선침범,건조,맑음,단일로 - 기타,화물,남,50세,상해없음,화물,남,42세,경상
2013111800100420,2013년 11월 18일 17시,월요일,전라북도 남원시 금동,중상사고,0,1,0,0,차대사람 - 기타,안전운전불이행,습기,눈,교차로 - 교차로안,화물,남,49세,상해없음,보행자,여,58세,중상
2013111800100467,2013년 11월 18일 18시,월요일,전라북도 전주시 덕진구 팔복동2가,중상사고,0,1,0,0,차대사람 - 길가장자리구역통행중,안전운전불이행,건조,맑음,단일로 - 기타,승용,남,43세,상해없음,보행자,남,48세,중상
2013111800100468,2013년 11월 18일 18시,월요일,전라북도 정읍시 시기동,경상사고,0,0,1,0,차대차 - 기타,안전운전불이행,습기,흐림,교차로 - 교차로안,화물,남,53세,상해없음,승용,남,19세,경상
2013111800100469,2013년 11월 18일 18시,월요일,전라북도 완주군 봉동읍,경상사고,0,0,1,0,차대차 - 정면충돌,안전운전불이행,건조,맑음,단일로 - 기타,화물,남,47세,상해없음,승용,여,40세,경상
2013111800100508,2013년 11월 18일 19시,월요일,전라북도 전주시 완산구 평화동3가,경상사고,0,0,1,0,차대차 - 기타,직진우회전진행방해,건조,흐림,교차로 - 교차로안,승용,남,36세,상해없음,화물,여,54세,경상
2013111800100540,2013년 11월 18일 20시,월요일,전라북도 전주시 덕진구 금암동,중상사고,0,1,0,0,차대차 - 측면직각충돌,안전운전불이행,건조,맑음,단일로 - 기타,승용,남,19세,상해없음,이륜,남,25세,중상
2013111800100572,2013년 11월 18일 21시,월요일,전라북도 익산시 부송동,경상사고,0,0,4,0,차대차 - 측면직각충돌,안전운전불이행,건조,맑음,단일로 - 기타,승용,여,45세,경상,승용,남,40세,경상
2013111800100599,2013년 11월 18일 22시,월요일,전라북도 전주시 완산구 동서학동,중상사고,0,1,0,0,차대사람 - 횡단중,안전운전불이행,습기,눈,단일로 - 기타,승용,남,31세,상해없음,보행자,남,54세,중상
2013111800100600,2013년 11월 18일 22시,월요일,전라북도 전주시 완산구 중화산동2가,경상사고,0,0,5,0,차대차 - 추돌 - 주정차중,안전운전불이행,습기,눈,단일로 - 기타,승용,남,56세,상해없음,승용,남,52세,경상
2013111800100601,2013년 11월 18일 22시,월요일,전라북도 군산시 조촌동,중상사고,0,2,0,0,차대차 - 측면직각충돌,신호위반,습기,비,교차로 - 교차로안,승용,여,62세,상해없음,승용,남,28세,중상
2013111900100005,2013년 11월 19일 00시,화요일,전라북도 전주시 덕진구 인후동1가,경상사고,0,0,1,0,차대차 - 측면직각충돌,안전거리미확보,건조,맑음,교차로 - 교차로부근,승용,남,19세,상해없음,원동기,남,17세,경상
2013111900100006,2013년 11월 19일 00시,화요일,전라북도 군산시 소룡동,경상사고,0,0,1,0,차대차 - 측면직각충돌,교차로운행방법위반,습기,비,교차로 - 교차로부근,원동기,남,43세,상해없음,승용,남,55세,경상
2013111900100035,2013년 11월 19일 02시,화요일,전라북도 익산시 신동,중상사고,0,1,0,0,차대차 - 측면직각충돌,직진우회전진행방해,습기,흐림,교차로 - 교차로안,기타불명,기타불명,기타불명,기타불명,승용,남,59세,중상
2013111900100076,2013년 11월 19일 06시,화요일,전라북도 전주시 완산구 효자동2가,중상사고,0,1,0,0,차대사람 - 횡단중,안전운전불이행,건조,맑음,단일로 - 기타,승용,남,48세,상해없음,보행자,남,26세,중상
2013111900100077,2013년 11월 19일 06시,화요일,전라북도 전주시 완산구 효자동1가,경상사고,0,0,1,0,차대사람 - 횡단중,신호위반,건조,맑음,단일로 - 기타,화물,남,44세,상해없음,보행자,남,25세,경상
2013111900100096,2013년 11월 19일 07시,화요일,전라북도 익산시 모현동1가,경상사고,0,0,1,0,차대차 - 측면직각충돌,중앙선침범,습기,비,단일로 - 기타,승용,남,57세,상해없음,승용,남,34세,경상
2013111900100117,2013년 11월 19일 08시,화요일,전라북도 전주시 완산구 효자동2가,중상사고,0,1,2,0,차대차 - 측면직각충돌,안전운전불이행,습기,비,교차로 - 교차로안,승용,여,46세,기타불명,승용,남,53세,경상
2013111900100118,2013년 11월 19일 08시,화요일,전라북도 고창군 대산면,경상사고,0,0,1,0,차대차 - 측면직각충돌,직진우회전진행방해,건조,맑음,교차로 - 교차로안,화물,남,37세,상해없음,승용,남,29세,경상
2013111900100157,2013년 11월 19일 09시,화요일,전라북도 순창군 순창읍,경상사고,0,0,1,0,차대차 - 측면직각충돌,안전운전불이행,건조,맑음,교차로 - 교차로부근,승합,남,43세,상해없음,자전거,여,61세,경상
2013111900100183,2013년 11월 19일 10시,화요일,전라북도 익산시 어양동,중상사고,0,1,0,0,차대사람 - 기타,안전운전불이행,건조,맑음,단일로 - 기타,승용,여,21세,상해없음,보행자,여,66세,중상
2013111900100184,2013년 11월 19일 10시,화요일,전라북도 장수군 장수읍,사망사고,1,1,0,0,차대차 - 정면충돌,중앙선침범,적설,눈,단일로 - 기타,승용,남,63세,중상,농기계,남,59세,사망
2013111900100210,2013년 11월 19일 11시,화요일,전라북도 익산시 용안면,경상사고,0,0,1,0,차대차 - 추돌 - 진행중,안전운전불이행,건조,맑음,교차로 - 교차로부근,승용,남,59세,상해없음,건설기계,남,54세,경상
2013111900100211,2013년 11월 19일 11시,화요일,전라북도 남원시 금동,경상사고,0,0,1,0,차대차 - 추돌 - 주정차중,안전거리미확보,습기,흐림,단일로 - 기타,승용,남,45세,상해없음,승용,남,32세,경상
2013111900100257,2013년 11월 19일 13시,화요일,전라북도 전주시 완산구 효자동3가,경상사고,0,0,1,0,차대차 - 측면직각충돌,신호위반,건조,흐림,교차로 - 교차로안,승용,여,36세,상해없음,승용,여,47세,경상
2013111900100293,2013년 11월 19일 14시,화요일,전라북도 남원시 광치동,경상사고,0,0,1,0,차대사람 - 횡단중,안전운전불이행,건조,맑음,단일로 - 기타,승용,남,56세,상해없음,보행자,남,64세,경상
2013111900100330,2013년 11월 19일 15시,화요일,전라북도 군산시 중앙로1가,경상사고,0,0,3,0,차대차 - 추돌 - 주정차중,안전거리미확보,건조,맑음,단일로 - 기타,승용,남,61세,상해없음,승용,남,58세,경상
2013111900100352,2013년 11월 19일 16시,화요일,전라북도 임실군 관촌면,중상사고,0,2,2,0,차대차 - 측면직각충돌,안전운전불이행,건조,맑음,교차로 - 교차로부근,승용,남,78세,경상,화물,여,53세,경상
2013111900100396,2013년 11월 19일 17시,화요일,전라북도 전주시 덕진구 산정동,경상사고,0,0,2,0,차대차 - 추돌 - 주정차중,안전운전불이행,습기,비,단일로 - 기타,승용,남,62세,상해없음,승용,남,40세,상해없음
2013111900100446,2013년 11월 19일 18시,화요일,전라북도 군산시 대명동,경상사고,0,0,1,0,차대차 - 추돌 - 진행중,안전운전불이행,건조,흐림,교차로 - 교차로부근,화물,남,54세,상해없음,승용,여,33세,경상
2013111900100447,2013년 11월 19일 18시,화요일,전라북도 고창군 고창읍,중상사고,0,1,0,0,차대차 - 측면직각충돌,직진우회전진행방해,건조,맑음,교차로 - 교차로안,승용,여,52세,상해없음,자전거,여,10세,중상
2013111900100485,2013년 11월 19일 19시,화요일,전라북도 익산시 오산면,중상사고,0,1,0,0,차대차 - 측면직각충돌,신호위반,건조,맑음,교차로 - 교차로안,승용,남,30세,기타불명,승용,남,26세,중상
2013111900100486,2013년 11월 19일 19시,화요일,전라북도 정읍시 상동,경상사고,0,0,1,0,차대차 - 기타,교차로운행방법위반,건조,맑음,교차로 - 교차로안,승용,남,18세,상해없음,이륜,남,17세,경상
2013111900100487,2013년 11월 19일 19시,화요일,전라북도 고창군 고창읍,중상사고,0,1,1,0,차대차 - 추돌 - 진행중,안전운전불이행,건조,맑음,단일로 - 기타,화물,남,38세,상해없음,승용,남,50세,경상
2013111900100540,2013년 11월 19일 21시,화요일,전라북도 군산시 조촌동,경상사고,0,0,1,0,차대차 - 추돌 - 진행중,안전운전불이행,건조,맑음,교차로 - 교차로부근,승용,남,25세,상해없음,승용,남,59세,경상
2013111900100541,2013년 11월 19일 21시,화요일,전라북도 군산시 지곡동,중상사고,0,1,0,0,차대사람 - 횡단중,보행자보호의무위반,건조,흐림,교차로 - 교차로안,승용,여,51세,기타불명,보행자,남,52세,중상
2013111900100601,2013년 11월 19일 23시,화요일,전라북도 정읍시 상동,경상사고,0,0,2,0,차대차 - 추돌 - 주정차중,안전운전불이행,건조,맑음,단일로 - 기타,승용,남,45세,상해없음,승용,남,52세,경상
2013112000100030,2013년 11월 20일 01시,수요일,전라북도 전주시 덕진구 덕진동1가,경상사고,0,0,1,0,차대차 - 추돌 - 주정차중,안전운전불이행,건조,맑음,교차로 - 교차로안,승용,남,42세,상해없음,승용,남,25세,경상
2013112000100067,2013년 11월 20일 06시,수요일,전라북도 전주시 완산구 태평동,경상사고,0,0,1,0,차대차 - 기타,안전운전불이행,건조,흐림,교차로 - 교차로안,화물,남,69세,상해없음,자전거,남,74세,경상
2013112000100086,2013년 11월 20일 07시,수요일,전라북도 익산시 부송동,경상사고,0,0,3,0,차대차 - 측면직각충돌,신호위반,건조,맑음,교차로 - 교차로안,승용,남,29세,경상,승용,남,43세,경상
2013112000100087,2013년 11월 20일 07시,수요일,전라북도 남원시 송동면,경상사고,0,0,1,0,차대차 - 추돌 - 진행중,안전운전불이행,습기,맑음,단일로 - 기타,화물,남,76세,상해없음,이륜,남,67세,경상
2013112000100088,2013년 11월 20일 07시,수요일,전라북도 남원시 덕과면,중상사고,0,2,0,0,차량단독 - 기타,안전운전불이행,적설,흐림,단일로 - 기타,화물,남,62세,중상,,,,
2013112000100123,2013년 11월 20일 08시,수요일,전라북도 전주시 완산구 중화산동2가,경상사고,0,0,1,0,차대차 - 기타,차로위반,건조,맑음,단일로 - 기타,승용,여,36세,상해없음,승용,여,53세,경상
2013112000100124,2013년 11월 20일 08시,수요일,전라북도 군산시 소룡동,경상사고,0,0,1,0,차대사람 - 기타,안전운전불이행,건조,맑음,단일로 - 기타,승용,여,42세,상해없음,보행자,여,13세,경상
2013112000100125,2013년 11월 20일 08시,수요일,전라북도 김제시 요촌동,중상사고,0,2,0,0,차대차 - 측면직각충돌,중앙선침범,건조,맑음,단일로 - 기타,승용,여,39세,상해없음,승용,남,46세,중상
2013112000100151,2013년 11월 20일 09시,수요일,전라북도 완주군 삼례읍,사망사고,1,0,0,0,차대사람 - 횡단중,보행자보호의무위반,건조,맑음,교차로 - 교차로부근,화물,남,52세,상해없음,보행자,여,64세,사망
2013112000100220,2013년 11월 20일 12시,수요일,전라북도 익산시 함라면,경상사고,0,0,2,0,차대차 - 측면직각충돌,신호위반,건조,맑음,교차로 - 교차로안,승용,남,31세,상해없음,화물,남,42세,경상
2013112000100221,2013년 11월 20일 12시,수요일,전라북도 익산시 신용동,중상사고,0,1,5,0,차대차 - 추돌 - 주정차중,안전운전불이행,건조,맑음,단일로 - 기타,화물,여,45세,상해없음,승용,남,48세,경상
2013112000100252,2013년 11월 20일 13시,수요일,전라북도 익산시 석탄동,경상사고,0,0,1,0,차대사람 - 기타,안전운전불이행,건조,맑음,단일로 - 기타,건설기계,남,55세,상해없음,보행자,여,58세,경상
2013112000100343,2013년 11월 20일 16시,수요일,전라북도 전주시 완산구 효자동3가,중상사고,0,1,0,0,차대사람 - 보도통행중,보행자보호의무위반,건조,맑음,교차로 - 교차로안,승용,여,19세,상해없음,보행자,남,20세,중상
2013112000100344,2013년 11월 20일 16시,수요일,전라북도 전주시 완산구 서신동,경상사고,0,0,1,0,차대차 - 측면직각충돌,안전운전불이행,건조,맑음,단일로 - 기타,승용,여,52세,상해없음,이륜,남,34세,경상
2013112000100345,2013년 11월 20일 16시,수요일,전라북도 익산시 함라면,중상사고,0,1,0,0,차대차 - 기타,기타,건조,맑음,교차로 - 교차로안,승합,남,49세,상해없음,화물,남,44세,상해없음
2013112000100346,2013년 11월 20일 16시,수요일,전라북도 익산시 마동,경상사고,0,0,1,0,차대차 - 기타,안전운전불이행,건조,맑음,기타 - 기타,승용,남,50세,상해없음,승용,여,38세,경상
2013112000100382,2013년 11월 20일 17시,수요일,전라북도 전주시 완산구 효자동1가,경상사고,0,0,1,0,차대사람 - 보도통행중,기타,건조,맑음,교차로 - 교차로부근,화물,남,21세,상해없음,보행자,남,32세,경상
2013112000100383,2013년 11월 20일 17시,수요일,전라북도 군산시 경암동,경상사고,0,0,2,0,차대차 - 측면직각충돌,교차로운행방법위반,건조,맑음,교차로 - 교차로안,승용,여,57세,상해없음,승용,남,53세,경상
2013112000100384,2013년 11월 20일 17시,수요일,전라북도 완주군 봉동읍,경상사고,0,0,1,0,차대차 - 기타,안전거리미확보,건조,맑음,교차로 - 교차로부근,화물,여,61세,상해없음,화물,남,57세,경상
2013112000100436,2013년 11월 20일 18시,수요일,전라북도 전주시 완산구 경원동3가,중상사고,0,1,4,0,차대차 - 기타,불법유턴,건조,맑음,교차로 - 교차로부근,승용,남,78세,상해없음,승합,여,55세,상해없음
2013112000100437,2013년 11월 20일 18시,수요일,전라북도 군산시 문화동,경상사고,0,0,2,0,차대차 - 측면직각충돌,직진우회전진행방해,건조,맑음,교차로 - 교차로안,승용,남,47세,경상,승용,남,34세,경상
2013112000100438,2013년 11월 20일 18시,수요일,전라북도 익산시 춘포면,경상사고,0,0,1,0,차대차 - 추돌 - 주정차중,안전운전불이행,건조,맑음,단일로 - 기타,화물,남,46세,상해없음,승용,남,44세,경상
2013112000100439,2013년 11월 20일 18시,수요일,전라북도 진안군 진안읍,경상사고,0,0,1,0,차대차 - 추돌 - 주정차중,안전운전불이행,건조,맑음,단일로 - 기타,승용,남,46세,경상,화물,남,43세,기타불명
2013112000100495,2013년 11월 20일 19시,수요일,전라북도 전주시 완산구 풍남동3가,중상사고,0,1,1,0,차대차 - 측면직각충돌,안전거리미확보,건조,맑음,교차로 - 교차로부근,승용,여,24세,상해없음,화물,남,64세,경상
2013112000100496,2013년 11월 20일 19시,수요일,전라북도 익산시 어양동,경상사고,0,0,2,0,차대차 - 기타,직진우회전진행방해,건조,맑음,교차로 - 교차로안,승용,남,72세,상해없음,승용,남,56세,경상
2013112000100497,2013년 11월 20일 19시,수요일,전라북도 남원시 향교동,중상사고,0,1,0,0,차대사람 - 횡단중,보행자보호의무위반,건조,맑음,단일로 - 횡단보도상,승용,남,60세,상해없음,보행자,여,70세,중상
2013112000100563,2013년 11월 20일 21시,수요일,전라북도 익산시 송학동,경상사고,0,0,2,0,차대차 - 기타,안전운전불이행,건조,맑음,교차로 - 교차로안,승용,남,56세,상해없음,승용,여,51세,경상
2013112000100564,2013년 11월 20일 21시,수요일,전라북도 장수군 번암면,경상사고,0,0,1,0,차대사람 - 횡단중,안전운전불이행,건조,맑음,단일로 - 기타,승용,여,43세,상해없음,보행자,남,49세,경상
2013112000100624,2013년 11월 20일 23시,수요일,전라북도 전주시 덕진구 송천동1가,경상사고,0,0,5,0,차대차 - 추돌 - 진행중,안전운전불이행,건조,맑음,교차로 - 교차로부근,승용,남,35세,상해없음,승용,여,40세,경상
2013112000100625,2013년 11월 20일 23시,수요일,전라북도 익산시 남중동,경상사고,0,0,1,0,차대차 - 추돌 - 주정차중,안전운전불이행,건조,맑음,단일로 - 기타,승용,남,61세,상해없음,승용,남,42세,경상
2013112100100041,2013년 11월 21일 02시,목요일,전라북도 익산시 동산동,경상사고,0,0,4,0,차대차 - 기타,안전운전불이행,건조,맑음,교차로 - 교차로부근,승용,여,41세,상해없음,승용,남,41세,경상
2013112100100061,2013년 11월 21일 05시,목요일,전라북도 정읍시 수성동,경상사고,0,0,1,0,차대차 - 추돌 - 주정차중,안전운전불이행,건조,흐림,단일로 - 기타,승용,남,67세,상해없음,승용,남,35세,상해없음
2013112100100093,2013년 11월 21일 07시,목요일,전라북도 군산시 조촌동,중상사고,0,1,0,0,차대차 - 측면직각충돌,직진우회전진행방해,건조,맑음,교차로 - 교차로안,승용,여,41세,상해없음,승용,남,56세,중상
2013112100100094,2013년 11월 21일 07시,목요일,전라북도 군산시 경암동,중상사고,0,1,0,0,차대차 - 측면직각충돌,안전운전불이행,건조,맑음,교차로 - 교차로부근,화물,남,44세,상해없음,자전거,남,27세,중상
2013112100100095,2013년 11월 21일 07시,목요일,전라북도 김제시 성덕면,중상사고,0,2,0,0,차대차 - 측면직각충돌,안전운전불이행,건조,맑음,단일로 - 기타,건설기계,남,47세,상해없음,승용,여,48세,중상
2013112100100130,2013년 11월 21일 08시,목요일,전라북도 전주시 완산구 효자동3가,중상사고,0,2,1,0,차대사람 - 횡단중,신호위반,건조,맑음,교차로 - 교차로부근,승용,여,38세,상해없음,보행자,여,13세,중상
2013112100100131,2013년 11월 21일 08시,목요일,전라북도 전주시 완산구 중화산동1가,경상사고,0,0,1,0,차대차 - 기타,안전운전불이행,건조,맑음,단일로 - 기타,승용,여,48세,상해없음,승용,남,60세,경상
2013112100100132,2013년 11월 21일 08시,목요일,전라북도 익산시 목천동,경상사고,0,0,1,0,차량단독 - 공작물충돌,안전운전불이행,건조,맑음,단일로 - 기타,승용,여,29세,경상,,,,
2013112100100164,2013년 11월 21일 09시,목요일,전라북도 군산시 미룡동,경상사고,0,0,1,0,차대차 - 추돌 - 주정차중,안전거리미확보,건조,맑음,단일로 - 기타,건설기계,남,28세,상해없음,화물,남,36세,경상