사고번호,사고일시,요일,시군구,사고내용,사망자수,중상자수,경상자수,부상신고자수,사고유형,법규위반,노면상태,기상상태,도로형태,가해운전자 차종,가해운전자 성별,가해운전자 연령,가해운전자 상해정도,피해운전자 차종,피해운전자 성별,피해운전자 연령,피해운전자 상해정도
2013112500100283,2013년 11월 25일 12시,월요일,전라북도 군산시 조촌동,경상사고,0,0,1,0,차대차 - 측면직각충돌,중앙선침범,건조,맑음,단일로 - 기타,승용,남,61세,상해없음,승용,남,30세,경상
2013112500100284,2013년 11월 25일 12시,월요일,전라북도 익산시 신동,경상사고,0,0,2,0,차대차 - 정면충돌,신호위반,건조,맑음,교차로 - 교차로안,승용,남,22세,상해없음,승용,남,53세,경상
2013112500100337,2013년 11월 25일 14시,월요일,전라북도 전주시 덕진구 송천동2가,경상사고,0,0,1,1,차대차 - 측면직각충돌,신호위반,건조,맑음,교차로 - 교차로안,승용,여,52세,상해없음,승용,여,48세,부상신고
2013112500100338,2013년 11월 25일 14시,월요일,전라북도 순창군 적성면,경상사고,0,0,4,0,차대차 - 측면직각충돌,직진우회전진행방해,건조,맑음,교차로 - 교차로안,화물,남,42세,경상,승용,남,69세,경상
2013112500100339,2013년 11월 25일 14시,월요일,전라북도 무주군 무풍면,경상사고,0,0,1,0,차량단독 - 전도전복,안전운전불이행,건조,맑음,교차로 - 교차로부근,화물,남,39세,상해없음,,,,
2013112500100364,2013년 11월 25일 15시,월요일,전라북도 군산시 문화동,경상사고,0,0,1,0,차대사람 - 차도통행중,안전운전불이행,건조,맑음,단일로 - 기타,화물,남,52세,상해없음,보행자,남,13세,경상
2013112500100421,2013년 11월 25일 17시,월요일,전라북도 고창군 신림면,중상사고,0,1,1,0,차대차 - 추돌 - 진행중,차로위반,습기,맑음,교차로 - 교차로안,특수,남,38세,상해없음,승용,여,54세,중상
2013112500100530,2013년 11월 25일 19시,월요일,전라북도 전주시 덕진구 금암동,경상사고,0,0,1,0,차대사람 - 기타,안전운전불이행,건조,맑음,단일로 - 기타,승용,여,53세,상해없음,보행자,여,58세,경상
2013112500100531,2013년 11월 25일 19시,월요일,전라북도 남원시 광치동,사망사고,1,0,0,0,차대사람 - 차도통행중,과속,습기,흐림,교차로 - 교차로안,승용,남,46세,상해없음,보행자,남,23세,사망
2013112500100559,2013년 11월 25일 20시,월요일,전라북도 전주시 덕진구 우아동1가,경상사고,0,0,1,0,차대사람 - 횡단중,안전운전불이행,건조,맑음,교차로 - 교차로안,승용,남,70세,상해없음,보행자,남,42세,경상
2013112500100560,2013년 11월 25일 20시,월요일,전라북도 남원시 송동면,경상사고,0,0,1,0,차대차 - 정면충돌,중앙선침범,습기,흐림,교차로 - 교차로안,화물,남,59세,상해없음,화물,남,30세,경상
2013112500100574,2013년 11월 25일 21시,월요일,전라북도 군산시 수송동,경상사고,0,0,2,0,차대차 - 추돌 - 진행중,안전거리미확보,습기,비,단일로 - 기타,승용,남,37세,상해없음,화물,여,40세,경상
2013112500100575,2013년 11월 25일 21시,월요일,전라북도 익산시 마동,중상사고,0,1,0,0,차대사람 - 횡단중,안전운전불이행,건조,맑음,교차로 - 교차로안,승용,여,53세,상해없음,보행자,남,49세,중상
2013112500100576,2013년 11월 25일 21시,월요일,전라북도 고창군 성내면,경상사고,0,0,1,0,차대차 - 추돌 - 주정차중,안전운전불이행,건조,맑음,교차로 - 교차로안,화물,기타불명,기타불명,기타불명,승용,남,46세,경상
2013112500100599,2013년 11월 25일 22시,월요일,전라북도 익산시 모현동1가,경상사고,0,0,1,0,차대사람 - 기타,안전운전불이행,건조,맑음,단일로 - 기타,승용,기타불명,기타불명,기타불명,보행자,남,47세,경상
2013112500100619,2013년 11월 25일 23시,월요일,전라북도 부안군 부안읍,경상사고,0,0,2,0,차대차 - 기타,안전운전불이행,건조,맑음,교차로 - 교차로안,승용,남,28세,상해없음,승용,남,31세,상해없음
2013112600100026,2013년 11월 26일 01시,화요일,전라북도 익산시 부송동,경상사고,0,0,2,0,차대차 - 추돌 - 주정차중,안전운전불이행,건조,맑음,교차로 - 교차로부근,승용,남,51세,상해없음,승용,남,57세,경상
2013112600100075,2013년 11월 26일 06시,화요일,전라북도 전주시 덕진구 금암동,경상사고,0,0,1,0,차대사람 - 차도통행중,안전운전불이행,건조,맑음,단일로 - 기타,기타불명,기타불명,기타불명,기타불명,보행자,남,17세,경상
2013112600100076,2013년 11월 26일 06시,화요일,전라북도 김제시 금구면,중상사고,0,1,0,0,차대차 - 측면직각충돌,교차로운행방법위반,건조,맑음,교차로 - 교차로안,건설기계,남,53세,상해없음,승용,남,34세,중상
2013112600100077,2013년 11월 26일 06시,화요일,전라북도 고창군 아산면,사망사고,1,0,0,0,차대차 - 추돌 - 주정차중,안전운전불이행,건조,맑음,교차로 - 교차로부근,승용,남,39세,기타불명,화물,남,31세,사망
2013112600100099,2013년 11월 26일 07시,화요일,전라북도 전주시 덕진구 여의동,경상사고,0,0,1,0,차대차 - 측면직각충돌,불법유턴,건조,맑음,단일로 - 기타,화물,남,44세,상해없음,화물,남,50세,경상
2013112600100100,2013년 11월 26일 07시,화요일,전라북도 익산시 신동,경상사고,0,0,1,0,차대차 - 측면직각충돌,직진우회전진행방해,건조,맑음,교차로 - 교차로부근,승용,남,64세,상해없음,승용,남,54세,경상
2013112600100139,2013년 11월 26일 08시,화요일,전라북도 전주시 덕진구 여의동,사망사고,1,0,0,0,차대차 - 측면직각충돌,불법유턴,건조,맑음,단일로 - 기타,이륜,남,79세,사망,승용,남,44세,상해없음
2013112600100140,2013년 11월 26일 08시,화요일,전라북도 익산시 평화동,중상사고,0,1,0,0,차대사람 - 차도통행중,안전운전불이행,건조,맑음,교차로 - 교차로안,승용,여,38세,상해없음,보행자,남,14세,중상
2013112600100141,2013년 11월 26일 08시,화요일,전라북도 익산시 함열읍,경상사고,0,0,1,0,차대차 - 기타,기타,건조,맑음,단일로 - 기타,건설기계,남,58세,상해없음,화물,남,52세,경상
2013112600100142,2013년 11월 26일 08시,화요일,전라북도 남원시 동충동,중상사고,0,1,0,0,차대사람 - 기타,안전운전불이행,건조,맑음,교차로 - 교차로부근,승용,남,48세,상해없음,보행자,여,49세,중상
2013112600100200,2013년 11월 26일 09시,화요일,전라북도 군산시 개정면,사망사고,1,9,4,0,차대차 - 측면직각충돌,신호위반,건조,맑음,교차로 - 교차로안,건설기계,남,49세,상해없음,승합,남,56세,중상
2013112600100229,2013년 11월 26일 10시,화요일,전라북도 익산시 신흥동,경상사고,0,0,1,0,차대차 - 측면직각충돌,신호위반,건조,맑음,교차로 - 교차로안,승용,남,77세,상해없음,승용,남,60세,경상
2013112600100230,2013년 11월 26일 10시,화요일,전라북도 김제시 요촌동,중상사고,0,1,0,0,차대사람 - 길가장자리구역통행중,중앙선침범,건조,맑음,단일로 - 기타,이륜,남,71세,상해없음,보행자,여,83세,중상
2013112600100307,2013년 11월 26일 13시,화요일,전라북도 전주시 완산구 전동,중상사고,0,1,0,0,차대사람 - 횡단중,보행자보호의무위반,건조,맑음,단일로 - 횡단보도상,승용,남,84세,상해없음,보행자,여,30세,중상
2013112600100308,2013년 11월 26일 13시,화요일,전라북도 정읍시 농소동,중상사고,0,2,0,0,차대차 - 측면직각충돌,안전거리미확보,건조,맑음,교차로 - 교차로안,이륜,남,76세,중상,승용,여,48세,상해없음
2013112600100332,2013년 11월 26일 14시,화요일,전라북도 정읍시 산외면,경상사고,0,0,2,0,차대차 - 추돌 - 진행중,과속,건조,맑음,교차로 - 교차로안,화물,남,63세,경상,화물,남,67세,경상
2013112600100333,2013년 11월 26일 14시,화요일,전라북도 진안군 안천면,중상사고,0,1,1,0,차대차 - 측면직각충돌,중앙선침범,건조,맑음,교차로 - 교차로안,승용,여,57세,상해없음,승용,남,71세,경상
2013112600100370,2013년 11월 26일 15시,화요일,전라북도 전주시 덕진구 금암동,경상사고,0,0,1,0,차대사람 - 길가장자리구역통행중,안전운전불이행,건조,맑음,단일로 - 기타,승용,남,25세,상해없음,보행자,남,56세,경상
2013112600100435,2013년 11월 26일 17시,화요일,전라북도 전주시 완산구 효자동3가,경상사고,0,0,2,0,차대차 - 측면직각충돌,중앙선침범,건조,맑음,교차로 - 교차로부근,승용,남,41세,상해없음,승용,남,69세,경상
2013112600100436,2013년 11월 26일 17시,화요일,전라북도 전주시 완산구 중노송동,중상사고,0,1,0,0,차대차 - 측면직각충돌,중앙선침범,건조,기타,단일로 - 기타,승용,여,52세,상해없음,승용,여,39세,중상
2013112600100437,2013년 11월 26일 17시,화요일,전라북도 익산시 부송동,경상사고,0,0,1,0,차대사람 - 횡단중,기타,건조,맑음,단일로 - 기타,승용,남,31세,상해없음,보행자,여,8세,경상
2013112600100438,2013년 11월 26일 17시,화요일,전라북도 진안군 진안읍,경상사고,0,0,2,0,차대차 - 측면직각충돌,안전운전불이행,건조,맑음,교차로 - 교차로안,승합,남,53세,상해없음,화물,남,35세,상해없음
2013112600100498,2013년 11월 26일 18시,화요일,전라북도 전주시 완산구 효자동3가,중상사고,0,1,0,0,차대차 - 정면충돌,중앙선침범,건조,맑음,단일로 - 기타,승용,남,56세,상해없음,이륜,남,25세,중상
2013112600100499,2013년 11월 26일 18시,화요일,전라북도 익산시 덕기동,경상사고,0,0,1,0,차대차 - 추돌 - 진행중,안전운전불이행,건조,맑음,단일로 - 기타,화물,남,60세,상해없음,승용,남,51세,경상
2013112600100500,2013년 11월 26일 18시,화요일,전라북도 정읍시 신태인읍,중상사고,0,1,0,0,차대사람 - 횡단중,안전운전불이행,건조,맑음,단일로 - 기타,승용,남,67세,상해없음,보행자,여,83세,중상
2013112600100501,2013년 11월 26일 18시,화요일,전라북도 김제시 연정동,경상사고,0,0,1,0,차대차 - 정면충돌,신호위반,건조,맑음,교차로 - 교차로부근,화물,여,62세,상해없음,승용,남,54세,경상
2013112600100502,2013년 11월 26일 18시,화요일,전라북도 남원시 금지면,중상사고,0,1,0,0,차대사람 - 차도통행중,안전운전불이행,건조,맑음,단일로 - 기타,화물,남,61세,상해없음,보행자,남,75세,중상
2013112600100536,2013년 11월 26일 19시,화요일,전라북도 전주시 덕진구 금암동,경상사고,0,0,1,0,차대차 - 측면직각충돌,신호위반,건조,맑음,교차로 - 교차로안,승용,여,56세,상해없음,승용,여,54세,경상
2013112600100598,2013년 11월 26일 21시,화요일,전라북도 남원시 동충동,중상사고,0,1,0,0,차대차 - 기타,안전운전불이행,건조,맑음,단일로 - 기타,승용,여,38세,상해없음,자전거,여,69세,중상
2013112600100629,2013년 11월 26일 22시,화요일,전라북도 군산시 수송동,경상사고,0,0,1,0,차대사람 - 차도통행중,안전운전불이행,건조,맑음,교차로 - 교차로안,승용,여,34세,상해없음,보행자,남,49세,경상
2013112600100661,2013년 11월 26일 23시,화요일,전라북도 전주시 덕진구 호성동1가,중상사고,0,1,1,0,차대차 - 측면직각충돌,신호위반,건조,맑음,교차로 - 교차로안,승용,남,26세,상해없음,승용,여,23세,경상
2013112700100055,2013년 11월 27일 03시,수요일,전라북도 전주시 완산구 효자동2가,중상사고,0,1,0,0,차대사람 - 기타,안전운전불이행,습기,비,교차로 - 교차로부근,승용,남,32세,상해없음,보행자,남,22세,중상
2013112700100070,2013년 11월 27일 05시,수요일,전라북도 군산시 미원동,중상사고,0,1,0,0,차대사람 - 차도통행중,안전운전불이행,습기,비,단일로 - 기타,승용,남,31세,상해없음,보행자,여,71세,중상
2013112700100108,2013년 11월 27일 07시,수요일,전라북도 김제시 광활면,경상사고,0,0,5,0,차대차 - 추돌 - 진행중,안전운전불이행,습기,비,교차로 - 교차로안,화물,남,55세,상해없음,승용,여,49세,경상
2013112700100109,2013년 11월 27일 07시,수요일,전라북도 부안군 부안읍,중상사고,0,2,2,1,차대차 - 측면직각충돌,교차로운행방법위반,습기,비,교차로 - 교차로안,승용,남,25세,부상신고,승용,남,76세,중상
2013112700100131,2013년 11월 27일 08시,수요일,전라북도 익산시 신흥동,경상사고,0,0,1,0,차대차 - 기타,안전거리미확보,습기,비,교차로 - 교차로부근,승합,남,42세,상해없음,승용,여,39세,경상
2013112700100163,2013년 11월 27일 09시,수요일,전라북도 익산시 왕궁면,경상사고,0,0,1,0,차대차 - 기타,안전운전불이행,결빙,눈,단일로 - 기타,승용,여,53세,상해없음,승용,남,50세,경상
2013112700100198,2013년 11월 27일 11시,수요일,전라북도 전주시 덕진구 우아동3가,경상사고,0,0,1,0,차대사람 - 횡단중,신호위반,습기,비,교차로 - 교차로안,승합,남,54세,상해없음,보행자,남,69세,경상
2013112700100252,2013년 11월 27일 13시,수요일,전라북도 부안군 부안읍,중상사고,0,1,0,0,차대차 - 측면직각충돌,안전운전불이행,습기,흐림,교차로 - 교차로안,건설기계,남,60세,상해없음,이륜,남,75세,중상
2013112700100285,2013년 11월 27일 14시,수요일,전라북도 정읍시 상동,부상신고사고,0,0,0,1,차대사람 - 기타,안전운전불이행,습기,비,기타 - 기타,화물,남,45세,상해없음,보행자,여,47세,부상신고
2013112700100286,2013년 11월 27일 14시,수요일,전라북도 임실군 관촌면,사망사고,1,0,0,0,차량단독 - 공작물충돌,안전운전불이행,습기,눈,단일로 - 기타,승용,남,58세,사망,,,,
2013112700100316,2013년 11월 27일 15시,수요일,전라북도 전주시 덕진구 인후동1가,경상사고,0,0,1,0,차대차 - 추돌 - 진행중,안전운전불이행,건조,맑음,교차로 - 교차로부근,승용,남,66세,상해없음,승용,남,36세,경상
2013112700100317,2013년 11월 27일 15시,수요일,전라북도 고창군 고창읍,중상사고,0,1,0,0,차대차 - 측면직각충돌,안전거리미확보,습기,흐림,단일로 - 기타,승용,남,75세,상해없음,승용,여,25세,중상
2013112700100352,2013년 11월 27일 16시,수요일,전라북도 전주시 완산구 효자동1가,경상사고,0,0,1,0,차대차 - 기타,신호위반,건조,맑음,단일로 - 횡단보도상,승용,남,61세,상해없음,원동기,남,37세,경상
2013112700100353,2013년 11월 27일 16시,수요일,전라북도 완주군 삼례읍,경상사고,0,0,3,0,차대차 - 기타,직진우회전진행방해,습기,눈,교차로 - 교차로안,승용,남,21세,상해없음,승용,여,36세,경상
2013112700100396,2013년 11월 27일 17시,수요일,전라북도 남원시 향교동,중상사고,0,1,0,0,차대차 - 측면직각충돌,직진우회전진행방해,습기,눈,교차로 - 교차로안,화물,남,48세,상해없음,자전거,남,66세,중상
2013112700100397,2013년 11월 27일 17시,수요일,전라북도 남원시 운봉읍,경상사고,0,0,1,0,차대차 - 측면직각충돌,중앙선침범,결빙,눈,단일로 - 기타,화물,남,44세,상해없음,승용,여,44세,경상
2013112700100449,2013년 11월 27일 18시,수요일,전라북도 전주시 완산구 태평동,경상사고,0,0,1,0,차대사람 - 횡단중,보행자보호의무위반,습기,눈,교차로 - 교차로안,승용,여,33세,상해없음,보행자,남,21세,경상
2013112700100450,2013년 11월 27일 18시,수요일,전라북도 전주시 덕진구 호성동2가,경상사고,0,0,1,0,차대차 - 측면직각충돌,안전운전불이행,습기,눈,교차로 - 교차로안,승용,남,45세,상해없음,승용,남,64세,경상
2013112700100451,2013년 11월 27일 18시,수요일,전라북도 정읍시 상동,경상사고,0,0,1,0,차대차 - 정면충돌,중앙선침범,습기,눈,교차로 - 교차로부근,승용,남,54세,상해없음,승용,남,37세,경상
2013112700100452,2013년 11월 27일 18시,수요일,전라북도 정읍시 상동,경상사고,0,0,1,0,차대차 - 추돌 - 진행중,안전운전불이행,결빙,눈,단일로 - 기타,승용,남,26세,상해없음,승용,여,39세,경상
2013112700100500,2013년 11월 27일 19시,수요일,전라북도 전주시 완산구 효자동1가,중상사고,0,1,0,0,차대사람 - 횡단중,보행자보호의무위반,적설,눈,교차로 - 교차로부근,승용,남,57세,상해없음,보행자,남,64세,중상
2013112700100501,2013년 11월 27일 19시,수요일,전라북도 전주시 덕진구 덕진동1가,경상사고,0,0,3,0,차대차 - 측면직각충돌,안전거리미확보,습기,눈,단일로 - 기타,승합,남,44세,상해없음,승용,남,29세,경상
2013112700100502,2013년 11월 27일 19시,수요일,전라북도 전주시 덕진구 인후동1가,경상사고,0,0,1,0,차대차 - 정면충돌,안전운전불이행,습기,눈,교차로 - 교차로안,승용,남,46세,상해없음,이륜,남,40세,경상
2013112700100503,2013년 11월 27일 19시,수요일,전라북도 익산시 신용동,중상사고,0,1,0,0,차대차 - 추돌 - 주정차중,안전거리미확보,적설,눈,교차로 - 교차로부근,승용,남,74세,상해없음,승합,남,39세,상해없음
2013112700100504,2013년 11월 27일 19시,수요일,전라북도 익산시 신용동,중상사고,0,1,1,0,차대차 - 추돌 - 주정차중,안전거리미확보,적설,눈,단일로 - 기타,화물,남,45세,상해없음,승용,남,74세,경상
2013112700100534,2013년 11월 27일 20시,수요일,전라북도 남원시 금동,경상사고,0,0,6,0,차대차 - 기타,직진우회전진행방해,습기,눈,교차로 - 교차로안,승용,여,65세,상해없음,승용,남,35세,경상
2013112700100574,2013년 11월 27일 21시,수요일,전라북도 전주시 덕진구 반월동,중상사고,0,1,0,0,차대사람 - 횡단중,안전운전불이행,습기,눈,단일로 - 기타,이륜,남,16세,상해없음,보행자,남,42세,중상
2013112700100575,2013년 11월 27일 21시,수요일,전라북도 순창군 순창읍,사망사고,1,0,1,0,차대차 - 정면충돌,안전운전불이행,적설,눈,단일로 - 기타,승용,남,36세,사망,화물,남,50세,경상
2013112700100609,2013년 11월 27일 22시,수요일,전라북도 고창군 아산면,경상사고,0,0,1,0,차대차 - 측면직각충돌,중앙선침범,적설,눈,단일로 - 기타,승용,남,37세,상해없음,승용,남,44세,경상
2013112700100640,2013년 11월 27일 23시,수요일,전라북도 전주시 완산구 서신동,경상사고,0,0,2,0,차대차 - 추돌 - 주정차중,안전운전불이행,적설,눈,단일로 - 기타,승용,여,42세,상해없음,승용,여,38세,경상
2013112700100641,2013년 11월 27일 23시,수요일,전라북도 전주시 덕진구 산정동,경상사고,0,0,4,0,차대차 - 기타,중앙선침범,습기,눈,단일로 - 기타,승용,남,52세,상해없음,승용,남,25세,경상
2013112700100642,2013년 11월 27일 23시,수요일,전라북도 임실군 성수면,경상사고,0,0,1,0,차대차 - 추돌 - 진행중,안전운전불이행,적설,눈,단일로 - 기타,승용,남,39세,상해없음,화물,남,40세,경상
2013112800100010,2013년 11월 28일 00시,목요일,전라북도 전주시 완산구 서완산동1가,경상사고,0,0,1,0,차량단독 - 기타,안전운전불이행,결빙,눈,단일로 - 기타,승용,남,62세,상해없음,,,,
2013112800100011,2013년 11월 28일 00시,목요일,전라북도 전주시 덕진구 덕진동1가,경상사고,0,0,2,0,차대차 - 측면직각충돌,안전운전불이행,결빙,눈,교차로 - 교차로안,승용,남,42세,경상,승용,남,39세,경상
2013112800100033,2013년 11월 28일 01시,목요일,전라북도 전주시 덕진구 송천동2가,중상사고,0,1,2,0,차대차 - 측면직각충돌,중앙선침범,적설,눈,단일로 - 기타,화물,남,45세,상해없음,승용,남,21세,중상
2013112800100034,2013년 11월 28일 01시,목요일,전라북도 정읍시 상동,경상사고,0,0,1,0,차대차 - 추돌 - 주정차중,안전운전불이행,결빙,눈,단일로 - 기타,승용,남,61세,상해없음,승용,남,50세,기타불명
2013112800100045,2013년 11월 28일 02시,목요일,전라북도 익산시 부송동,경상사고,0,0,1,0,차대차 - 측면직각충돌,직진우회전진행방해,적설,눈,교차로 - 교차로안,화물,남,54세,상해없음,화물,여,53세,경상
2013112800100076,2013년 11월 28일 06시,목요일,전라북도 부안군 상서면,경상사고,0,0,1,0,차량단독 - 공작물충돌,안전운전불이행,습기,눈,교차로 - 교차로부근,화물,남,56세,경상,,,,
2013112800100094,2013년 11월 28일 07시,목요일,전라북도 전주시 완산구 동서학동,경상사고,0,0,1,0,차대차 - 기타,안전운전불이행,적설,눈,단일로 - 기타,승용,남,53세,상해없음,승용,남,30세,경상
2013112800100095,2013년 11월 28일 07시,목요일,전라북도 김제시 금구면,경상사고,0,0,2,0,차대차 - 측면직각충돌,안전거리미확보,적설,눈,단일로 - 기타,승합,남,50세,상해없음,승용,남,69세,경상
2013112800100129,2013년 11월 28일 08시,목요일,전라북도 임실군 임실읍,중상사고,0,1,0,0,차대사람 - 길가장자리구역통행중,안전운전불이행,적설,비,단일로 - 기타,승용,남,60세,상해없음,보행자,여,84세,중상
2013112800100130,2013년 11월 28일 08시,목요일,전라북도 완주군 삼례읍,경상사고,0,0,2,0,차대차 - 기타,안전운전불이행,결빙,눈,단일로 - 기타,승용,남,43세,상해없음,승용,남,25세,경상
2013112800100200,2013년 11월 28일 10시,목요일,전라북도 군산시 성산면,경상사고,0,0,3,0,차대차 - 측면직각충돌,안전운전불이행,적설,흐림,단일로 - 기타,승용,남,57세,기타불명,승합,남,61세,경상
2013112800100201,2013년 11월 28일 10시,목요일,전라북도 군산시 성산면,중상사고,0,1,0,0,차량단독 - 공작물충돌,안전운전불이행,적설,흐림,단일로 - 기타,화물,남,42세,상해없음,,,,
2013112800100202,2013년 11월 28일 10시,목요일,전라북도 군산시 성산면,사망사고,1,0,1,0,차대차 - 측면직각충돌,중앙선침범,결빙,흐림,단일로 - 교량,화물,남,29세,사망,특수,남,74세,경상
2013112800100203,2013년 11월 28일 10시,목요일,전라북도 임실군 성수면,경상사고,0,0,1,0,차대차 - 기타,안전운전불이행,습기,눈,교차로 - 교차로부근,특수,남,59세,상해없음,화물,남,54세,경상
2013112800100243,2013년 11월 28일 12시,목요일,전라북도 군산시 경암동,경상사고,0,0,1,0,차대차 - 추돌 - 진행중,안전운전불이행,건조,흐림,교차로 - 교차로부근,승용,여,53세,상해없음,화물,남,40세,경상
2013112800100268,2013년 11월 28일 13시,목요일,전라북도 익산시 어양동,경상사고,0,0,1,0,차대사람 - 횡단중,안전운전불이행,습기,눈,단일로 - 기타,화물,남,54세,상해없음,보행자,여,27세,경상
2013112800100294,2013년 11월 28일 14시,목요일,전라북도 부안군 줄포면,중상사고,0,1,0,0,차대차 - 기타,안전거리미확보,건조,맑음,단일로 - 기타,화물,남,62세,상해없음,자전거,남,82세,중상
2013112800100324,2013년 11월 28일 15시,목요일,전라북도 전주시 완산구 서신동,경상사고,0,0,1,0,차대사람 - 횡단중,안전운전불이행,건조,맑음,단일로 - 기타,승용,남,56세,상해없음,보행자,남,14세,경상
2013112800100325,2013년 11월 28일 15시,목요일,전라북도 완주군 구이면,경상사고,0,0,1,0,차대차 - 기타,안전운전불이행,습기,맑음,단일로 - 기타,승용,남,30세,상해없음,화물,남,55세,상해없음
2013112800100387,2013년 11월 28일 17시,목요일,전라북도 부안군 보안면,중상사고,0,1,5,0,차대차 - 측면직각충돌,중앙선침범,건조,맑음,단일로 - 기타,승용,남,55세,상해없음,화물,남,35세,경상
2013112800100430,2013년 11월 28일 18시,목요일,전라북도 부안군 부안읍,경상사고,0,0,1,0,차대사람 - 횡단중,직진우회전진행방해,건조,맑음,교차로 - 교차로안,승용,여,41세,상해없음,보행자,여,66세,경상
2013112800100487,2013년 11월 28일 19시,목요일,전라북도 전주시 덕진구 남정동,경상사고,0,0,1,0,차대차 - 추돌 - 진행중,안전거리미확보,습기,눈,단일로 - 기타,화물,남,51세,상해없음,농기계,남,63세,경상
2013112800100517,2013년 11월 28일 20시,목요일,전라북도 익산시 부송동,경상사고,0,0,1,0,차대사람 - 횡단중,안전운전불이행,적설,흐림,기타 - 기타,승용,남,42세,상해없음,보행자,남,34세,경상
2013112800100552,2013년 11월 28일 21시,목요일,전라북도 익산시 신동,중상사고,0,5,7,0,차대차 - 측면직각충돌,중앙선침범,습기,눈,단일로 - 기타,승용,남,67세,상해없음,승용,여,32세,중상
2013112800100584,2013년 11월 28일 22시,목요일,전라북도 전주시 완산구 효자동2가,경상사고,0,0,1,0,차대사람 - 기타,안전운전불이행,건조,맑음,단일로 - 기타,승용,남,40세,상해없음,보행자,여,21세,경상
2013112800100585,2013년 11월 28일 22시,목요일,전라북도 전주시 완산구 중화산동2가,중상사고,0,1,0,0,차대사람 - 기타,안전운전불이행,건조,맑음,단일로 - 기타,승용,남,41세,상해없음,보행자,남,51세,중상
2013112800100586,2013년 11월 28일 22시,목요일,전라북도 전주시 덕진구 팔복동2가,경상사고,0,0,1,0,차대사람 - 차도통행중,안전운전불이행,습기,눈,단일로 - 기타,승합,남,25세,상해없음,보행자,남,49세,경상
2013112800100587,2013년 11월 28일 22시,목요일,전라북도 익산시 오산면,경상사고,0,0,4,0,차대차 - 측면직각충돌,안전운전불이행,결빙,눈,단일로 - 교량,승용,남,22세,상해없음,승용,남,46세,경상
2013112800100588,2013년 11월 28일 22시,목요일,전라북도 부안군 행안면,사망사고,1,0,0,0,차량단독 - 공작물충돌,안전운전불이행,습기,눈,단일로 - 기타,화물,남,46세,사망,,,,
2013112800100617,2013년 11월 28일 23시,목요일,전라북도 익산시 신동,경상사고,0,0,2,0,차대차 - 측면직각충돌,안전운전불이행,결빙,눈,단일로 - 기타,승용,여,46세,상해없음,승용,여,30세,경상
2013112900100023,2013년 11월 29일 01시,금요일,전라북도 군산시 나운동,경상사고,0,0,1,0,차대차 - 추돌 - 진행중,안전운전불이행,습기,눈,단일로 - 기타,승용,남,38세,상해없음,승용,여,38세,경상
2013112900100076,2013년 11월 29일 06시,금요일,전라북도 군산시 옥산면,경상사고,0,0,1,0,차대차 - 추돌 - 진행중,안전운전불이행,결빙,흐림,단일로 - 기타,승용,남,50세,상해없음,승합,남,53세,경상
2013112900100095,2013년 11월 29일 07시,금요일,전라북도 군산시 내흥동,경상사고,0,0,2,0,차량단독 - 공작물충돌,안전운전불이행,결빙,눈,단일로 - 기타,승용,남,57세,상해없음,,,,
2013112900100096,2013년 11월 29일 07시,금요일,전라북도 익산시 낭산면,사망사고,1,1,0,0,차대차 - 정면충돌,중앙선침범,결빙,맑음,단일로 - 기타,화물,남,63세,중상,승용,남,33세,사망
2013112900100097,2013년 11월 29일 07시,금요일,전라북도 익산시 인화동1가,경상사고,0,0,5,0,차대차 - 측면직각충돌,신호위반,습기,맑음,교차로 - 교차로안,승용,남,27세,상해없음,승합,남,52세,경상
2013112900100098,2013년 11월 29일 07시,금요일,전라북도 익산시 신동,경상사고,0,0,1,0,차대차 - 측면직각충돌,안전운전불이행,결빙,눈,단일로 - 기타,승용,남,40세,상해없음,승용,남,34세,경상
2013112900100099,2013년 11월 29일 07시,금요일,전라북도 남원시 사매면,중상사고,0,1,1,0,차대차 - 기타,안전운전불이행,결빙,흐림,단일로 - 기타,화물,남,50세,상해없음,승용,여,46세,경상
2013112900100139,2013년 11월 29일 08시,금요일,전라북도 군산시 서수면,중상사고,0,2,11,0,차대차 - 추돌 - 진행중,안전운전불이행,결빙,눈,단일로 - 교량,승용,남,52세,상해없음,승용,남,50세,경상
2013112900100140,2013년 11월 29일 08시,금요일,전라북도 군산시 조촌동,중상사고,0,1,0,0,차대차 - 측면직각충돌,신호위반,습기,눈,교차로 - 교차로안,화물,남,39세,상해없음,승용,남,31세,중상
2013112900100141,2013년 11월 29일 08시,금요일,전라북도 군산시 개정동,경상사고,0,0,1,0,차대차 - 추돌 - 진행중,안전거리미확보,건조,맑음,교차로 - 교차로안,승용,남,55세,상해없음,승용,여,32세,경상
2013112900100142,2013년 11월 29일 08시,금요일,전라북도 익산시 오산면,경상사고,0,0,1,0,차대차 - 기타,안전운전불이행,결빙,안개,단일로 - 기타,승용,여,45세,상해없음,승용,여,47세,기타불명
2013112900100183,2013년 11월 29일 09시,금요일,전라북도 군산시 산북동,중상사고,0,1,0,0,차대사람 - 기타,안전운전불이행,적설,눈,단일로 - 기타,승용,남,24세,상해없음,보행자,남,66세,중상