사고번호,사고일시,요일,시군구,사고내용,사망자수,중상자수,경상자수,부상신고자수,사고유형,법규위반,노면상태,기상상태,도로형태,가해운전자 차종,가해운전자 성별,가해운전자 연령,가해운전자 상해정도,피해운전자 차종,피해운전자 성별,피해운전자 연령,피해운전자 상해정도
2013112900100241,2013년 11월 29일 11시,금요일,전라북도 전주시 완산구 전동,중상사고,0,1,0,0,차대차 - 측면직각충돌,신호위반,건조,맑음,교차로 - 교차로안,원동기,남,58세,중상,승용,남,72세,상해없음
2013112900100300,2013년 11월 29일 13시,금요일,전라북도 부안군 백산면,중상사고,0,1,0,0,차대차 - 기타,안전운전불이행,건조,맑음,교차로 - 교차로부근,화물,기타불명,기타불명,기타불명,이륜,남,79세,중상
2013112900100336,2013년 11월 29일 14시,금요일,전라북도 군산시 소룡동,중상사고,0,1,0,0,차대사람 - 횡단중,안전운전불이행,건조,맑음,교차로 - 교차로부근,승용,남,23세,상해없음,보행자,여,11세,중상
2013112900100337,2013년 11월 29일 14시,금요일,전라북도 정읍시 시기동,중상사고,0,1,0,0,차대사람 - 기타,안전운전불이행,건조,맑음,단일로 - 기타,원동기,남,48세,상해없음,보행자,여,71세,중상
2013112900100367,2013년 11월 29일 15시,금요일,전라북도 익산시 남중동,중상사고,0,1,0,0,차대차 - 기타,안전운전불이행,건조,맑음,단일로 - 기타,승합,남,59세,상해없음,원동기,남,82세,중상
2013112900100368,2013년 11월 29일 15시,금요일,전라북도 정읍시 상동,경상사고,0,0,1,0,차대사람 - 횡단중,안전운전불이행,건조,맑음,교차로 - 교차로안,승용,남,43세,상해없음,보행자,남,9세,경상
2013112900100397,2013년 11월 29일 16시,금요일,전라북도 전주시 완산구 삼천동1가,경상사고,0,0,1,0,차대차 - 기타,안전운전불이행,건조,맑음,교차로 - 교차로부근,승용,남,69세,상해없음,화물,남,45세,경상
2013112900100398,2013년 11월 29일 16시,금요일,전라북도 익산시 남중동,경상사고,0,0,2,0,차대차 - 기타,직진우회전진행방해,건조,맑음,교차로 - 교차로안,승용,남,79세,상해없음,이륜,남,77세,경상
2013112900100439,2013년 11월 29일 17시,금요일,전라북도 전주시 완산구 효자동2가,경상사고,0,0,1,0,차대사람 - 횡단중,보행자보호의무위반,건조,맑음,교차로 - 교차로안,승용,남,34세,상해없음,보행자,남,23세,경상
2013112900100440,2013년 11월 29일 17시,금요일,전라북도 군산시 소룡동,중상사고,0,1,0,0,차대차 - 측면직각충돌,직진우회전진행방해,건조,맑음,교차로 - 교차로안,특수,남,48세,상해없음,화물,남,38세,중상
2013112900100487,2013년 11월 29일 18시,금요일,전라북도 전주시 덕진구 금암동,경상사고,0,0,1,0,차대차 - 측면직각충돌,차로위반,습기,흐림,단일로 - 기타,승용,남,40세,상해없음,승용,여,50세,경상
2013112900100488,2013년 11월 29일 18시,금요일,전라북도 군산시 산북동,중상사고,0,1,0,0,차대사람 - 기타,안전운전불이행,건조,흐림,교차로 - 교차로안,승용,남,53세,상해없음,보행자,남,8세,중상
2013112900100489,2013년 11월 29일 18시,금요일,전라북도 남원시 어현동,경상사고,0,0,1,0,차대사람 - 횡단중,안전운전불이행,건조,맑음,단일로 - 기타,승용,기타불명,기타불명,기타불명,보행자,남,53세,경상
2013112900100535,2013년 11월 29일 19시,금요일,전라북도 전주시 덕진구 인후동1가,경상사고,0,0,1,0,차대차 - 기타,차로위반,건조,맑음,교차로 - 교차로안,승용,여,48세,상해없음,승용,여,52세,경상
2013112900100572,2013년 11월 29일 20시,금요일,전라북도 군산시 나운동,중상사고,0,1,0,0,차대차 - 측면직각충돌,직진우회전진행방해,건조,맑음,교차로 - 교차로안,승용,남,35세,상해없음,이륜,남,22세,중상
2013112900100680,2013년 11월 29일 23시,금요일,전라북도 군산시 미장동,경상사고,0,0,1,0,차대사람 - 횡단중,보행자보호의무위반,습기,흐림,교차로 - 교차로안,승용,남,38세,상해없음,보행자,남,46세,경상
2013112900100681,2013년 11월 29일 23시,금요일,전라북도 익산시 영등동,경상사고,0,0,1,0,차대차 - 추돌 - 진행중,안전운전불이행,건조,맑음,단일로 - 기타,승용,남,41세,상해없음,승용,남,34세,경상
2013113000100020,2013년 11월 30일 00시,토요일,전라북도 전주시 완산구 효자동2가,중상사고,0,1,3,0,차대차 - 측면직각충돌,신호위반,건조,맑음,교차로 - 교차로안,승용,남,31세,중상,승용,남,22세,경상
2013113000100021,2013년 11월 30일 00시,토요일,전라북도 전주시 완산구 중화산동1가,중상사고,0,1,0,0,차대사람 - 횡단중,안전운전불이행,건조,맑음,교차로 - 교차로안,승용,여,32세,상해없음,보행자,남,70세,중상
2013113000100041,2013년 11월 30일 01시,토요일,전라북도 전주시 완산구 서신동,경상사고,0,0,3,0,차대차 - 기타,안전거리미확보,건조,맑음,단일로 - 기타,승용,남,31세,경상,승용,남,23세,경상
2013113000100042,2013년 11월 30일 01시,토요일,전라북도 전주시 덕진구 덕진동1가,경상사고,0,0,1,0,차대사람 - 보도통행중,신호위반,습기,흐림,단일로 - 기타,승용,남,61세,상해없음,보행자,남,22세,경상
2013113000100081,2013년 11월 30일 03시,토요일,전라북도 완주군 이서면,경상사고,0,0,1,0,차대차 - 정면충돌,중앙선침범,건조,맑음,단일로 - 기타,승용,남,32세,상해없음,승용,남,59세,경상
2013113000100110,2013년 11월 30일 06시,토요일,전라북도 전주시 덕진구 우아동3가,중상사고,0,1,0,0,차대차 - 추돌 - 주정차중,안전운전불이행,습기,흐림,단일로 - 기타,승합,남,49세,상해없음,이륜,남,65세,중상
2013113000100111,2013년 11월 30일 06시,토요일,전라북도 익산시 어양동,중상사고,0,2,4,0,차대차 - 추돌 - 진행중,안전운전불이행,건조,맑음,단일로 - 기타,승용,남,37세,상해없음,승용,남,63세,경상
2013113000100137,2013년 11월 30일 08시,토요일,전라북도 김제시 요촌동,중상사고,0,1,0,0,차대차 - 추돌 - 주정차중,안전운전불이행,건조,맑음,단일로 - 기타,승용,남,21세,상해없음,승용,남,65세,기타불명
2013113000100185,2013년 11월 30일 10시,토요일,전라북도 전주시 완산구 중화산동2가,경상사고,0,0,1,0,차대차 - 기타,신호위반,건조,맑음,교차로 - 교차로안,승용,남,77세,상해없음,승용,여,42세,경상
2013113000100220,2013년 11월 30일 11시,토요일,전라북도 전주시 완산구 서노송동,중상사고,0,1,1,0,차대차 - 측면직각충돌,교차로운행방법위반,건조,맑음,교차로 - 교차로안,승용,남,67세,상해없음,승용,남,55세,경상
2013113000100221,2013년 11월 30일 11시,토요일,전라북도 익산시 목천동,경상사고,0,0,1,0,차대차 - 측면직각충돌,안전거리미확보,건조,맑음,단일로 - 기타,화물,남,45세,상해없음,화물,남,29세,경상
2013113000100222,2013년 11월 30일 11시,토요일,전라북도 순창군 순창읍,경상사고,0,0,1,0,차대차 - 측면직각충돌,신호위반,건조,흐림,교차로 - 교차로안,승용,남,46세,상해없음,화물,남,40세,경상
2013113000100259,2013년 11월 30일 12시,토요일,전라북도 전주시 완산구 전동,경상사고,0,0,2,0,차대사람 - 횡단중,보행자보호의무위반,건조,맑음,교차로 - 교차로안,승용,남,60세,상해없음,보행자,남,42세,경상
2013113000100260,2013년 11월 30일 12시,토요일,전라북도 전주시 덕진구 팔복동2가,사망사고,1,0,0,0,차대차 - 측면직각충돌,불법유턴,건조,맑음,교차로 - 교차로안,원동기,남,32세,사망,승용,여,34세,상해없음
2013113000100261,2013년 11월 30일 12시,토요일,전라북도 군산시 경장동,경상사고,0,0,4,0,차대차 - 추돌 - 진행중,안전운전불이행,건조,맑음,단일로 - 기타,화물,남,46세,상해없음,승용,남,39세,경상
2013113000100326,2013년 11월 30일 14시,토요일,전라북도 전주시 덕진구 덕진동1가,경상사고,0,0,3,0,차대차 - 측면직각충돌,안전운전불이행,건조,맑음,교차로 - 교차로부근,승용,남,59세,상해없음,승용,남,63세,경상
2013113000100327,2013년 11월 30일 14시,토요일,전라북도 김제시 신풍동,중상사고,0,1,0,0,차대차 - 측면직각충돌,직진우회전진행방해,건조,맑음,교차로 - 교차로안,승용,남,42세,상해없음,이륜,남,64세,중상
2013113000100328,2013년 11월 30일 14시,토요일,전라북도 무주군 설천면,중상사고,0,1,0,0,차대사람 - 횡단중,안전운전불이행,습기,맑음,단일로 - 기타,화물,남,31세,상해없음,보행자,남,12세,중상
2013113000100361,2013년 11월 30일 15시,토요일,전라북도 익산시 평화동,사망사고,1,0,0,0,차대차 - 측면직각충돌,신호위반,건조,맑음,교차로 - 교차로안,자전거,남,70세,사망,화물,남,55세,상해없음
2013113000100416,2013년 11월 30일 17시,토요일,전라북도 군산시 장미동,중상사고,0,1,0,0,차대사람 - 횡단중,보행자보호의무위반,건조,맑음,교차로 - 교차로안,승용,여,62세,상해없음,보행자,여,81세,중상
2013113000100417,2013년 11월 30일 17시,토요일,전라북도 군산시 나운동,경상사고,0,0,1,0,차대차 - 추돌 - 주정차중,안전운전불이행,건조,맑음,단일로 - 기타,화물,남,50세,상해없음,승용,여,30세,경상
2013113000100418,2013년 11월 30일 17시,토요일,전라북도 익산시 황등면,중상사고,0,1,0,0,차대차 - 측면직각충돌,중앙선침범,건조,맑음,단일로 - 기타,승용,여,67세,상해없음,화물,남,64세,중상
2013113000100464,2013년 11월 30일 18시,토요일,전라북도 전주시 완산구 효자동1가,경상사고,0,0,1,0,차대차 - 측면직각충돌,안전거리미확보,건조,맑음,교차로 - 교차로부근,승용,남,39세,상해없음,원동기,남,16세,경상
2013113000100465,2013년 11월 30일 18시,토요일,전라북도 전주시 완산구 효자동3가,중상사고,0,1,0,0,차대사람 - 기타,안전운전불이행,건조,맑음,교차로 - 교차로안,승용,여,43세,상해없음,보행자,여,71세,중상
2013113000100466,2013년 11월 30일 18시,토요일,전라북도 부안군 계화면,경상사고,0,0,1,0,차대차 - 정면충돌,중앙선침범,건조,맑음,단일로 - 기타,이륜,남,64세,경상,화물,여,47세,상해없음
2013113000100515,2013년 11월 30일 19시,토요일,전라북도 전주시 완산구 중화산동2가,경상사고,0,0,2,0,차대차 - 기타,안전운전불이행,건조,맑음,교차로 - 교차로안,승용,남,34세,상해없음,승용,남,24세,경상
2013113000100516,2013년 11월 30일 19시,토요일,전라북도 남원시 노암동,경상사고,0,0,2,0,차대차 - 추돌 - 진행중,안전운전불이행,건조,맑음,교차로 - 교차로부근,화물,남,52세,상해없음,승용,남,28세,경상
2013113000100547,2013년 11월 30일 20시,토요일,전라북도 전주시 완산구 중노송동,중상사고,0,1,2,0,차대차 - 측면직각충돌,안전운전불이행,건조,맑음,단일로 - 기타,승용,남,66세,상해없음,승용,남,71세,경상
2013113000100548,2013년 11월 30일 20시,토요일,전라북도 전주시 완산구 효자동3가,경상사고,0,0,1,0,차대차 - 추돌 - 진행중,안전거리미확보,건조,맑음,교차로 - 교차로부근,승용,남,43세,상해없음,승용,여,41세,경상
2013113000100549,2013년 11월 30일 20시,토요일,전라북도 전주시 완산구 다가동1가,중상사고,0,2,0,0,차대사람 - 횡단중,중앙선침범,건조,맑음,교차로 - 교차로안,승용,남,53세,상해없음,보행자,여,26세,중상
2013113000100550,2013년 11월 30일 20시,토요일,전라북도 완주군 봉동읍,경상사고,0,0,1,0,차대차 - 추돌 - 진행중,안전운전불이행,습기,안개,교차로 - 교차로부근,승합,남,54세,상해없음,승용,남,36세,경상
2013113000100583,2013년 11월 30일 21시,토요일,전라북도 김제시 옥산동,경상사고,0,0,1,0,차대사람 - 횡단중,안전운전불이행,건조,맑음,단일로 - 기타,기타불명,기타불명,기타불명,기타불명,보행자,여,19세,경상
2013113000100611,2013년 11월 30일 22시,토요일,전라북도 전주시 완산구 서신동,경상사고,0,0,1,0,차대사람 - 기타,안전운전불이행,건조,맑음,단일로 - 기타,화물,남,54세,상해없음,보행자,남,30세,경상
2013113000100640,2013년 11월 30일 23시,토요일,전라북도 전주시 완산구 효자동3가,중상사고,0,1,0,0,차대차 - 정면충돌,중앙선침범,건조,맑음,단일로 - 기타,자전거,남,32세,중상,원동기,남,22세,상해없음
2013113000100641,2013년 11월 30일 23시,토요일,전라북도 군산시 산북동,중상사고,0,1,0,0,차대차 - 기타,안전운전불이행,건조,맑음,단일로 - 기타,이륜,여,60세,중상,승용,남,54세,기타불명
2013120100100017,2013년 12월 1일 00시,일요일,전라북도 전주시 완산구 서신동,중상사고,0,1,1,0,차대차 - 기타,신호위반,건조,맑음,교차로 - 교차로안,승용,남,41세,상해없음,승용,남,43세,중상
2013120100100032,2013년 12월 1일 01시,일요일,전라북도 익산시 모현동1가,경상사고,0,0,1,0,차대사람 - 횡단중,안전운전불이행,건조,맑음,교차로 - 교차로안,승용,남,26세,상해없음,보행자,남,65세,경상
2013120100100033,2013년 12월 1일 01시,일요일,전라북도 익산시 영등동,경상사고,0,0,2,0,차대차 - 측면직각충돌,안전운전불이행,건조,맑음,교차로 - 교차로부근,기타불명,기타불명,기타불명,기타불명,승용,남,50세,경상
2013120100100067,2013년 12월 1일 03시,일요일,전라북도 군산시 지곡동,경상사고,0,0,2,0,차대차 - 측면직각충돌,신호위반,건조,맑음,교차로 - 교차로안,승합,남,23세,상해없음,승용,남,67세,경상
2013120100100109,2013년 12월 1일 06시,일요일,전라북도 익산시 모현동1가,경상사고,0,0,1,0,차대차 - 추돌 - 진행중,안전운전불이행,건조,흐림,교차로 - 교차로부근,기타불명,기타불명,기타불명,기타불명,승용,여,51세,경상
2013120100100119,2013년 12월 1일 07시,일요일,전라북도 익산시 송학동,경상사고,0,0,2,0,차대차 - 측면직각충돌,교차로운행방법위반,건조,흐림,교차로 - 교차로안,승용,남,54세,상해없음,승용,남,68세,경상
2013120100100144,2013년 12월 1일 09시,일요일,전라북도 익산시 부송동,중상사고,0,1,1,0,차대차 - 측면직각충돌,신호위반,건조,맑음,교차로 - 교차로안,승용,남,63세,상해없음,승용,여,47세,중상
2013120100100162,2013년 12월 1일 10시,일요일,전라북도 익산시 모현동1가,경상사고,0,0,2,0,차대차 - 측면직각충돌,신호위반,건조,맑음,교차로 - 교차로안,승용,남,67세,상해없음,승용,남,73세,경상
2013120100100208,2013년 12월 1일 12시,일요일,전라북도 전주시 덕진구 우아동2가,경상사고,0,0,1,0,차대차 - 추돌 - 주정차중,안전운전불이행,건조,맑음,교차로 - 교차로부근,승용,남,20세,상해없음,승용,여,66세,경상
2013120100100209,2013년 12월 1일 12시,일요일,전라북도 정읍시 감곡면,사망사고,1,0,0,0,차량단독 - 공작물충돌,안전운전불이행,건조,맑음,교차로 - 교차로부근,화물,남,62세,사망,,,,
2013120100100256,2013년 12월 1일 14시,일요일,전라북도 익산시 오산면,경상사고,0,0,4,0,차대차 - 측면직각충돌,신호위반,건조,맑음,교차로 - 교차로안,승용,남,62세,상해없음,승용,여,33세,경상
2013120100100275,2013년 12월 1일 15시,일요일,전라북도 익산시 부송동,경상사고,0,0,2,0,차대차 - 추돌 - 주정차중,안전거리미확보,건조,맑음,단일로 - 기타,승용,남,43세,상해없음,승용,여,36세,경상
2013120100100276,2013년 12월 1일 15시,일요일,전라북도 익산시 웅포면,중상사고,0,1,0,0,차대차 - 정면충돌,안전운전불이행,기타,맑음,기타 - 기타,화물,여,38세,상해없음,자전거,남,58세,중상
2013120100100298,2013년 12월 1일 16시,일요일,전라북도 전주시 완산구 효자동3가,경상사고,0,0,4,0,차대차 - 측면직각충돌,안전운전불이행,건조,맑음,교차로 - 교차로안,승용,남,21세,상해없음,승용,남,35세,경상
2013120100100299,2013년 12월 1일 16시,일요일,전라북도 전주시 덕진구 진북동,중상사고,0,1,1,0,차대차 - 측면직각충돌,신호위반,건조,맑음,교차로 - 교차로안,승용,남,55세,상해없음,승용,남,33세,경상
2013120100100300,2013년 12월 1일 16시,일요일,전라북도 익산시 낭산면,경상사고,0,0,3,0,차대차 - 추돌 - 진행중,안전거리미확보,건조,맑음,단일로 - 기타,화물,남,46세,상해없음,화물,남,54세,경상
2013120100100329,2013년 12월 1일 17시,일요일,전라북도 군산시 오식도동,중상사고,0,1,0,0,차대차 - 측면직각충돌,안전거리미확보,건조,흐림,단일로 - 기타,건설기계,남,47세,상해없음,승용,남,31세,중상
2013120100100362,2013년 12월 1일 18시,일요일,전라북도 전주시 덕진구 동산동,경상사고,0,0,1,0,차대차 - 기타,안전운전불이행,건조,맑음,교차로 - 교차로부근,승용,남,55세,상해없음,원동기,남,16세,경상
2013120100100363,2013년 12월 1일 18시,일요일,전라북도 전주시 덕진구 팔복동4가,중상사고,0,3,1,0,차대차 - 측면직각충돌,안전운전불이행,건조,맑음,단일로 - 기타,화물,남,39세,상해없음,승용,남,53세,중상
2013120100100364,2013년 12월 1일 18시,일요일,전라북도 익산시 신용동,경상사고,0,0,5,0,차대차 - 추돌 - 주정차중,안전운전불이행,건조,맑음,단일로 - 기타,승용,남,32세,상해없음,승용,남,43세,경상
2013120100100393,2013년 12월 1일 19시,일요일,전라북도 전주시 완산구 효자동3가,경상사고,0,0,1,0,차대차 - 기타,안전운전불이행,건조,맑음,교차로 - 교차로안,화물,남,54세,상해없음,승용,여,39세,경상
2013120100100394,2013년 12월 1일 19시,일요일,전라북도 전주시 완산구 평화동1가,중상사고,0,1,0,0,차대사람 - 횡단중,보행자보호의무위반,건조,맑음,교차로 - 교차로안,승용,여,55세,상해없음,보행자,여,49세,중상
2013120100100429,2013년 12월 1일 20시,일요일,전라북도 김제시 신풍동,중상사고,0,1,0,0,차량단독 - 기타,안전운전불이행,건조,맑음,단일로 - 기타,이륜,여,61세,중상,,,,
2013120100100430,2013년 12월 1일 20시,일요일,전라북도 무주군 무풍면,경상사고,0,0,1,0,차대사람 - 기타,안전운전불이행,건조,맑음,단일로 - 기타,승용,남,43세,상해없음,보행자,남,28세,경상
2013120100100450,2013년 12월 1일 21시,일요일,전라북도 군산시 수송동,경상사고,0,0,3,0,차대차 - 추돌 - 진행중,안전운전불이행,건조,맑음,교차로 - 교차로부근,승용,여,56세,상해없음,승용,남,29세,경상
2013120100100469,2013년 12월 1일 22시,일요일,전라북도 전주시 완산구 효자동1가,중상사고,0,1,0,0,차대차 - 기타,교차로운행방법위반,건조,맑음,교차로 - 교차로안,승용,여,55세,상해없음,이륜,남,37세,중상
2013120200100019,2013년 12월 2일 02시,월요일,전라북도 완주군 삼례읍,경상사고,0,0,1,0,차대차 - 측면직각충돌,안전운전불이행,건조,맑음,교차로 - 교차로안,승용,남,25세,상해없음,승용,남,56세,경상
2013120200100090,2013년 12월 2일 07시,월요일,전라북도 군산시 나운동,경상사고,0,0,2,0,차대차 - 측면직각충돌,신호위반,건조,맑음,교차로 - 교차로안,승용,남,33세,상해없음,승용,남,49세,경상
2013120200100117,2013년 12월 2일 08시,월요일,전라북도 정읍시 신태인읍,경상사고,0,0,21,0,차대차 - 측면직각충돌,신호위반,건조,맑음,교차로 - 교차로안,승용,여,35세,경상,승합,남,48세,경상
2013120200100118,2013년 12월 2일 08시,월요일,전라북도 김제시 백구면,경상사고,0,0,1,0,차대차 - 측면직각충돌,안전거리미확보,건조,맑음,단일로 - 기타,건설기계,남,61세,상해없음,승용,남,43세,경상
2013120200100153,2013년 12월 2일 09시,월요일,전라북도 전주시 덕진구 우아동2가,경상사고,0,0,1,0,차대차 - 측면직각충돌,안전운전불이행,건조,맑음,단일로 - 기타,승용,여,34세,상해없음,원동기,남,41세,경상
2013120200100154,2013년 12월 2일 09시,월요일,전라북도 군산시 미원동,경상사고,0,0,2,0,차대차 - 측면직각충돌,안전운전불이행,건조,맑음,교차로 - 교차로부근,승용,남,53세,상해없음,승용,남,41세,경상
2013120200100175,2013년 12월 2일 10시,월요일,전라북도 전주시 완산구 서신동,중상사고,0,1,0,0,차대차 - 정면충돌,신호위반,건조,맑음,교차로 - 교차로안,승용,여,49세,상해없음,승용,여,38세,중상
2013120200100202,2013년 12월 2일 11시,월요일,전라북도 전주시 덕진구 우아동3가,경상사고,0,0,1,0,차대차 - 추돌 - 주정차중,안전운전불이행,건조,맑음,단일로 - 기타,승용,남,68세,상해없음,화물,남,42세,경상
2013120200100203,2013년 12월 2일 11시,월요일,전라북도 남원시 동충동,경상사고,0,0,1,0,차대사람 - 기타,안전운전불이행,건조,맑음,단일로 - 기타,승용,남,44세,상해없음,보행자,여,42세,경상
2013120200100255,2013년 12월 2일 13시,월요일,전라북도 군산시 서흥남동,경상사고,0,0,2,0,차대차 - 추돌 - 진행중,안전거리미확보,건조,맑음,단일로 - 기타,승용,여,42세,상해없음,승용,남,65세,경상
2013120200100310,2013년 12월 2일 15시,월요일,전라북도 남원시 금동,중상사고,0,1,0,0,차대사람 - 횡단중,신호위반,건조,맑음,교차로 - 교차로부근,원동기,여,70세,상해없음,보행자,여,12세,중상
2013120200100338,2013년 12월 2일 16시,월요일,전라북도 전주시 덕진구 송천동1가,경상사고,0,0,1,0,차대차 - 측면직각충돌,안전운전불이행,건조,맑음,교차로 - 교차로안,승용,남,59세,상해없음,승합,남,59세,상해없음
2013120200100339,2013년 12월 2일 16시,월요일,전라북도 진안군 동향면,경상사고,0,0,1,0,차대차 - 기타,안전운전불이행,건조,맑음,단일로 - 기타,화물,남,44세,상해없음,농기계,남,72세,기타불명
2013120200100366,2013년 12월 2일 17시,월요일,전라북도 군산시 소룡동,사망사고,1,0,5,0,차대차 - 측면직각충돌,안전운전불이행,건조,맑음,교차로 - 교차로안,승용,남,40세,사망,승합,남,57세,경상
2013120200100367,2013년 12월 2일 17시,월요일,전라북도 군산시 문화동,사망사고,1,0,0,0,차대사람 - 횡단중,안전운전불이행,건조,맑음,교차로 - 교차로안,화물,남,59세,기타불명,보행자,여,91세,사망
2013120200100368,2013년 12월 2일 17시,월요일,전라북도 군산시 지곡동,경상사고,0,0,1,0,차대차 - 측면직각충돌,안전운전불이행,건조,맑음,교차로 - 교차로안,승용,남,39세,상해없음,승용,남,59세,상해없음
2013120200100369,2013년 12월 2일 17시,월요일,전라북도 익산시 어양동,중상사고,0,1,0,0,차대사람 - 횡단중,보행자보호의무위반,건조,맑음,단일로 - 횡단보도상,승용,남,64세,상해없음,보행자,여,31세,중상
2013120200100370,2013년 12월 2일 17시,월요일,전라북도 남원시 어현동,중상사고,0,1,0,0,차대사람 - 기타,안전운전불이행,건조,맑음,단일로 - 기타,화물,남,69세,상해없음,보행자,남,6세,중상
2013120200100414,2013년 12월 2일 18시,월요일,전라북도 전주시 완산구 평화동2가,중상사고,0,1,0,0,차대사람 - 횡단중,안전운전불이행,건조,맑음,단일로 - 횡단보도상,승용,남,25세,상해없음,보행자,여,58세,중상
2013120200100415,2013년 12월 2일 18시,월요일,전라북도 군산시 삼학동,중상사고,0,1,0,0,차대사람 - 횡단중,보행자보호의무위반,건조,맑음,단일로 - 횡단보도상,승용,남,53세,상해없음,보행자,남,66세,중상
2013120200100416,2013년 12월 2일 18시,월요일,전라북도 익산시 영등동,경상사고,0,0,1,0,차대사람 - 횡단중,보행자보호의무위반,건조,맑음,교차로 - 교차로안,승용,남,65세,상해없음,보행자,여,20세,경상
2013120200100417,2013년 12월 2일 18시,월요일,전라북도 익산시 마동,경상사고,0,0,3,0,차대차 - 추돌 - 주정차중,안전운전불이행,건조,맑음,미분류 - 미분류,승용,여,52세,상해없음,승용,여,53세,경상
2013120200100418,2013년 12월 2일 18시,월요일,전라북도 정읍시 신태인읍,중상사고,0,1,0,0,차대사람 - 기타,안전운전불이행,건조,맑음,기타 - 기타,승용,남,49세,상해없음,보행자,남,39세,중상
2013120200100463,2013년 12월 2일 19시,월요일,전라북도 전주시 완산구 평화동2가,경상사고,0,0,1,0,차대사람 - 횡단중,보행자보호의무위반,건조,맑음,단일로 - 횡단보도상,승용,남,40세,상해없음,보행자,여,36세,경상
2013120200100464,2013년 12월 2일 19시,월요일,전라북도 군산시 소룡동,중상사고,0,1,0,0,차대사람 - 기타,안전운전불이행,건조,맑음,단일로 - 기타,승용,남,33세,상해없음,보행자,남,57세,중상
2013120200100487,2013년 12월 2일 20시,월요일,전라북도 전주시 덕진구 호성동1가,경상사고,0,0,1,0,차대차 - 정면충돌,중앙선침범,건조,맑음,단일로 - 기타,승용,남,58세,상해없음,승용,남,44세,경상
2013120200100539,2013년 12월 2일 22시,월요일,전라북도 익산시 오산면,경상사고,0,0,1,0,차대차 - 추돌 - 진행중,안전운전불이행,건조,맑음,단일로 - 기타,승용,남,23세,상해없음,승용,여,43세,경상
2013120200100562,2013년 12월 2일 23시,월요일,전라북도 군산시 나운동,경상사고,0,0,1,0,차대차 - 측면직각충돌,직진우회전진행방해,건조,맑음,교차로 - 교차로안,승용,남,57세,상해없음,승용,남,44세,상해없음
2013120300100020,2013년 12월 3일 01시,화요일,전라북도 전주시 덕진구 우아동3가,경상사고,0,0,2,0,차대차 - 추돌 - 주정차중,안전운전불이행,건조,맑음,단일로 - 기타,승용,남,47세,상해없음,승용,남,50세,경상
2013120300100033,2013년 12월 3일 04시,화요일,전라북도 익산시 신동,경상사고,0,0,1,0,차대사람 - 기타,안전운전불이행,건조,맑음,단일로 - 기타,기타불명,기타불명,기타불명,기타불명,보행자,여,24세,경상
2013120300100077,2013년 12월 3일 07시,화요일,전라북도 김제시 황산동,중상사고,0,1,0,0,차량단독 - 공작물충돌,안전운전불이행,건조,맑음,단일로 - 기타,화물,남,73세,상해없음,,,,
2013120300100078,2013년 12월 3일 07시,화요일,전라북도 부안군 변산면,중상사고,0,2,0,1,차대차 - 측면직각충돌,중앙선침범,건조,맑음,단일로 - 기타,승용,남,65세,부상신고,승용,여,47세,중상
2013120300100105,2013년 12월 3일 08시,화요일,전라북도 군산시 내초동,사망사고,1,0,0,0,차대사람 - 횡단중,안전운전불이행,건조,맑음,단일로 - 기타,승용,남,30세,상해없음,보행자,남,74세,사망
2013120300100140,2013년 12월 3일 09시,화요일,전라북도 군산시 조촌동,경상사고,0,0,1,0,차대차 - 측면직각충돌,안전운전불이행,건조,맑음,교차로 - 교차로부근,승용,남,67세,상해없음,원동기,남,66세,경상
2013120300100141,2013년 12월 3일 09시,화요일,전라북도 익산시 오산면,중상사고,0,1,1,0,차대차 - 측면직각충돌,안전운전불이행,건조,맑음,단일로 - 기타,화물,남,63세,상해없음,승용,여,55세,경상
2013120300100170,2013년 12월 3일 10시,화요일,전라북도 익산시 황등면,사망사고,1,0,0,0,차대사람 - 기타,안전운전불이행,건조,맑음,단일로 - 기타,화물,남,42세,상해없음,보행자,여,73세,사망
2013120300100171,2013년 12월 3일 10시,화요일,전라북도 익산시 신동,경상사고,0,0,1,0,차대차 - 측면직각충돌,안전거리미확보,건조,맑음,단일로 - 기타,이륜,남,74세,경상,승용,남,45세,상해없음
2013120300100172,2013년 12월 3일 10시,화요일,전라북도 익산시 부송동,경상사고,0,0,1,0,차대차 - 기타,안전거리미확보,건조,맑음,단일로 - 기타,승용,여,31세,상해없음,이륜,남,42세,경상
2013120300100189,2013년 12월 3일 11시,화요일,전라북도 진안군 진안읍,경상사고,0,0,2,0,차대차 - 측면직각충돌,교차로운행방법위반,건조,맑음,교차로 - 교차로안,승용,남,29세,경상,승용,남,70세,경상
2013120300100241,2013년 12월 3일 13시,화요일,전라북도 완주군 소양면,경상사고,0,0,1,0,차대사람 - 기타,안전운전불이행,건조,맑음,단일로 - 기타,승용,여,44세,상해없음,보행자,여,54세,경상
2013120300100348,2013년 12월 3일 17시,화요일,전라북도 전주시 덕진구 금상동,중상사고,0,1,0,0,차량단독 - 전도전복,안전운전불이행,건조,맑음,단일로 - 기타,이륜,남,66세,중상,,,,
2013120300100349,2013년 12월 3일 17시,화요일,전라북도 군산시 나운동,경상사고,0,0,1,0,차대차 - 측면직각충돌,안전거리미확보,건조,맑음,단일로 - 기타,승용,남,42세,상해없음,원동기,남,18세,경상
2013120300100389,2013년 12월 3일 18시,화요일,전라북도 완주군 삼례읍,중상사고,0,1,0,0,차대사람 - 횡단중,안전운전불이행,건조,맑음,단일로 - 기타,화물,남,38세,상해없음,보행자,남,79세,중상