사고번호,사고일시,요일,시군구,사고내용,사망자수,중상자수,경상자수,부상신고자수,사고유형,법규위반,노면상태,기상상태,도로형태,가해운전자 차종,가해운전자 성별,가해운전자 연령,가해운전자 상해정도,피해운전자 차종,피해운전자 성별,피해운전자 연령,피해운전자 상해정도
2013120300100440,2013년 12월 3일 19시,화요일,전라북도 김제시 연정동,중상사고,0,1,0,0,차대차 - 측면직각충돌,신호위반,건조,맑음,교차로 - 교차로안,승용,남,34세,상해없음,승용,남,36세,중상
2013120300100532,2013년 12월 3일 22시,화요일,전라북도 익산시 어양동,경상사고,0,0,1,0,차대차 - 기타,안전운전불이행,건조,맑음,단일로 - 기타,승용,여,34세,상해없음,이륜,남,39세,경상
2013120300100562,2013년 12월 3일 23시,화요일,전라북도 군산시 오식도동,경상사고,0,0,2,0,차대사람 - 보도통행중,보행자보호의무위반,건조,맑음,교차로 - 교차로안,승용,남,52세,상해없음,보행자,남,29세,경상
2013120400100005,2013년 12월 4일 00시,수요일,전라북도 전주시 완산구 중화산동2가,경상사고,0,0,1,0,차대차 - 추돌 - 주정차중,안전운전불이행,건조,맑음,단일로 - 기타,승용,남,29세,기타불명,승용,여,32세,경상
2013120400100028,2013년 12월 4일 01시,수요일,전라북도 전주시 완산구 중화산동2가,경상사고,0,0,1,0,차대사람 - 기타,안전운전불이행,건조,맑음,단일로 - 기타,승용,남,52세,상해없음,보행자,남,37세,경상
2013120400100082,2013년 12월 4일 06시,수요일,전라북도 전주시 완산구 삼천동1가,경상사고,0,0,1,0,차대사람 - 기타,안전운전불이행,건조,맑음,단일로 - 기타,승용,남,51세,상해없음,보행자,남,36세,경상
2013120400100100,2013년 12월 4일 07시,수요일,전라북도 고창군 아산면,중상사고,0,1,0,0,차대차 - 정면충돌,중앙선침범,습기,안개,단일로 - 기타,승용,여,43세,상해없음,승용,여,60세,중상
2013120400100131,2013년 12월 4일 08시,수요일,전라북도 전주시 덕진구 우아동3가,중상사고,0,1,0,0,차대사람 - 횡단중,안전운전불이행,습기,안개,단일로 - 횡단보도상,승용,남,32세,상해없음,보행자,여,45세,중상
2013120400100132,2013년 12월 4일 08시,수요일,전라북도 익산시 용동면,중상사고,0,1,1,0,차대차 - 측면직각충돌,신호위반,습기,안개,교차로 - 교차로안,화물,남,53세,기타불명,화물,남,38세,경상
2013120400100133,2013년 12월 4일 08시,수요일,전라북도 익산시 마동,경상사고,0,0,1,0,차대차 - 측면직각충돌,직진우회전진행방해,습기,안개,교차로 - 교차로안,승용,남,67세,상해없음,승용,남,40세,경상
2013120400100178,2013년 12월 4일 09시,수요일,전라북도 익산시 함라면,경상사고,0,0,1,0,차대차 - 측면직각충돌,신호위반,습기,안개,교차로 - 교차로안,승용,남,43세,상해없음,승용,여,42세,경상
2013120400100179,2013년 12월 4일 09시,수요일,전라북도 익산시 성당면,경상사고,0,0,3,0,차대차 - 정면충돌,안전운전불이행,습기,안개,단일로 - 기타,승용,여,56세,경상,승용,남,37세,경상
2013120400100180,2013년 12월 4일 09시,수요일,전라북도 김제시 백산면,경상사고,0,0,1,0,차대차 - 추돌 - 주정차중,안전운전불이행,습기,안개,단일로 - 기타,승용,남,34세,상해없음,승용,남,44세,경상
2013120400100221,2013년 12월 4일 11시,수요일,전라북도 전주시 덕진구 인후동1가,중상사고,0,1,0,0,차대사람 - 횡단중,보행자보호의무위반,건조,맑음,단일로 - 횡단보도상,승용,남,69세,상해없음,보행자,여,71세,중상
2013120400100222,2013년 12월 4일 11시,수요일,전라북도 부안군 부안읍,경상사고,0,0,1,0,차대차 - 측면직각충돌,차로위반,건조,맑음,교차로 - 교차로부근,승용,남,56세,상해없음,승용,남,51세,경상
2013120400100242,2013년 12월 4일 12시,수요일,전라북도 김제시 하동,중상사고,0,1,0,0,차대차 - 측면직각충돌,안전거리미확보,건조,맑음,단일로 - 기타,원동기,남,81세,중상,특수,남,24세,상해없음
2013120400100266,2013년 12월 4일 13시,수요일,전라북도 부안군 줄포면,경상사고,0,0,1,0,차대차 - 측면직각충돌,직진우회전진행방해,건조,맑음,교차로 - 교차로안,화물,남,40세,상해없음,화물,남,58세,경상
2013120400100293,2013년 12월 4일 14시,수요일,전라북도 군산시 미장동,중상사고,0,2,1,0,차대차 - 측면직각충돌,신호위반,건조,맑음,교차로 - 교차로안,승용,여,39세,경상,승용,남,53세,중상
2013120400100317,2013년 12월 4일 15시,수요일,전라북도 전주시 완산구 평화동2가,중상사고,0,1,3,0,차대차 - 측면직각충돌,안전거리미확보,건조,맑음,교차로 - 교차로부근,승용,여,49세,상해없음,승합,남,51세,상해없음
2013120400100318,2013년 12월 4일 15시,수요일,전라북도 남원시 향교동,중상사고,0,2,0,0,차대차 - 정면충돌,중앙선침범,건조,맑음,단일로 - 기타,화물,남,28세,상해없음,승용,남,33세,중상
2013120400100336,2013년 12월 4일 16시,수요일,전라북도 전주시 완산구 평화동2가,경상사고,0,0,1,0,차대사람 - 기타,안전운전불이행,건조,맑음,교차로 - 교차로부근,화물,남,41세,상해없음,보행자,여,18세,경상
2013120400100337,2013년 12월 4일 16시,수요일,전라북도 김제시 백산면,경상사고,0,0,2,0,차대차 - 추돌 - 주정차중,안전운전불이행,건조,맑음,교차로 - 교차로부근,승용,남,58세,상해없음,화물,남,49세,경상
2013120400100369,2013년 12월 4일 17시,수요일,전라북도 남원시 이백면,중상사고,0,1,0,0,차대차 - 측면직각충돌,중앙선침범,건조,맑음,단일로 - 횡단보도상,화물,남,56세,상해없음,이륜,남,32세,중상
2013120400100412,2013년 12월 4일 18시,수요일,전라북도 군산시 경암동,중상사고,0,1,0,0,차대차 - 측면직각충돌,신호위반,건조,맑음,교차로 - 교차로안,승용,여,24세,상해없음,승용,남,51세,중상
2013120400100413,2013년 12월 4일 18시,수요일,전라북도 익산시 영등동,중상사고,0,1,1,0,차대차 - 추돌 - 주정차중,안전운전불이행,건조,맑음,미분류 - 미분류,승용,남,44세,기타불명,승용,남,43세,중상
2013120400100515,2013년 12월 4일 21시,수요일,전라북도 김제시 청하면,사망사고,1,0,0,0,차대차 - 정면충돌,중앙선침범,건조,맑음,단일로 - 기타,승용,남,50세,상해없음,승용,남,47세,사망
2013120500100010,2013년 12월 5일 00시,목요일,전라북도 군산시 수송동,경상사고,0,0,1,0,차대차 - 추돌 - 주정차중,안전운전불이행,습기,안개,단일로 - 기타,승용,남,30세,상해없음,승용,남,37세,경상
2013120500100026,2013년 12월 5일 01시,목요일,전라북도 전주시 덕진구 우아동3가,경상사고,0,0,2,0,차대차 - 추돌 - 진행중,안전운전불이행,건조,맑음,교차로 - 교차로부근,승용,남,41세,상해없음,승용,남,60세,경상
2013120500100027,2013년 12월 5일 01시,목요일,전라북도 익산시 동산동,중상사고,0,1,0,0,차대사람 - 횡단중,신호위반,건조,맑음,단일로 - 기타,승용,남,35세,상해없음,보행자,남,36세,중상
2013120500100084,2013년 12월 5일 06시,목요일,전라북도 군산시 월명동,경상사고,0,0,2,0,차대차 - 측면직각충돌,신호위반,건조,맑음,교차로 - 교차로안,화물,남,52세,상해없음,승용,남,63세,경상
2013120500100085,2013년 12월 5일 06시,목요일,전라북도 부안군 부안읍,부상신고사고,0,0,0,2,차대차 - 기타,안전운전불이행,습기,맑음,교차로 - 교차로안,승용,남,49세,상해없음,승용,남,50세,상해없음
2013120500100102,2013년 12월 5일 07시,목요일,전라북도 전주시 덕진구 우아동3가,경상사고,0,0,1,0,차대차 - 기타,안전운전불이행,건조,흐림,교차로 - 교차로부근,승용,남,71세,상해없음,승합,남,32세,경상
2013120500100128,2013년 12월 5일 08시,목요일,전라북도 전주시 덕진구 우아동2가,경상사고,0,0,3,0,차대차 - 측면직각충돌,교차로운행방법위반,건조,맑음,교차로 - 교차로안,승용,여,35세,상해없음,승용,여,35세,경상
2013120500100129,2013년 12월 5일 08시,목요일,전라북도 군산시 사정동,경상사고,0,0,1,0,차대차 - 측면직각충돌,신호위반,습기,안개,교차로 - 교차로안,승용,남,57세,상해없음,승용,남,39세,경상
2013120500100130,2013년 12월 5일 08시,목요일,전라북도 익산시 어양동,경상사고,0,0,1,0,차대차 - 측면직각충돌,신호위반,습기,안개,교차로 - 교차로안,승용,남,38세,상해없음,승합,남,66세,경상
2013120500100160,2013년 12월 5일 09시,목요일,전라북도 정읍시 시기동,중상사고,0,1,0,0,차대차 - 측면직각충돌,직진우회전진행방해,건조,맑음,교차로 - 교차로안,자전거,여,59세,중상,화물,남,40세,상해없음
2013120500100161,2013년 12월 5일 09시,목요일,전라북도 정읍시 수성동,경상사고,0,0,1,0,차대차 - 측면직각충돌,직진우회전진행방해,건조,맑음,교차로 - 교차로안,승용,남,75세,상해없음,승용,남,54세,상해없음
2013120500100176,2013년 12월 5일 10시,목요일,전라북도 익산시 팔봉동,경상사고,0,0,2,0,차대차 - 기타,중앙선침범,건조,맑음,단일로 - 기타,승용,남,67세,상해없음,승용,남,66세,상해없음
2013120500100228,2013년 12월 5일 12시,목요일,전라북도 김제시 요촌동,경상사고,0,0,1,0,차대사람 - 횡단중,안전운전불이행,건조,맑음,단일로 - 기타,승용,여,45세,상해없음,보행자,여,71세,경상
2013120500100242,2013년 12월 5일 13시,목요일,전라북도 익산시 삼기면,중상사고,0,1,0,0,차대차 - 측면직각충돌,신호위반,건조,맑음,교차로 - 교차로안,승용,남,23세,상해없음,화물,여,27세,중상
2013120500100266,2013년 12월 5일 14시,목요일,전라북도 전주시 완산구 평화동2가,경상사고,0,0,1,0,차대차 - 정면충돌,중앙선침범,건조,맑음,단일로 - 기타,승용,남,24세,상해없음,승용,여,39세,경상
2013120500100267,2013년 12월 5일 14시,목요일,전라북도 전주시 덕진구 진북동,경상사고,0,0,1,0,차대차 - 측면직각충돌,안전운전불이행,건조,맑음,교차로 - 교차로안,승용,여,54세,상해없음,자전거,남,71세,경상
2013120500100299,2013년 12월 5일 15시,목요일,전라북도 군산시 수송동,경상사고,0,0,1,0,차대차 - 측면직각충돌,안전운전불이행,건조,맑음,교차로 - 교차로안,기타불명,기타불명,기타불명,기타불명,자전거,여,33세,경상
2013120500100300,2013년 12월 5일 15시,목요일,전라북도 남원시 쌍교동,경상사고,0,0,1,0,차대차 - 측면직각충돌,안전거리미확보,건조,맑음,교차로 - 교차로안,승합,남,58세,상해없음,승용,여,56세,경상
2013120500100358,2013년 12월 5일 17시,목요일,전라북도 전주시 완산구 효자동2가,경상사고,0,0,1,0,차대차 - 기타,교차로운행방법위반,건조,맑음,교차로 - 교차로안,승용,남,32세,상해없음,승용,남,65세,경상
2013120500100359,2013년 12월 5일 17시,목요일,전라북도 익산시 모현동2가,경상사고,0,0,1,0,차대사람 - 횡단중,보행자보호의무위반,건조,맑음,교차로 - 교차로안,화물,남,49세,상해없음,보행자,여,22세,경상
2013120500100360,2013년 12월 5일 17시,목요일,전라북도 익산시 모현동1가,경상사고,0,0,1,0,차대차 - 측면직각충돌,안전운전불이행,건조,맑음,단일로 - 기타,승용,여,29세,상해없음,승합,남,35세,경상
2013120500100405,2013년 12월 5일 18시,목요일,전라북도 전주시 완산구 효자동3가,경상사고,0,0,2,0,차대차 - 측면직각충돌,신호위반,건조,맑음,교차로 - 교차로안,화물,남,56세,상해없음,화물,남,48세,경상
2013120500100453,2013년 12월 5일 19시,목요일,전라북도 전주시 완산구 서서학동,중상사고,0,1,4,0,차대차 - 측면직각충돌,신호위반,건조,맑음,교차로 - 교차로안,승용,여,30세,경상,승합,남,46세,경상
2013120500100454,2013년 12월 5일 19시,목요일,전라북도 전주시 덕진구 진북동,경상사고,0,0,1,0,차대차 - 측면직각충돌,중앙선침범,건조,맑음,단일로 - 기타,건설기계,남,48세,상해없음,이륜,남,63세,경상
2013120500100491,2013년 12월 5일 20시,목요일,전라북도 전주시 덕진구 우아동3가,경상사고,0,0,1,0,차대차 - 측면직각충돌,안전운전불이행,습기,흐림,교차로 - 교차로안,이륜,남,17세,상해없음,원동기,남,60세,경상
2013120500100528,2013년 12월 5일 21시,목요일,전라북도 익산시 춘포면,경상사고,0,0,1,0,차대차 - 추돌 - 주정차중,안전운전불이행,건조,맑음,교차로 - 교차로부근,승합,남,57세,상해없음,화물,남,44세,경상
2013120500100552,2013년 12월 5일 22시,목요일,전라북도 전주시 덕진구 금암동,경상사고,0,0,1,0,차대차 - 추돌 - 주정차중,안전운전불이행,건조,흐림,단일로 - 기타,승용,남,38세,상해없음,승용,남,47세,상해없음
2013120600100015,2013년 12월 6일 00시,금요일,전라북도 군산시 나운동,경상사고,0,0,1,0,차대차 - 기타,안전거리미확보,건조,맑음,단일로 - 기타,승용,남,22세,상해없음,승용,남,60세,경상
2013120600100038,2013년 12월 6일 02시,금요일,전라북도 전주시 완산구 효자동3가,경상사고,0,0,2,0,차대차 - 측면직각충돌,기타,건조,맑음,교차로 - 교차로안,승용,남,31세,상해없음,승용,여,48세,경상
2013120600100063,2013년 12월 6일 05시,금요일,전라북도 전주시 완산구 효자동2가,경상사고,0,0,2,0,차대차 - 추돌 - 주정차중,안전운전불이행,건조,맑음,교차로 - 교차로부근,승용,남,36세,상해없음,승용,남,70세,경상
2013120600100075,2013년 12월 6일 06시,금요일,전라북도 전주시 덕진구 덕진동1가,경상사고,0,0,1,0,차대사람 - 횡단중,신호위반,건조,맑음,단일로 - 횡단보도상,승용,남,52세,상해없음,보행자,남,43세,경상
2013120600100092,2013년 12월 6일 07시,금요일,전라북도 전주시 완산구 효자동2가,중상사고,0,1,0,0,차대차 - 측면직각충돌,교차로운행방법위반,건조,맑음,교차로 - 교차로안,승용,여,45세,상해없음,승용,여,34세,중상
2013120600100093,2013년 12월 6일 07시,금요일,전라북도 군산시 소룡동,경상사고,0,0,4,0,차대차 - 측면직각충돌,직진우회전진행방해,건조,맑음,교차로 - 교차로안,승용,여,30세,경상,승용,남,35세,경상
2013120600100094,2013년 12월 6일 07시,금요일,전라북도 익산시 마동,경상사고,0,0,1,0,차대차 - 기타,안전운전불이행,건조,맑음,교차로 - 교차로부근,기타불명,기타불명,기타불명,기타불명,승용,남,43세,경상
2013120600100125,2013년 12월 6일 08시,금요일,전라북도 정읍시 시기동,중상사고,0,1,0,0,차대사람 - 차도통행중,안전운전불이행,건조,맑음,단일로 - 교량,화물,남,64세,상해없음,보행자,남,56세,중상
2013120600100154,2013년 12월 6일 09시,금요일,전라북도 전주시 완산구 서신동,경상사고,0,0,1,0,차대차 - 측면직각충돌,교차로운행방법위반,건조,맑음,교차로 - 교차로안,승용,남,32세,상해없음,승용,남,61세,경상
2013120600100155,2013년 12월 6일 09시,금요일,전라북도 부안군 행안면,경상사고,0,0,1,0,차대차 - 기타,중앙선침범,건조,맑음,단일로 - 기타,화물,기타불명,기타불명,기타불명,원동기,남,75세,경상
2013120600100214,2013년 12월 6일 11시,금요일,전라북도 전주시 완산구 고사동,중상사고,0,1,0,0,차대사람 - 횡단중,안전운전불이행,건조,맑음,교차로 - 교차로부근,화물,남,33세,상해없음,보행자,남,61세,중상
2013120600100215,2013년 12월 6일 11시,금요일,전라북도 익산시 영등동,경상사고,0,0,2,0,차대차 - 추돌 - 진행중,안전운전불이행,건조,맑음,단일로 - 기타,건설기계,남,58세,상해없음,승용,여,42세,경상
2013120600100247,2013년 12월 6일 12시,금요일,전라북도 익산시 인화동1가,중상사고,0,1,2,0,차대차 - 측면직각충돌,직진우회전진행방해,건조,맑음,교차로 - 교차로안,승용,남,66세,상해없음,화물,남,57세,경상
2013120600100279,2013년 12월 6일 13시,금요일,전라북도 정읍시 태인면,사망사고,1,0,0,0,차대차 - 추돌 - 진행중,안전운전불이행,건조,맑음,단일로 - 기타,건설기계,남,42세,상해없음,원동기,남,81세,사망
2013120600100317,2013년 12월 6일 14시,금요일,전라북도 군산시 수송동,중상사고,0,1,0,0,차대사람 - 횡단중,보행자보호의무위반,건조,맑음,단일로 - 횡단보도상,승용,남,36세,상해없음,보행자,여,7세,중상
2013120600100366,2013년 12월 6일 15시,금요일,전라북도 전주시 덕진구 송천동1가,경상사고,0,0,1,1,차대차 - 기타,안전거리미확보,건조,맑음,교차로 - 교차로부근,승용,여,53세,상해없음,화물,남,43세,부상신고
2013120600100367,2013년 12월 6일 15시,금요일,전라북도 남원시 용정동,중상사고,0,1,0,0,차대차 - 기타,안전운전불이행,건조,맑음,단일로 - 기타,화물,남,68세,상해없음,이륜,남,84세,중상
2013120600100396,2013년 12월 6일 16시,금요일,전라북도 전주시 완산구 중화산동2가,경상사고,0,0,2,0,차대차 - 측면직각충돌,교차로운행방법위반,건조,맑음,교차로 - 교차로안,승용,여,58세,상해없음,승용,남,27세,경상
2013120600100439,2013년 12월 6일 17시,금요일,전라북도 익산시 남중동,경상사고,0,0,2,0,차대차 - 측면직각충돌,차로위반,건조,맑음,단일로 - 기타,승용,여,48세,상해없음,승용,남,25세,경상
2013120600100485,2013년 12월 6일 18시,금요일,전라북도 전주시 완산구 중화산동1가,중상사고,0,1,0,0,차대사람 - 기타,보행자보호의무위반,건조,맑음,교차로 - 교차로안,승용,여,69세,상해없음,보행자,여,59세,중상
2013120600100486,2013년 12월 6일 18시,금요일,전라북도 전주시 덕진구 산정동,경상사고,0,0,4,0,차대차 - 추돌 - 주정차중,안전운전불이행,건조,맑음,단일로 - 기타,승용,여,38세,상해없음,승용,남,55세,경상
2013120600100487,2013년 12월 6일 18시,금요일,전라북도 정읍시 연지동,경상사고,0,0,1,0,차대사람 - 기타,안전운전불이행,건조,맑음,교차로 - 교차로부근,승용,여,33세,상해없음,보행자,남,15세,경상
2013120600100488,2013년 12월 6일 18시,금요일,전라북도 남원시 금동,중상사고,0,1,0,0,차대사람 - 횡단중,보행자보호의무위반,건조,맑음,단일로 - 횡단보도상,승용,여,30세,상해없음,보행자,남,7세,중상
2013120600100526,2013년 12월 6일 19시,금요일,전라북도 전주시 덕진구 인후동1가,경상사고,0,0,1,0,차대차 - 기타,안전거리미확보,건조,맑음,교차로 - 교차로부근,승용,남,63세,상해없음,원동기,남,16세,경상
2013120600100527,2013년 12월 6일 19시,금요일,전라북도 전주시 덕진구 금암동,경상사고,0,0,1,0,차대사람 - 횡단중,보행자보호의무위반,건조,맑음,단일로 - 횡단보도상,승용,기타불명,기타불명,기타불명,보행자,여,19세,경상
2013120600100563,2013년 12월 6일 20시,금요일,전라북도 군산시 경장동,경상사고,0,0,2,0,차대차 - 추돌 - 주정차중,안전운전불이행,건조,맑음,교차로 - 교차로부근,승용,남,44세,상해없음,승용,남,68세,경상
2013120600100625,2013년 12월 6일 22시,금요일,전라북도 익산시 어양동,경상사고,0,0,1,0,차대차 - 측면직각충돌,안전운전불이행,건조,맑음,단일로 - 기타,화물,남,52세,상해없음,승용,남,54세,경상
2013120600100626,2013년 12월 6일 22시,금요일,전라북도 익산시 어양동,경상사고,0,0,1,0,차대차 - 측면직각충돌,신호위반,건조,맑음,교차로 - 교차로안,승용,남,60세,상해없음,승용,남,54세,경상
2013120600100627,2013년 12월 6일 22시,금요일,전라북도 익산시 부송동,경상사고,0,0,1,0,차대사람 - 횡단중,보행자보호의무위반,건조,맑음,교차로 - 교차로부근,승용,남,21세,상해없음,보행자,남,37세,경상
2013120700100020,2013년 12월 7일 00시,토요일,전라북도 전주시 완산구 서신동,사망사고,1,0,0,0,차대차 - 기타,안전운전불이행,건조,맑음,단일로 - 기타,승용,남,49세,상해없음,승용,남,56세,상해없음
2013120700100021,2013년 12월 7일 00시,토요일,전라북도 부안군 변산면,중상사고,0,2,0,0,차량단독 - 전도전복,안전운전불이행,건조,맑음,단일로 - 기타,화물,남,55세,중상,,,,
2013120700100078,2013년 12월 7일 03시,토요일,전라북도 전주시 완산구 효자동3가,경상사고,0,0,2,0,차대차 - 측면직각충돌,신호위반,건조,맑음,교차로 - 교차로안,승용,남,18세,상해없음,승용,남,39세,경상
2013120700100093,2013년 12월 7일 04시,토요일,전라북도 군산시 나운동,경상사고,0,0,2,0,차대차 - 측면직각충돌,차로위반,건조,맑음,교차로 - 교차로부근,승용,남,25세,상해없음,승용,남,68세,경상
2013120700100135,2013년 12월 7일 07시,토요일,전라북도 전주시 덕진구 인후동1가,사망사고,1,0,0,0,차대사람 - 보도통행중,신호위반,건조,맑음,교차로 - 교차로부근,승용,남,58세,상해없음,보행자,남,32세,사망
2013120700100136,2013년 12월 7일 07시,토요일,전라북도 익산시 마동,중상사고,0,1,0,0,차대차 - 정면충돌,중앙선침범,건조,맑음,단일로 - 기타,화물,남,32세,상해없음,승용,남,64세,중상
2013120700100137,2013년 12월 7일 07시,토요일,전라북도 고창군 무장면,경상사고,0,0,1,0,차대차 - 추돌 - 진행중,안전운전불이행,건조,흐림,단일로 - 기타,화물,남,48세,상해없음,화물,여,58세,상해없음
2013120700100233,2013년 12월 7일 12시,토요일,전라북도 전주시 덕진구 동산동,경상사고,0,0,1,0,차대사람 - 기타,안전운전불이행,건조,맑음,기타 - 기타,화물,남,47세,상해없음,보행자,남,73세,경상
2013120700100234,2013년 12월 7일 12시,토요일,전라북도 정읍시 연지동,중상사고,0,1,0,0,차대차 - 측면직각충돌,중앙선침범,건조,맑음,단일로 - 기타,승용,남,77세,상해없음,이륜,남,25세,중상
2013120700100235,2013년 12월 7일 12시,토요일,전라북도 부안군 주산면,부상신고사고,0,0,0,1,차대차 - 측면직각충돌,교차로운행방법위반,건조,맑음,교차로 - 교차로안,승용,여,49세,부상신고,특수,남,24세,상해없음
2013120700100275,2013년 12월 7일 13시,토요일,전라북도 전주시 덕진구 우아동1가,경상사고,0,0,1,0,차대차 - 측면직각충돌,안전거리미확보,건조,맑음,교차로 - 교차로부근,승용,남,38세,상해없음,승용,남,31세,경상
2013120700100276,2013년 12월 7일 13시,토요일,전라북도 익산시 팔봉동,경상사고,0,0,1,0,차대차 - 추돌 - 주정차중,안전운전불이행,건조,맑음,교차로 - 교차로부근,승용,남,55세,상해없음,승용,남,53세,경상
2013120700100396,2013년 12월 7일 17시,토요일,전라북도 익산시 동산동,중상사고,0,1,0,0,차대사람 - 횡단중,신호위반,건조,맑음,교차로 - 교차로안,승용,남,56세,상해없음,보행자,남,63세,중상
2013120700100397,2013년 12월 7일 17시,토요일,전라북도 익산시 금마면,경상사고,0,0,1,0,차대차 - 추돌 - 진행중,안전운전불이행,건조,맑음,단일로 - 기타,화물,남,38세,상해없음,승용,여,45세,경상
2013120700100435,2013년 12월 7일 18시,토요일,전라북도 전주시 덕진구 송천동1가,중상사고,0,1,1,0,차대사람 - 기타,안전운전불이행,건조,맑음,단일로 - 기타,승용,남,53세,상해없음,보행자,여,48세,경상
2013120700100436,2013년 12월 7일 18시,토요일,전라북도 전주시 덕진구 덕진동1가,경상사고,0,0,1,0,차대사람 - 길가장자리구역통행중,안전운전불이행,건조,맑음,단일로 - 기타,승용,남,58세,상해없음,보행자,남,45세,경상
2013120700100437,2013년 12월 7일 18시,토요일,전라북도 정읍시 이평면,사망사고,1,0,0,0,차대사람 - 기타,안전운전불이행,건조,맑음,단일로 - 기타,이륜,남,49세,상해없음,보행자,여,71세,사망
2013120700100438,2013년 12월 7일 18시,토요일,전라북도 부안군 부안읍,중상사고,0,1,0,0,차대차 - 측면직각충돌,안전운전불이행,건조,맑음,기타 - 기타,승용,남,71세,상해없음,이륜,남,16세,중상
2013120700100530,2013년 12월 7일 21시,토요일,전라북도 전주시 완산구 교동,경상사고,0,0,1,0,차대차 - 기타,안전운전불이행,건조,맑음,단일로 - 기타,승용,남,28세,상해없음,승용,여,38세,경상
2013120700100590,2013년 12월 7일 23시,토요일,전라북도 익산시 영등동,중상사고,0,1,1,0,차대차 - 정면충돌,신호위반,건조,맑음,교차로 - 교차로부근,승용,남,53세,중상,승용,남,22세,경상
2013120700100591,2013년 12월 7일 23시,토요일,전라북도 익산시 부송동,경상사고,0,0,2,0,차대차 - 측면직각충돌,안전운전불이행,건조,맑음,교차로 - 교차로부근,승용,남,24세,상해없음,승용,남,33세,경상
2013120800100012,2013년 12월 8일 00시,일요일,전라북도 군산시 경암동,경상사고,0,0,1,0,차대사람 - 기타,안전운전불이행,건조,맑음,교차로 - 교차로안,승용,남,25세,상해없음,보행자,남,39세,경상
2013120800100036,2013년 12월 8일 01시,일요일,전라북도 익산시 영등동,경상사고,0,0,3,0,차대차 - 측면직각충돌,차로위반,건조,맑음,교차로 - 교차로안,승용,여,25세,상해없음,승용,여,50세,경상
2013120800100077,2013년 12월 8일 03시,일요일,전라북도 전주시 덕진구 덕진동1가,중상사고,0,1,0,0,차량단독 - 기타,안전운전불이행,건조,맑음,단일로 - 기타,이륜,남,15세,상해없음,,,,
2013120800100099,2013년 12월 8일 05시,일요일,전라북도 김제시 입석동,중상사고,0,1,0,0,차량단독 - 도로외이탈 - 기타,안전운전불이행,건조,맑음,단일로 - 기타,승용,남,44세,중상,,,,
2013120800100144,2013년 12월 8일 08시,일요일,전라북도 장수군 번암면,사망사고,1,0,0,0,차대사람 - 길가장자리구역통행중,안전운전불이행,건조,맑음,단일로 - 기타,승합,남,50세,상해없음,보행자,여,69세,사망
2013120800100157,2013년 12월 8일 09시,일요일,전라북도 군산시 오식도동,경상사고,0,0,2,0,차대차 - 측면직각충돌,신호위반,건조,맑음,교차로 - 교차로안,화물,여,40세,경상,승용,남,39세,경상
2013120800100171,2013년 12월 8일 10시,일요일,전라북도 익산시 현영동,경상사고,0,0,1,0,차대차 - 측면직각충돌,직진우회전진행방해,건조,맑음,교차로 - 교차로안,화물,여,57세,상해없음,승용,여,34세,경상
2013120800100172,2013년 12월 8일 10시,일요일,전라북도 김제시 신풍동,경상사고,0,0,1,0,차대사람 - 길가장자리구역통행중,안전운전불이행,건조,맑음,교차로 - 교차로안,승용,남,54세,상해없음,보행자,남,51세,경상
2013120800100184,2013년 12월 8일 11시,일요일,전라북도 전주시 완산구 효자동2가,경상사고,0,0,2,0,차대차 - 측면직각충돌,신호위반,건조,맑음,교차로 - 교차로안,승용,여,43세,상해없음,화물,남,26세,경상
2013120800100204,2013년 12월 8일 12시,일요일,전라북도 익산시 송학동,경상사고,0,0,1,0,차대차 - 측면직각충돌,안전운전불이행,건조,맑음,교차로 - 교차로안,화물,남,63세,상해없음,원동기,남,21세,경상
2013120800100223,2013년 12월 8일 13시,일요일,전라북도 부안군 보안면,경상사고,0,0,1,0,차대차 - 추돌 - 진행중,중앙선침범,건조,맑음,단일로 - 기타,승용,남,34세,상해없음,승용,남,70세,상해없음
2013120800100224,2013년 12월 8일 13시,일요일,전라북도 진안군 안천면,경상사고,0,0,1,0,차대차 - 측면직각충돌,안전운전불이행,건조,맑음,단일로 - 기타,승합,남,50세,상해없음,농기계,남,83세,경상
2013120800100250,2013년 12월 8일 14시,일요일,전라북도 군산시 수송동,중상사고,0,1,1,0,차대차 - 측면직각충돌,신호위반,건조,맑음,교차로 - 교차로안,이륜,남,24세,중상,승용,남,73세,경상
2013120800100251,2013년 12월 8일 14시,일요일,전라북도 완주군 이서면,중상사고,0,1,1,0,차대차 - 측면직각충돌,신호위반,건조,맑음,교차로 - 교차로안,건설기계,남,64세,경상,승용,여,42세,중상
2013120800100283,2013년 12월 8일 15시,일요일,전라북도 전주시 완산구 효자동1가,경상사고,0,0,1,0,차대차 - 측면직각충돌,신호위반,건조,맑음,교차로 - 교차로안,승용,남,48세,상해없음,원동기,남,20세,경상
2013120800100284,2013년 12월 8일 15시,일요일,전라북도 전주시 덕진구 인후동1가,중상사고,0,1,1,0,차대차 - 측면직각충돌,신호위반,건조,맑음,교차로 - 교차로안,승용,여,41세,상해없음,승용,남,51세,경상
2013120800100285,2013년 12월 8일 15시,일요일,전라북도 군산시 수송동,경상사고,0,0,1,0,차대차 - 측면직각충돌,신호위반,건조,맑음,단일로 - 기타,이륜,남,31세,경상,승합,남,73세,상해없음