사고번호,사고일시,요일,시군구,사고내용,사망자수,중상자수,경상자수,부상신고자수,사고유형,법규위반,노면상태,기상상태,도로형태,가해운전자 차종,가해운전자 성별,가해운전자 연령,가해운전자 상해정도,피해운전자 차종,피해운전자 성별,피해운전자 연령,피해운전자 상해정도
2013120800100340,2013년 12월 8일 17시,일요일,전라북도 전주시 덕진구 덕진동1가,경상사고,0,0,1,0,차대차 - 측면직각충돌,신호위반,건조,맑음,교차로 - 교차로부근,승용,여,41세,상해없음,이륜,남,25세,경상
2013120800100341,2013년 12월 8일 17시,일요일,전라북도 전주시 덕진구 송천동1가,경상사고,0,0,1,0,차대사람 - 보도통행중,기타,건조,맑음,기타 - 기타,화물,남,39세,상해없음,보행자,남,17세,경상
2013120800100388,2013년 12월 8일 18시,일요일,전라북도 전주시 덕진구 금암동,경상사고,0,0,1,0,차대차 - 추돌 - 진행중,신호위반,건조,맑음,교차로 - 교차로안,승용,여,46세,상해없음,승용,남,57세,경상
2013120800100389,2013년 12월 8일 18시,일요일,전라북도 남원시 신촌동,중상사고,0,1,0,0,차대차 - 정면충돌,중앙선침범,건조,맑음,단일로 - 기타,기타불명,여,65세,중상,승용,남,50세,상해없음
2013120800100425,2013년 12월 8일 19시,일요일,전라북도 전주시 완산구 전동,경상사고,0,0,2,0,차대차 - 추돌 - 주정차중,안전운전불이행,건조,맑음,교차로 - 교차로부근,화물,남,45세,상해없음,승용,남,23세,경상
2013120800100426,2013년 12월 8일 19시,일요일,전라북도 익산시 모현동2가,경상사고,0,0,2,0,차대차 - 추돌 - 주정차중,안전운전불이행,건조,맑음,교차로 - 교차로부근,승용,남,45세,상해없음,승용,남,37세,경상
2013120800100456,2013년 12월 8일 20시,일요일,전라북도 익산시 남중동,경상사고,0,0,1,0,차대차 - 측면직각충돌,신호위반,건조,맑음,교차로 - 교차로안,승용,여,52세,상해없음,승용,여,39세,경상
2013120800100457,2013년 12월 8일 20시,일요일,전라북도 남원시 월락동,중상사고,0,1,0,0,차대차 - 기타,안전운전불이행,건조,맑음,단일로 - 기타,승용,남,48세,상해없음,원동기,남,15세,중상
2013120800100479,2013년 12월 8일 21시,일요일,전라북도 김제시 검산동,경상사고,0,0,2,0,차대차 - 측면직각충돌,안전운전불이행,건조,맑음,단일로 - 기타,승용,여,47세,상해없음,승용,남,41세,경상
2013120800100497,2013년 12월 8일 22시,일요일,전라북도 완주군 삼례읍,경상사고,0,0,1,0,차대차 - 기타,신호위반,건조,맑음,교차로 - 교차로안,승용,남,47세,상해없음,승용,여,52세,경상
2013120800100513,2013년 12월 8일 23시,일요일,전라북도 전주시 완산구 서신동,경상사고,0,0,1,0,차대차 - 추돌 - 진행중,안전거리미확보,건조,맑음,단일로 - 기타,승용,남,49세,상해없음,승용,남,55세,경상
2013120800100514,2013년 12월 8일 23시,일요일,전라북도 전주시 덕진구 팔복동2가,중상사고,0,1,0,0,차대사람 - 기타,안전운전불이행,건조,맑음,단일로 - 기타,기타불명,기타불명,기타불명,기타불명,보행자,여,58세,중상
2013120900100045,2013년 12월 9일 05시,월요일,전라북도 군산시 대야면,중상사고,0,1,0,0,차대사람 - 기타,기타,습기,흐림,교차로 - 교차로부근,기타불명,기타불명,기타불명,기타불명,보행자,남,73세,중상
2013120900100059,2013년 12월 9일 06시,월요일,전라북도 군산시 개정면,중상사고,0,1,0,0,차대차 - 측면직각충돌,신호위반,습기,비,교차로 - 교차로부근,승용,남,51세,상해없음,승용,여,30세,중상
2013120900100088,2013년 12월 9일 07시,월요일,전라북도 익산시 남중동,경상사고,0,0,2,0,차대차 - 측면직각충돌,직진우회전진행방해,습기,비,교차로 - 교차로안,승용,남,57세,상해없음,승용,남,65세,경상
2013120900100118,2013년 12월 9일 08시,월요일,전라북도 전주시 덕진구 인후동1가,경상사고,0,0,1,0,차대차 - 추돌 - 주정차중,안전운전불이행,건조,맑음,교차로 - 교차로부근,승용,여,40세,상해없음,승용,남,39세,경상
2013120900100176,2013년 12월 9일 10시,월요일,전라북도 익산시 삼기면,중상사고,0,2,0,0,차대차 - 측면직각충돌,안전운전불이행,습기,비,교차로 - 교차로안,건설기계,남,56세,중상,화물,남,57세,중상
2013120900100177,2013년 12월 9일 10시,월요일,전라북도 정읍시 북면,중상사고,0,2,0,0,차대차 - 측면직각충돌,직진우회전진행방해,건조,흐림,교차로 - 교차로안,승합,남,66세,상해없음,화물,남,64세,중상
2013120900100178,2013년 12월 9일 10시,월요일,전라북도 정읍시 수성동,중상사고,0,1,0,0,차대차 - 측면직각충돌,안전운전불이행,건조,흐림,단일로 - 횡단보도부근,승용,남,35세,상해없음,자전거,여,56세,중상
2013120900100233,2013년 12월 9일 12시,월요일,전라북도 정읍시 하북동,중상사고,0,1,0,0,차대차 - 측면직각충돌,직진우회전진행방해,습기,비,교차로 - 교차로안,이륜,남,74세,중상,승용,남,51세,상해없음
2013120900100258,2013년 12월 9일 13시,월요일,전라북도 전주시 덕진구 덕진동1가,경상사고,0,0,1,0,차대차 - 측면직각충돌,안전거리미확보,습기,비,단일로 - 기타,승용,남,19세,상해없음,승합,남,47세,경상
2013120900100311,2013년 12월 9일 15시,월요일,전라북도 완주군 경천면,경상사고,0,0,1,0,차대차 - 기타,안전운전불이행,습기,비,단일로 - 기타,화물,남,75세,상해없음,건설기계,남,51세,경상
2013120900100384,2013년 12월 9일 17시,월요일,전라북도 익산시 어양동,경상사고,0,0,2,0,차대차 - 추돌 - 주정차중,안전운전불이행,건조,맑음,교차로 - 교차로부근,화물,남,62세,상해없음,승용,여,57세,경상
2013120900100385,2013년 12월 9일 17시,월요일,전라북도 정읍시 소성면,경상사고,0,0,2,0,차대차 - 측면직각충돌,신호위반,습기,비,교차로 - 교차로안,화물,남,62세,상해없음,승용,남,47세,경상
2013120900100386,2013년 12월 9일 17시,월요일,전라북도 부안군 변산면,중상사고,0,1,0,0,차대사람 - 기타,안전운전불이행,습기,흐림,단일로 - 기타,화물,남,48세,상해없음,보행자,여,58세,중상
2013120900100447,2013년 12월 9일 18시,월요일,전라북도 군산시 대명동,중상사고,0,1,0,0,차대차 - 측면직각충돌,불법유턴,습기,비,단일로 - 기타,승용,남,61세,상해없음,이륜,남,16세,중상
2013120900100448,2013년 12월 9일 18시,월요일,전라북도 김제시 금구면,중상사고,0,1,0,0,차대사람 - 기타,안전운전불이행,습기,흐림,단일로 - 기타,승용,여,49세,상해없음,보행자,여,85세,중상
2013120900100449,2013년 12월 9일 18시,월요일,전라북도 완주군 고산면,경상사고,0,0,1,0,차대차 - 측면직각충돌,안전운전불이행,습기,비,단일로 - 기타,승용,여,51세,상해없음,승용,여,38세,경상
2013120900100503,2013년 12월 9일 19시,월요일,전라북도 전주시 완산구 삼천동1가,경상사고,0,0,2,0,차대사람 - 횡단중,신호위반,적설,눈,단일로 - 횡단보도상,승용,남,53세,상해없음,보행자,여,46세,경상
2013120900100504,2013년 12월 9일 19시,월요일,전라북도 전주시 덕진구 동산동,경상사고,0,0,1,0,차대사람 - 길가장자리구역통행중,안전운전불이행,건조,흐림,단일로 - 기타,승용,남,60세,상해없음,보행자,여,55세,경상
2013120900100505,2013년 12월 9일 19시,월요일,전라북도 군산시 오식도동,중상사고,0,1,0,0,차대차 - 측면직각충돌,신호위반,건조,맑음,교차로 - 교차로안,화물,남,58세,상해없음,승용,남,45세,중상
2013120900100581,2013년 12월 9일 21시,월요일,전라북도 전주시 완산구 서신동,경상사고,0,0,2,0,차대차 - 추돌 - 주정차중,안전운전불이행,기타,기타,단일로 - 기타,승용,남,35세,상해없음,승용,남,42세,상해없음
2013120900100582,2013년 12월 9일 21시,월요일,전라북도 군산시 산북동,경상사고,0,0,2,0,차대차 - 측면직각충돌,직진우회전진행방해,건조,흐림,교차로 - 교차로안,승용,여,37세,경상,승용,남,51세,상해없음
2013120900100611,2013년 12월 9일 22시,월요일,전라북도 군산시 금광동,경상사고,0,0,1,0,차대차 - 측면직각충돌,신호위반,건조,흐림,교차로 - 교차로안,승용,남,57세,상해없음,승용,남,30세,경상
2013120900100612,2013년 12월 9일 22시,월요일,전라북도 익산시 영등동,경상사고,0,0,1,0,차대사람 - 기타,안전운전불이행,건조,맑음,단일로 - 기타,승용,남,23세,상해없음,보행자,남,56세,경상
2013120900100632,2013년 12월 9일 23시,월요일,전라북도 전주시 완산구 서신동,경상사고,0,0,1,0,차량단독 - 기타,안전운전불이행,습기,기타,단일로 - 기타,승용,남,59세,상해없음,,,,
2013121000100033,2013년 12월 10일 03시,화요일,전라북도 군산시 나운동,경상사고,0,0,1,0,차대차 - 측면직각충돌,신호위반,건조,맑음,교차로 - 교차로안,승용,여,51세,기타불명,승합,남,54세,경상
2013121000100055,2013년 12월 10일 06시,화요일,전라북도 전주시 완산구 상림동,중상사고,0,1,0,0,차대사람 - 횡단중,신호위반,습기,기타,교차로 - 교차로안,승용,남,54세,상해없음,보행자,여,35세,중상
2013121000100056,2013년 12월 10일 06시,화요일,전라북도 전주시 완산구 평화동3가,중상사고,0,1,0,0,차대차 - 측면직각충돌,교차로운행방법위반,건조,기타,교차로 - 교차로부근,승용,남,45세,상해없음,원동기,남,46세,중상
2013121000100057,2013년 12월 10일 06시,화요일,전라북도 전주시 덕진구 진북동,중상사고,0,1,0,0,차대사람 - 횡단중,안전운전불이행,건조,흐림,단일로 - 기타,승용,남,65세,상해없음,보행자,여,64세,중상
2013121000100072,2013년 12월 10일 07시,화요일,전라북도 전주시 덕진구 여의동,중상사고,0,1,0,0,차대차 - 측면직각충돌,신호위반,건조,맑음,교차로 - 교차로안,승용,남,47세,상해없음,자전거,남,70세,중상
2013121000100101,2013년 12월 10일 08시,화요일,전라북도 정읍시 수성동,경상사고,0,0,1,0,차대차 - 측면직각충돌,신호위반,건조,맑음,교차로 - 교차로안,승합,남,74세,상해없음,화물,남,53세,경상
2013121000100118,2013년 12월 10일 09시,화요일,전라북도 익산시 함라면,경상사고,0,0,1,0,차대차 - 측면직각충돌,신호위반,건조,맑음,교차로 - 교차로안,건설기계,남,41세,상해없음,승합,남,34세,경상
2013121000100157,2013년 12월 10일 11시,화요일,전라북도 군산시 조촌동,경상사고,0,0,2,0,차대차 - 측면직각충돌,직진우회전진행방해,건조,맑음,교차로 - 교차로안,승용,남,35세,경상,승용,남,63세,경상
2013121000100158,2013년 12월 10일 11시,화요일,전라북도 익산시 모현동1가,경상사고,0,0,2,0,차대차 - 측면직각충돌,신호위반,건조,맑음,교차로 - 교차로안,승용,남,79세,상해없음,승용,여,32세,경상
2013121000100178,2013년 12월 10일 12시,화요일,전라북도 전주시 완산구 중노송동,중상사고,0,1,0,0,차대사람 - 횡단중,보행자보호의무위반,건조,맑음,교차로 - 교차로부근,화물,남,32세,상해없음,보행자,남,74세,중상
2013121000100198,2013년 12월 10일 13시,화요일,전라북도 익산시 영등동,경상사고,0,0,1,0,차대사람 - 횡단중,보행자보호의무위반,건조,맑음,단일로 - 횡단보도상,승용,남,28세,상해없음,보행자,남,78세,경상
2013121000100224,2013년 12월 10일 14시,화요일,전라북도 전주시 덕진구 송천동2가,중상사고,0,1,0,0,차대사람 - 보도통행중,보행자보호의무위반,건조,맑음,단일로 - 횡단보도상,승용,여,41세,상해없음,보행자,여,84세,중상
2013121000100225,2013년 12월 10일 14시,화요일,전라북도 익산시 인화동1가,중상사고,0,1,1,0,차대차 - 추돌 - 진행중,안전운전불이행,건조,맑음,단일로 - 기타,승합,남,65세,상해없음,원동기,남,77세,경상
2013121000100226,2013년 12월 10일 14시,화요일,전라북도 익산시 남중동,중상사고,0,1,0,0,차대사람 - 기타,안전운전불이행,건조,맑음,교차로 - 교차로부근,승용,남,28세,상해없음,보행자,여,72세,중상
2013121000100263,2013년 12월 10일 16시,화요일,전라북도 완주군 이서면,사망사고,1,0,0,0,차대차 - 추돌 - 진행중,안전운전불이행,건조,맑음,단일로 - 기타,화물,남,55세,사망,승용,남,66세,상해없음
2013121000100301,2013년 12월 10일 17시,화요일,전라북도 군산시 지곡동,중상사고,0,1,0,0,차대사람 - 기타,안전운전불이행,건조,맑음,단일로 - 기타,승용,여,40세,상해없음,보행자,남,33세,중상
2013121000100336,2013년 12월 10일 18시,화요일,전라북도 익산시 팔봉동,경상사고,0,0,1,0,차대차 - 기타,차로위반,건조,맑음,단일로 - 기타,승용,여,32세,상해없음,승용,여,29세,경상
2013121000100378,2013년 12월 10일 19시,화요일,전라북도 군산시 나운동,중상사고,0,1,0,0,차대사람 - 횡단중,안전운전불이행,건조,맑음,교차로 - 교차로안,승용,남,34세,상해없음,보행자,여,36세,중상
2013121000100446,2013년 12월 10일 21시,화요일,전라북도 군산시 대야면,경상사고,0,0,1,0,차대차 - 추돌 - 진행중,안전거리미확보,건조,맑음,단일로 - 기타,승용,남,37세,상해없음,화물,남,39세,경상
2013121000100447,2013년 12월 10일 21시,화요일,전라북도 익산시 중앙동1가,경상사고,0,0,1,0,차대차 - 측면직각충돌,안전운전불이행,건조,맑음,단일로 - 기타,승용,여,37세,상해없음,자전거,여,41세,경상
2013121000100506,2013년 12월 10일 23시,화요일,전라북도 군산시 수송동,중상사고,0,1,0,0,차대차 - 추돌 - 주정차중,안전운전불이행,건조,맑음,교차로 - 교차로부근,화물,남,47세,상해없음,승용,남,37세,중상
2013121100100013,2013년 12월 11일 00시,수요일,전라북도 전주시 완산구 중화산동2가,경상사고,0,0,4,0,차대차 - 기타,안전운전불이행,건조,맑음,교차로 - 교차로부근,특수,남,31세,상해없음,승용,남,62세,경상
2013121100100095,2013년 12월 11일 06시,수요일,전라북도 익산시 신흥동,사망사고,1,1,0,0,차대차 - 추돌 - 진행중,안전운전불이행,습기,흐림,교차로 - 교차로부근,승용,남,24세,사망,화물,남,54세,중상
2013121100100120,2013년 12월 11일 07시,수요일,전라북도 전주시 덕진구 금암동,중상사고,0,1,0,0,차대사람 - 횡단중,보행자보호의무위반,건조,흐림,단일로 - 횡단보도상,승용,여,40세,상해없음,보행자,남,19세,중상
2013121100100121,2013년 12월 11일 07시,수요일,전라북도 익산시 목천동,사망사고,1,2,0,0,차대차 - 추돌 - 진행중,안전운전불이행,습기,흐림,단일로 - 기타,화물,남,72세,사망,승용,남,66세,중상
2013121100100122,2013년 12월 11일 07시,수요일,전라북도 부안군 부안읍,부상신고사고,0,0,0,1,차량단독 - 공작물충돌,안전운전불이행,습기,비,교차로 - 교차로안,승용,여,41세,부상신고,,,,
2013121100100162,2013년 12월 11일 08시,수요일,전라북도 익산시 창인동1가,경상사고,0,0,1,0,차대사람 - 횡단중,안전운전불이행,습기,흐림,교차로 - 교차로안,승합,남,33세,상해없음,보행자,여,40세,경상
2013121100100163,2013년 12월 11일 08시,수요일,전라북도 장수군 계남면,경상사고,0,0,1,0,차대차 - 측면직각충돌,중앙선침범,적설,눈,교차로 - 교차로부근,화물,남,75세,상해없음,승용,남,40세,경상
2013121100100164,2013년 12월 11일 08시,수요일,전라북도 무주군 설천면,중상사고,0,1,0,0,차대차 - 추돌 - 주정차중,안전운전불이행,적설,눈,단일로 - 기타,승용,남,42세,상해없음,승용,남,34세,중상
2013121100100165,2013년 12월 11일 08시,수요일,전라북도 순창군 팔덕면,경상사고,0,0,1,0,차대차 - 추돌 - 진행중,안전거리미확보,적설,눈,단일로 - 기타,건설기계,남,27세,상해없음,승용,남,43세,경상
2013121100100202,2013년 12월 11일 09시,수요일,전라북도 전주시 덕진구 인후동1가,중상사고,0,1,0,0,차대사람 - 횡단중,안전운전불이행,습기,눈,단일로 - 기타,화물,남,34세,상해없음,보행자,남,22세,중상
2013121100100203,2013년 12월 11일 09시,수요일,전라북도 전주시 덕진구 금암동,경상사고,0,0,3,0,차대차 - 측면직각충돌,직진우회전진행방해,건조,맑음,교차로 - 교차로안,승용,여,42세,상해없음,승용,남,55세,상해없음
2013121100100255,2013년 12월 11일 11시,수요일,전라북도 전주시 덕진구 금암동,경상사고,0,0,1,0,차대차 - 기타,안전운전불이행,건조,맑음,교차로 - 교차로안,화물,남,52세,상해없음,승용,남,56세,상해없음
2013121100100278,2013년 12월 11일 12시,수요일,전라북도 전주시 덕진구 우아동3가,경상사고,0,0,4,0,차대차 - 측면직각충돌,안전거리미확보,습기,흐림,교차로 - 교차로부근,승용,남,43세,상해없음,승합,남,60세,경상
2013121100100279,2013년 12월 11일 12시,수요일,전라북도 익산시 마동,중상사고,0,1,0,0,차대차 - 기타,안전운전불이행,습기,눈,교차로 - 교차로안,화물,남,40세,상해없음,자전거,남,74세,중상
2013121100100280,2013년 12월 11일 12시,수요일,전라북도 익산시 평화동,경상사고,0,0,1,0,차대사람 - 길가장자리구역통행중,안전운전불이행,습기,눈,단일로 - 기타,승용,여,50세,상해없음,보행자,여,13세,경상
2013121100100281,2013년 12월 11일 12시,수요일,전라북도 김제시 금산면,중상사고,0,1,0,0,차대차 - 측면직각충돌,안전운전불이행,건조,맑음,교차로 - 교차로부근,화물,남,37세,상해없음,자전거,남,87세,중상
2013121100100310,2013년 12월 11일 13시,수요일,전라북도 정읍시 상동,경상사고,0,0,1,0,차대차 - 측면직각충돌,안전거리미확보,건조,맑음,교차로 - 교차로안,승용,남,71세,상해없음,이륜,남,35세,경상
2013121100100335,2013년 12월 11일 14시,수요일,전라북도 군산시 경암동,경상사고,0,0,1,0,차대차 - 기타,안전운전불이행,건조,맑음,교차로 - 교차로부근,특수,남,41세,상해없음,승용,남,49세,경상
2013121100100336,2013년 12월 11일 14시,수요일,전라북도 고창군 고창읍,중상사고,0,1,0,1,차대차 - 측면직각충돌,직진우회전진행방해,건조,맑음,교차로 - 교차로안,승용,여,48세,부상신고,승용,여,41세,중상
2013121100100397,2013년 12월 11일 16시,수요일,전라북도 전주시 완산구 효자동3가,경상사고,0,0,1,0,차대사람 - 횡단중,안전운전불이행,건조,흐림,단일로 - 기타,화물,남,43세,상해없음,보행자,남,21세,경상
2013121100100424,2013년 12월 11일 17시,수요일,전라북도 군산시 산북동,경상사고,0,0,2,0,차대차 - 측면직각충돌,직진우회전진행방해,건조,흐림,교차로 - 교차로안,승용,남,44세,상해없음,승용,여,29세,경상
2013121100100467,2013년 12월 11일 18시,수요일,전라북도 전주시 덕진구 덕진동1가,중상사고,0,1,0,0,차대차 - 측면직각충돌,신호위반,건조,맑음,교차로 - 교차로안,승용,여,38세,상해없음,승용,여,64세,중상
2013121100100468,2013년 12월 11일 18시,수요일,전라북도 익산시 오산면,경상사고,0,0,1,0,차대차 - 추돌 - 진행중,안전운전불이행,건조,맑음,단일로 - 기타,승용,남,58세,상해없음,승용,남,52세,경상
2013121100100469,2013년 12월 11일 18시,수요일,전라북도 김제시 복죽동,경상사고,0,0,5,0,차대차 - 정면충돌,중앙선침범,건조,맑음,단일로 - 기타,승용,여,35세,상해없음,화물,여,55세,경상
2013121100100470,2013년 12월 11일 18시,수요일,전라북도 김제시 요촌동,경상사고,0,0,1,0,차대차 - 측면직각충돌,안전운전불이행,건조,맑음,교차로 - 교차로안,승용,남,64세,상해없음,이륜,남,18세,경상
2013121100100511,2013년 12월 11일 19시,수요일,전라북도 무주군 무주읍,사망사고,1,1,2,0,차대차 - 추돌 - 진행중,안전거리미확보,결빙,눈,단일로 - 터널,승용,남,45세,상해없음,승용,여,53세,중상
2013121100100543,2013년 12월 11일 20시,수요일,전라북도 전주시 완산구 서신동,경상사고,0,0,1,0,차대차 - 추돌 - 주정차중,안전운전불이행,건조,맑음,단일로 - 기타,승용,남,35세,상해없음,승용,남,33세,경상
2013121100100544,2013년 12월 11일 20시,수요일,전라북도 군산시 경장동,경상사고,0,0,2,0,차대차 - 추돌 - 주정차중,중앙선침범,습기,흐림,교차로 - 교차로안,승용,남,47세,상해없음,승용,남,50세,경상
2013121100100545,2013년 12월 11일 20시,수요일,전라북도 익산시 부송동,경상사고,0,0,2,0,차대차 - 기타,신호위반,건조,맑음,교차로 - 교차로안,승용,여,59세,상해없음,승용,여,52세,경상
2013121100100546,2013년 12월 11일 20시,수요일,전라북도 익산시 남중동,경상사고,0,0,1,0,차대차 - 기타,신호위반,건조,맑음,교차로 - 교차로안,승용,여,58세,상해없음,승용,남,57세,경상
2013121100100547,2013년 12월 11일 20시,수요일,전라북도 부안군 줄포면,중상사고,0,1,0,0,차대사람 - 차도통행중,과속,건조,흐림,단일로 - 기타,화물,남,30세,상해없음,보행자,남,66세,중상
2013121100100581,2013년 12월 11일 21시,수요일,전라북도 전주시 덕진구 인후동1가,중상사고,0,1,0,0,차대사람 - 기타,안전운전불이행,건조,맑음,단일로 - 기타,화물,남,53세,상해없음,보행자,남,56세,중상
2013121100100602,2013년 12월 11일 22시,수요일,전라북도 전주시 완산구 서신동,경상사고,0,0,3,0,차대차 - 추돌 - 주정차중,안전운전불이행,건조,맑음,교차로 - 교차로부근,승용,남,26세,상해없음,승용,남,59세,경상
2013121100100603,2013년 12월 11일 22시,수요일,전라북도 전주시 덕진구 팔복동2가,중상사고,0,3,1,0,차대차 - 측면직각충돌,신호위반,건조,맑음,교차로 - 교차로안,승용,남,20세,상해없음,승용,남,21세,중상
2013121200100047,2013년 12월 12일 03시,목요일,전라북도 군산시 나운동,경상사고,0,0,1,0,차대차 - 측면직각충돌,안전거리미확보,건조,맑음,교차로 - 교차로부근,승용,남,59세,상해없음,승용,남,36세,경상
2013121200100073,2013년 12월 12일 05시,목요일,전라북도 순창군 순창읍,경상사고,0,0,1,0,차대차 - 정면충돌,안전운전불이행,건조,맑음,단일로 - 기타,승용,남,56세,기타불명,기타불명,남,53세,경상
2013121200100084,2013년 12월 12일 06시,목요일,전라북도 전주시 완산구 효자동1가,경상사고,0,0,1,0,차대차 - 기타,안전운전불이행,건조,맑음,교차로 - 교차로부근,승용,남,42세,상해없음,승용,남,33세,경상
2013121200100097,2013년 12월 12일 07시,목요일,전라북도 전주시 덕진구 우아동3가,경상사고,0,0,1,0,차대차 - 추돌 - 진행중,안전거리미확보,습기,흐림,단일로 - 기타,승용,남,30세,상해없음,화물,남,43세,경상
2013121200100098,2013년 12월 12일 07시,목요일,전라북도 김제시 금구면,경상사고,0,0,2,0,차대차 - 측면직각충돌,직진우회전진행방해,건조,맑음,교차로 - 교차로안,승용,남,41세,상해없음,화물,남,48세,경상
2013121200100122,2013년 12월 12일 08시,목요일,전라북도 익산시 마동,경상사고,0,0,1,0,차대차 - 측면직각충돌,직진우회전진행방해,건조,맑음,교차로 - 교차로안,승용,남,31세,상해없음,승용,여,35세,경상
2013121200100162,2013년 12월 12일 09시,목요일,전라북도 부안군 부안읍,중상사고,0,2,2,0,차대차 - 기타,안전운전불이행,건조,맑음,교차로 - 교차로안,승용,여,25세,경상,화물,남,55세,상해없음
2013121200100225,2013년 12월 12일 12시,목요일,전라북도 전주시 완산구 서신동,경상사고,0,0,2,0,차대차 - 기타,안전거리미확보,건조,맑음,단일로 - 기타,승용,남,22세,상해없음,승용,남,62세,상해없음
2013121200100226,2013년 12월 12일 12시,목요일,전라북도 익산시 함열읍,중상사고,0,1,0,0,차대차 - 측면직각충돌,직진우회전진행방해,습기,맑음,교차로 - 교차로안,승용,여,52세,상해없음,승용,남,53세,중상
2013121200100227,2013년 12월 12일 12시,목요일,전라북도 익산시 동산동,중상사고,0,1,0,0,차대사람 - 횡단중,신호위반,건조,흐림,교차로 - 교차로부근,화물,남,57세,상해없음,보행자,여,78세,중상
2013121200100253,2013년 12월 12일 13시,목요일,전라북도 전주시 완산구 효자동1가,경상사고,0,0,1,0,차대사람 - 기타,안전운전불이행,건조,맑음,단일로 - 기타,승용,여,55세,상해없음,보행자,여,42세,경상
2013121200100282,2013년 12월 12일 14시,목요일,전라북도 군산시 장재동,경상사고,0,0,2,0,차대차 - 기타,안전운전불이행,건조,맑음,교차로 - 교차로안,승용,여,67세,상해없음,승용,남,43세,경상
2013121200100302,2013년 12월 12일 15시,목요일,전라북도 전주시 완산구 평화동1가,경상사고,0,0,1,0,차대차 - 기타,안전운전불이행,습기,비,교차로 - 교차로부근,승용,남,47세,상해없음,승용,여,38세,경상
2013121200100325,2013년 12월 12일 16시,목요일,전라북도 전주시 완산구 효자동2가,경상사고,0,0,1,0,차대차 - 기타,안전거리미확보,습기,비,단일로 - 기타,승용,남,48세,상해없음,승합,남,56세,상해없음
2013121200100326,2013년 12월 12일 16시,목요일,전라북도 군산시 나운동,경상사고,0,0,1,0,차대차 - 측면직각충돌,안전운전불이행,습기,비,단일로 - 기타,승용,남,67세,상해없음,원동기,남,17세,경상
2013121200100353,2013년 12월 12일 17시,목요일,전라북도 군산시 경암동,중상사고,0,1,1,0,차대차 - 정면충돌,중앙선침범,건조,흐림,교차로 - 교차로안,화물,남,41세,상해없음,승용,남,44세,중상
2013121200100390,2013년 12월 12일 18시,목요일,전라북도 전주시 완산구 경원동1가,경상사고,0,0,1,0,차대차 - 정면충돌,안전운전불이행,습기,비,교차로 - 교차로안,승용,남,54세,상해없음,원동기,남,48세,경상
2013121200100391,2013년 12월 12일 18시,목요일,전라북도 전주시 완산구 서신동,경상사고,0,0,1,0,차대차 - 측면직각충돌,차로위반,습기,비,교차로 - 교차로부근,승용,남,64세,상해없음,승용,남,31세,경상
2013121200100420,2013년 12월 12일 19시,목요일,전라북도 남원시 도통동,경상사고,0,0,2,0,차대차 - 추돌 - 진행중,안전거리미확보,습기,비,교차로 - 교차로부근,승용,남,49세,상해없음,화물,남,34세,경상
2013121200100448,2013년 12월 12일 20시,목요일,전라북도 정읍시 시기동,중상사고,0,1,0,0,차대차 - 측면직각충돌,신호위반,건조,흐림,교차로 - 교차로안,승용,남,55세,상해없음,이륜,남,23세,중상
2013121200100449,2013년 12월 12일 20시,목요일,전라북도 김제시 신풍동,경상사고,0,0,1,0,차대사람 - 횡단중,안전운전불이행,습기,흐림,단일로 - 기타,승합,남,52세,상해없음,보행자,남,12세,경상
2013121200100485,2013년 12월 12일 21시,목요일,전라북도 전주시 완산구 평화동2가,경상사고,0,0,1,0,차대차 - 추돌 - 진행중,안전운전불이행,습기,비,교차로 - 교차로부근,승용,남,53세,경상,특수,남,64세,상해없음
2013121200100486,2013년 12월 12일 21시,목요일,전라북도 군산시 조촌동,경상사고,0,0,2,0,차대차 - 기타,중앙선침범,습기,비,단일로 - 기타,승용,남,54세,상해없음,승용,남,40세,경상
2013121200100487,2013년 12월 12일 21시,목요일,전라북도 익산시 송학동,경상사고,0,0,1,0,차대사람 - 횡단중,안전운전불이행,습기,비,단일로 - 기타,승합,남,56세,상해없음,보행자,남,16세,경상
2013121200100519,2013년 12월 12일 22시,목요일,전라북도 익산시 신동,경상사고,0,0,1,0,차대사람 - 보도통행중,보행자보호의무위반,습기,비,단일로 - 기타,승용,남,63세,상해없음,보행자,남,53세,경상
2013121200100548,2013년 12월 12일 23시,목요일,전라북도 전주시 완산구 효자동3가,경상사고,0,0,2,0,차대차 - 기타,신호위반,습기,눈,교차로 - 교차로안,승용,기타불명,기타불명,기타불명,승용,여,46세,경상
2013121200100549,2013년 12월 12일 23시,목요일,전라북도 전주시 완산구 태평동,경상사고,0,0,3,0,차대차 - 측면직각충돌,안전거리미확보,습기,비,단일로 - 기타,승용,남,64세,상해없음,승용,남,21세,경상
2013121200100550,2013년 12월 12일 23시,목요일,전라북도 익산시 마동,사망사고,1,0,0,0,차대차 - 정면충돌,중앙선침범,습기,맑음,교차로 - 교차로부근,승용,남,36세,상해없음,이륜,남,42세,사망
2013121300100040,2013년 12월 13일 02시,금요일,전라북도 군산시 경장동,경상사고,0,0,1,0,차대차 - 측면직각충돌,신호위반,건조,흐림,교차로 - 교차로안,승합,남,59세,상해없음,승용,남,60세,경상