사고번호,사고일시,요일,시군구,사고내용,사망자수,중상자수,경상자수,부상신고자수,사고유형,법규위반,노면상태,기상상태,도로형태,가해운전자 차종,가해운전자 성별,가해운전자 연령,가해운전자 상해정도,피해운전자 차종,피해운전자 성별,피해운전자 연령,피해운전자 상해정도
2013121800100167,2013년 12월 18일 08시,수요일,전라북도 익산시 중앙동1가,경상사고,0,0,1,0,차대차 - 측면직각충돌,신호위반,습기,맑음,교차로 - 교차로안,승용,남,67세,상해없음,승용,남,39세,경상
2013121800100168,2013년 12월 18일 08시,수요일,전라북도 남원시 월락동,중상사고,0,1,0,0,차대차 - 측면직각충돌,안전운전불이행,건조,맑음,교차로 - 교차로부근,승용,여,35세,상해없음,원동기,여,59세,중상
2013121800100204,2013년 12월 18일 09시,수요일,전라북도 남원시 향교동,경상사고,0,0,2,0,차대차 - 측면직각충돌,신호위반,건조,맑음,교차로 - 교차로안,승용,남,65세,상해없음,승용,남,44세,경상
2013121800100236,2013년 12월 18일 10시,수요일,전라북도 익산시 여산면,경상사고,0,0,1,0,차대차 - 기타,안전운전불이행,건조,맑음,단일로 - 기타,승용,여,37세,상해없음,화물,남,38세,경상
2013121800100266,2013년 12월 18일 11시,수요일,전라북도 정읍시 신태인읍,경상사고,0,0,1,0,차대차 - 측면직각충돌,불법유턴,건조,맑음,단일로 - 기타,자전거,남,79세,경상,화물,여,59세,상해없음
2013121800100267,2013년 12월 18일 11시,수요일,전라북도 김제시 요촌동,중상사고,0,1,0,0,차대사람 - 기타,보행자보호의무위반,건조,맑음,단일로 - 횡단보도상,자전거,남,80세,상해없음,보행자,여,73세,중상
2013121800100309,2013년 12월 18일 13시,수요일,전라북도 전주시 덕진구 우아동1가,경상사고,0,0,2,0,차대차 - 측면직각충돌,중앙선침범,건조,맑음,단일로 - 기타,승용,남,63세,상해없음,승용,여,51세,경상
2013121800100310,2013년 12월 18일 13시,수요일,전라북도 김제시 황산면,경상사고,0,0,1,0,차대차 - 기타,차로위반,건조,맑음,단일로 - 기타,승용,남,69세,상해없음,건설기계,남,42세,경상
2013121800100333,2013년 12월 18일 14시,수요일,전라북도 군산시 경암동,중상사고,0,1,0,0,차대차 - 측면직각충돌,직진우회전진행방해,건조,맑음,교차로 - 교차로안,승용,남,66세,상해없음,승용,여,29세,중상
2013121800100334,2013년 12월 18일 14시,수요일,전라북도 남원시 도통동,경상사고,0,0,1,0,차대사람 - 횡단중,보행자보호의무위반,건조,맑음,교차로 - 교차로안,승용,여,36세,상해없음,보행자,여,12세,경상
2013121800100357,2013년 12월 18일 15시,수요일,전라북도 군산시 조촌동,경상사고,0,0,1,0,차대차 - 기타,안전거리미확보,건조,맑음,단일로 - 기타,승용,남,65세,상해없음,이륜,남,36세,경상
2013121800100375,2013년 12월 18일 16시,수요일,전라북도 전주시 완산구 효자동3가,중상사고,0,1,0,0,차대사람 - 횡단중,안전운전불이행,건조,맑음,단일로 - 기타,승용,남,38세,상해없음,보행자,남,9세,중상
2013121800100376,2013년 12월 18일 16시,수요일,전라북도 부안군 부안읍,경상사고,0,0,1,0,차대차 - 측면직각충돌,직진우회전진행방해,건조,맑음,교차로 - 교차로부근,승용,여,31세,상해없음,원동기,여,59세,경상
2013121800100417,2013년 12월 18일 17시,수요일,전라북도 남원시 이백면,경상사고,0,0,3,0,차대차 - 추돌 - 진행중,안전거리미확보,습기,흐림,단일로 - 기타,화물,남,53세,상해없음,승용,남,40세,상해없음
2013121800100466,2013년 12월 18일 18시,수요일,전라북도 전주시 완산구 효자동1가,중상사고,0,1,0,0,차대차 - 기타,교차로운행방법위반,건조,맑음,교차로 - 교차로안,승용,남,43세,상해없음,원동기,남,72세,중상
2013121800100468,2013년 12월 18일 18시,수요일,전라북도 익산시 남중동,경상사고,0,0,1,0,차대사람 - 보도통행중,보행자보호의무위반,건조,맑음,교차로 - 교차로안,승용,남,65세,상해없음,보행자,남,47세,경상
2013121800100515,2013년 12월 18일 19시,수요일,전라북도 익산시 영등동,부상신고사고,0,0,0,1,차대차 - 측면직각충돌,차로위반,습기,맑음,단일로 - 기타,승용,남,61세,상해없음,이륜,남,20세,부상신고
2013121800100542,2013년 12월 18일 20시,수요일,전라북도 군산시 나운동,경상사고,0,0,1,0,차대차 - 측면직각충돌,안전운전불이행,건조,맑음,교차로 - 교차로안,이륜,남,17세,경상,승용,남,51세,상해없음
2013121800100543,2013년 12월 18일 20시,수요일,전라북도 군산시 경장동,중상사고,0,1,0,0,차대사람 - 횡단중,보행자보호의무위반,건조,맑음,교차로 - 교차로부근,승용,남,53세,상해없음,보행자,남,66세,중상
2013121800100624,2013년 12월 18일 22시,수요일,전라북도 전주시 덕진구 덕진동1가,경상사고,0,0,2,0,차대차 - 추돌 - 주정차중,안전운전불이행,건조,흐림,교차로 - 교차로부근,승용,여,39세,상해없음,승용,남,54세,경상
2013121800100625,2013년 12월 18일 22시,수요일,전라북도 군산시 나운동,경상사고,0,0,1,0,차대차 - 측면직각충돌,직진우회전진행방해,건조,맑음,교차로 - 교차로안,이륜,남,27세,경상,승용,남,41세,상해없음
2013121800100626,2013년 12월 18일 22시,수요일,전라북도 정읍시 수성동,경상사고,0,0,1,0,차대차 - 측면직각충돌,직진우회전진행방해,건조,흐림,교차로 - 교차로안,승용,여,59세,상해없음,승용,남,50세,경상
2013121800100627,2013년 12월 18일 22시,수요일,전라북도 김제시 검산동,부상신고사고,0,0,0,2,차대차 - 추돌 - 주정차중,안전운전불이행,건조,맑음,단일로 - 기타,승용,남,52세,상해없음,화물,남,27세,부상신고
2013121800100628,2013년 12월 18일 22시,수요일,전라북도 부안군 상서면,경상사고,0,0,2,1,차대차 - 추돌 - 진행중,안전운전불이행,건조,맑음,교차로 - 교차로부근,승용,여,43세,상해없음,승용,남,41세,경상
2013121800100665,2013년 12월 18일 23시,수요일,전라북도 군산시 경암동,경상사고,0,0,1,0,차대사람 - 기타,안전운전불이행,건조,맑음,단일로 - 기타,승용,여,47세,상해없음,보행자,여,39세,경상
2013121800100666,2013년 12월 18일 23시,수요일,전라북도 정읍시 수성동,경상사고,0,0,1,0,차대차 - 측면직각충돌,안전운전불이행,건조,흐림,교차로 - 교차로안,화물,남,17세,상해없음,승합,남,22세,경상
2013121800100667,2013년 12월 18일 23시,수요일,전라북도 정읍시 장명동,경상사고,0,0,1,1,차대차 - 측면직각충돌,불법유턴,습기,비,단일로 - 기타,승용,남,36세,상해없음,원동기,남,18세,경상
2013121900100020,2013년 12월 19일 00시,목요일,전라북도 순창군 순창읍,경상사고,0,0,1,0,차량단독 - 기타,안전운전불이행,건조,맑음,단일로 - 기타,승용,남,52세,경상,,,,
2013121900100050,2013년 12월 19일 01시,목요일,전라북도 익산시 동산동,중상사고,0,1,0,0,차대사람 - 횡단중,안전운전불이행,습기,흐림,단일로 - 기타,승용,남,57세,상해없음,보행자,남,57세,중상
2013121900100068,2013년 12월 19일 02시,목요일,전라북도 전주시 완산구 효자동3가,경상사고,0,0,2,0,차대차 - 측면직각충돌,신호위반,습기,비,교차로 - 교차로안,승용,남,26세,상해없음,승용,남,35세,경상
2013121900100080,2013년 12월 19일 03시,목요일,전라북도 전주시 덕진구 송천동1가,경상사고,0,0,1,0,차대차 - 추돌 - 진행중,안전운전불이행,습기,눈,교차로 - 교차로부근,승합,남,24세,상해없음,승용,남,52세,경상
2013121900100081,2013년 12월 19일 03시,목요일,전라북도 군산시 성산면,경상사고,0,0,1,0,차량단독 - 공작물충돌,안전운전불이행,건조,흐림,단일로 - 기타,화물,남,40세,경상,,,,
2013121900100089,2013년 12월 19일 04시,목요일,전라북도 군산시 수송동,중상사고,0,2,2,0,차대차 - 측면직각충돌,신호위반,건조,흐림,교차로 - 교차로안,승용,남,29세,중상,승용,남,56세,경상
2013121900100090,2013년 12월 19일 04시,목요일,전라북도 익산시 팔봉동,경상사고,0,0,2,0,차대차 - 측면직각충돌,중앙선침범,습기,눈,단일로 - 기타,승용,남,46세,상해없음,승용,여,48세,경상
2013121900100123,2013년 12월 19일 06시,목요일,전라북도 전주시 완산구 서서학동,경상사고,0,0,1,0,차대차 - 기타,중앙선침범,결빙,눈,교차로 - 교차로안,승용,여,54세,상해없음,승합,남,58세,경상
2013121900100142,2013년 12월 19일 07시,목요일,전라북도 진안군 마령면,경상사고,0,0,1,0,차대차 - 기타,직진우회전진행방해,습기,눈,교차로 - 교차로안,건설기계,남,40세,상해없음,승합,남,49세,경상
2013121900100193,2013년 12월 19일 08시,목요일,전라북도 진안군 동향면,사망사고,1,0,0,0,차량단독 - 도로외이탈 - 추락,안전운전불이행,적설,눈,단일로 - 교량,승용,기타불명,48세,사망,,,,
2013121900100194,2013년 12월 19일 08시,목요일,전라북도 진안군 정천면,경상사고,0,0,1,0,차량단독 - 공작물충돌,안전운전불이행,결빙,맑음,단일로 - 기타,승용,여,33세,경상,,,,
2013121900100223,2013년 12월 19일 09시,목요일,전라북도 남원시 사매면,중상사고,0,1,0,0,차대차 - 측면직각충돌,교차로운행방법위반,건조,흐림,교차로 - 교차로안,이륜,여,69세,중상,화물,남,66세,상해없음
2013121900100257,2013년 12월 19일 11시,목요일,전라북도 익산시 여산면,경상사고,0,0,1,0,차대차 - 측면직각충돌,안전운전불이행,건조,맑음,교차로 - 교차로안,승용,여,62세,상해없음,승용,여,31세,경상
2013121900100276,2013년 12월 19일 12시,목요일,전라북도 익산시 평화동,경상사고,0,0,1,0,차대차 - 추돌 - 진행중,안전운전불이행,건조,맑음,단일로 - 기타,승합,남,34세,상해없음,농기계,남,63세,경상
2013121900100300,2013년 12월 19일 13시,목요일,전라북도 익산시 인화동1가,중상사고,0,1,0,0,차대차 - 측면직각충돌,안전운전불이행,건조,맑음,교차로 - 교차로안,화물,남,31세,상해없음,원동기,남,39세,중상
2013121900100343,2013년 12월 19일 15시,목요일,전라북도 전주시 덕진구 덕진동1가,경상사고,0,0,1,0,차대사람 - 횡단중,안전운전불이행,건조,흐림,단일로 - 기타,승용,여,41세,상해없음,보행자,남,60세,경상
2013121900100344,2013년 12월 19일 15시,목요일,전라북도 군산시 수송동,경상사고,0,0,2,0,차대사람 - 횡단중,안전운전불이행,건조,맑음,단일로 - 기타,승용,남,39세,상해없음,보행자,여,30세,경상
2013121900100345,2013년 12월 19일 15시,목요일,전라북도 임실군 운암면,중상사고,0,1,0,0,차량단독 - 공작물충돌,안전운전불이행,습기,흐림,단일로 - 기타,화물,남,39세,중상,,,,
2013121900100375,2013년 12월 19일 16시,목요일,전라북도 익산시 부송동,중상사고,0,1,0,0,차대사람 - 기타,보행자보호의무위반,건조,맑음,교차로 - 교차로안,승용,남,56세,상해없음,보행자,여,14세,중상
2013121900100376,2013년 12월 19일 16시,목요일,전라북도 고창군 고창읍,중상사고,0,1,0,0,차대차 - 기타,안전운전불이행,습기,눈,단일로 - 기타,화물,남,44세,상해없음,원동기,남,84세,중상
2013121900100406,2013년 12월 19일 17시,목요일,전라북도 전주시 완산구 경원동2가,중상사고,0,1,0,0,차대사람 - 횡단중,안전운전불이행,적설,눈,단일로 - 기타,승용,남,47세,상해없음,보행자,여,27세,중상
2013121900100407,2013년 12월 19일 17시,목요일,전라북도 익산시 영등동,경상사고,0,0,1,0,차대차 - 정면충돌,중앙선침범,건조,흐림,교차로 - 교차로부근,승용,남,23세,상해없음,원동기,남,35세,경상
2013121900100445,2013년 12월 19일 18시,목요일,전라북도 전주시 덕진구 장동,경상사고,0,0,1,0,차대사람 - 횡단중,안전운전불이행,적설,눈,교차로 - 교차로안,승용,남,60세,상해없음,보행자,여,36세,경상
2013121900100446,2013년 12월 19일 18시,목요일,전라북도 익산시 신동,경상사고,0,0,1,0,차대차 - 측면직각충돌,안전운전불이행,건조,맑음,교차로 - 교차로안,승용,남,14세,상해없음,원동기,남,21세,경상
2013121900100447,2013년 12월 19일 18시,목요일,전라북도 익산시 마동,경상사고,0,0,1,0,차대사람 - 길가장자리구역통행중,안전운전불이행,결빙,눈,교차로 - 교차로부근,승합,남,34세,상해없음,보행자,남,48세,경상
2013121900100485,2013년 12월 19일 19시,목요일,전라북도 전주시 완산구 평화동1가,중상사고,0,1,0,0,차대사람 - 보도통행중,안전운전불이행,건조,맑음,단일로 - 기타,승용,기타불명,기타불명,기타불명,보행자,여,24세,중상
2013121900100486,2013년 12월 19일 19시,목요일,전라북도 익산시 남중동,중상사고,0,1,0,0,차대차 - 추돌 - 진행중,안전운전불이행,습기,눈,교차로 - 교차로안,원동기,기타불명,기타불명,기타불명,자전거,남,56세,중상
2013121900100487,2013년 12월 19일 19시,목요일,전라북도 정읍시 상동,경상사고,0,0,3,0,차대차 - 추돌 - 진행중,안전거리미확보,결빙,흐림,단일로 - 기타,승용,남,42세,상해없음,승용,남,44세,경상
2013121900100523,2013년 12월 19일 20시,목요일,전라북도 부안군 동진면,부상신고사고,0,0,0,1,차량단독 - 공작물충돌,안전운전불이행,결빙,눈,단일로 - 기타,화물,남,49세,부상신고,,,,
2013121900100524,2013년 12월 19일 20시,목요일,전라북도 완주군 이서면,중상사고,0,1,0,0,차대차 - 기타,안전운전불이행,결빙,눈,단일로 - 기타,화물,남,51세,상해없음,승용,남,46세,중상
2013121900100557,2013년 12월 19일 21시,목요일,전라북도 전주시 완산구 효자동3가,경상사고,0,0,4,0,차대차 - 측면직각충돌,교차로운행방법위반,건조,맑음,교차로 - 교차로부근,승용,남,53세,상해없음,승용,남,31세,경상
2013121900100558,2013년 12월 19일 21시,목요일,전라북도 군산시 나운동,경상사고,0,0,3,0,차대차 - 추돌 - 진행중,안전거리미확보,건조,맑음,교차로 - 교차로부근,승용,여,22세,상해없음,승용,남,44세,경상
2013121900100590,2013년 12월 19일 22시,목요일,전라북도 전주시 덕진구 덕진동1가,경상사고,0,0,3,0,차대차 - 추돌 - 진행중,안전운전불이행,적설,눈,단일로 - 기타,화물,남,50세,상해없음,승용,남,60세,경상
2013122000100021,2013년 12월 20일 00시,금요일,전라북도 전주시 완산구 중화산동2가,경상사고,0,0,1,0,차대사람 - 기타,불법유턴,적설,눈,단일로 - 기타,승용,남,45세,상해없음,보행자,남,34세,경상
2013122000100022,2013년 12월 20일 00시,금요일,전라북도 임실군 오수면,중상사고,0,1,2,0,차대차 - 측면직각충돌,안전운전불이행,적설,눈,단일로 - 기타,승용,남,47세,경상,승용,남,31세,경상
2013122000100057,2013년 12월 20일 02시,금요일,전라북도 전주시 완산구 중노송동,경상사고,0,0,2,0,차대차 - 추돌 - 주정차중,안전운전불이행,적설,눈,교차로 - 교차로부근,승용,남,49세,상해없음,승용,남,34세,경상
2013122000100058,2013년 12월 20일 02시,금요일,전라북도 군산시 나운동,경상사고,0,0,1,0,차대차 - 측면직각충돌,직진우회전진행방해,건조,맑음,교차로 - 교차로안,승용,남,62세,상해없음,승용,남,31세,경상
2013122000100140,2013년 12월 20일 07시,금요일,전라북도 익산시 목천동,중상사고,0,1,1,0,차대차 - 추돌 - 진행중,안전운전불이행,적설,눈,단일로 - 기타,승용,기타불명,기타불명,기타불명,승용,여,56세,경상
2013122000100173,2013년 12월 20일 08시,금요일,전라북도 전주시 덕진구 인후동1가,경상사고,0,0,1,0,차대차 - 추돌 - 진행중,교차로운행방법위반,건조,맑음,교차로 - 교차로안,승용,남,49세,상해없음,승용,남,30세,경상
2013122000100174,2013년 12월 20일 08시,금요일,전라북도 전주시 덕진구 인후동1가,경상사고,0,0,1,0,차대차 - 추돌 - 진행중,안전운전불이행,적설,눈,단일로 - 기타,승용,남,68세,상해없음,승용,남,20세,경상
2013122000100205,2013년 12월 20일 09시,금요일,전라북도 익산시 금마면,중상사고,0,1,2,0,차대차 - 측면직각충돌,중앙선침범,결빙,눈,단일로 - 기타,승용,남,62세,상해없음,화물,남,26세,중상
2013122000100238,2013년 12월 20일 11시,금요일,전라북도 고창군 성내면,중상사고,0,4,1,0,차량단독 - 도로외이탈 - 추락,안전운전불이행,습기,눈,단일로 - 기타,화물,남,73세,상해없음,,,,
2013122000100260,2013년 12월 20일 12시,금요일,전라북도 부안군 상서면,중상사고,0,3,2,0,차대차 - 측면직각충돌,신호위반,습기,흐림,교차로 - 교차로안,화물,남,53세,상해없음,승용,여,40세,중상
2013122000100313,2013년 12월 20일 14시,금요일,전라북도 전주시 완산구 효자동1가,경상사고,0,0,1,0,차대사람 - 길가장자리구역통행중,안전운전불이행,습기,흐림,단일로 - 기타,승용,여,56세,상해없음,보행자,남,78세,경상
2013122000100329,2013년 12월 20일 15시,금요일,전라북도 남원시 죽항동,경상사고,0,0,1,0,차대사람 - 기타,안전운전불이행,습기,흐림,교차로 - 교차로안,화물,남,64세,상해없음,보행자,여,51세,경상
2013122000100330,2013년 12월 20일 15시,금요일,전라북도 부안군 부안읍,경상사고,0,0,2,0,차대차 - 측면직각충돌,안전운전불이행,건조,흐림,교차로 - 교차로안,화물,여,44세,상해없음,화물,남,48세,경상
2013122000100371,2013년 12월 20일 16시,금요일,전라북도 익산시 신흥동,중상사고,0,2,4,0,차대차 - 측면직각충돌,신호위반,건조,맑음,교차로 - 교차로안,승합,남,55세,상해없음,승용,남,65세,중상
2013122000100402,2013년 12월 20일 17시,금요일,전라북도 전주시 완산구 삼천동1가,경상사고,0,0,1,0,차대사람 - 횡단중,안전운전불이행,건조,흐림,단일로 - 기타,승용,남,19세,상해없음,보행자,남,5세,경상
2013122000100403,2013년 12월 20일 17시,금요일,전라북도 전주시 완산구 색장동,경상사고,0,0,2,0,차대차 - 측면직각충돌,교차로운행방법위반,적설,눈,교차로 - 교차로안,승용,남,65세,상해없음,승용,여,52세,경상
2013122000100404,2013년 12월 20일 17시,금요일,전라북도 익산시 영등동,경상사고,0,0,1,0,차대차 - 측면직각충돌,직진우회전진행방해,습기,흐림,교차로 - 교차로안,승용,여,30세,상해없음,원동기,남,22세,경상
2013122000100498,2013년 12월 20일 19시,금요일,전라북도 김제시 신풍동,경상사고,0,0,1,0,차대사람 - 횡단중,보행자보호의무위반,습기,눈,교차로 - 교차로안,승용,여,41세,상해없음,보행자,남,44세,경상
2013122000100539,2013년 12월 20일 20시,금요일,전라북도 전주시 덕진구 송천동2가,경상사고,0,0,1,0,차대사람 - 횡단중,보행자보호의무위반,습기,흐림,교차로 - 교차로안,승용,남,48세,상해없음,보행자,남,62세,경상
2013122000100576,2013년 12월 20일 21시,금요일,전라북도 군산시 나운동,경상사고,0,0,1,0,차대사람 - 횡단중,신호위반,습기,눈,교차로 - 교차로안,승용,여,41세,상해없음,보행자,여,53세,경상
2013122000100577,2013년 12월 20일 21시,금요일,전라북도 익산시 영등동,경상사고,0,0,1,0,차대차 - 정면충돌,직진우회전진행방해,건조,맑음,교차로 - 교차로안,승용,남,30세,상해없음,승용,남,38세,경상
2013122000100578,2013년 12월 20일 21시,금요일,전라북도 익산시 영등동,경상사고,0,0,4,0,차대차 - 측면직각충돌,신호위반,습기,눈,교차로 - 교차로안,승용,남,40세,상해없음,승용,남,59세,상해없음
2013122000100627,2013년 12월 20일 22시,금요일,전라북도 전주시 완산구 중화산동2가,경상사고,0,0,1,0,차대사람 - 기타,안전운전불이행,건조,맑음,교차로 - 교차로안,승용,남,23세,상해없음,보행자,남,27세,경상
2013122000100628,2013년 12월 20일 22시,금요일,전라북도 익산시 신용동,경상사고,0,0,7,0,차대차 - 추돌 - 진행중,안전운전불이행,결빙,눈,단일로 - 교량,승용,남,30세,경상,승용,남,40세,경상
2013122000100629,2013년 12월 20일 22시,금요일,전라북도 익산시 영등동,중상사고,0,1,0,0,차대사람 - 횡단중,보행자보호의무위반,건조,맑음,교차로 - 교차로안,승용,남,23세,상해없음,보행자,여,41세,중상
2013122000100630,2013년 12월 20일 22시,금요일,전라북도 정읍시 시기동,경상사고,0,0,1,0,차대사람 - 횡단중,안전운전불이행,적설,눈,교차로 - 교차로부근,승용,남,28세,상해없음,보행자,남,50세,경상
2013122000100672,2013년 12월 20일 23시,금요일,전라북도 전주시 완산구 중노송동,경상사고,0,0,1,0,차대사람 - 차도통행중,안전운전불이행,습기,눈,단일로 - 기타,승용,남,26세,상해없음,보행자,남,18세,경상
2013122000100673,2013년 12월 20일 23시,금요일,전라북도 임실군 오수면,사망사고,1,0,0,0,차대차 - 추돌 - 주정차중,안전운전불이행,결빙,흐림,단일로 - 기타,화물,남,46세,상해없음,승용,남,35세,상해없음
2013122100100022,2013년 12월 21일 00시,토요일,전라북도 군산시 경암동,경상사고,0,0,2,0,차대차 - 측면직각충돌,안전운전불이행,결빙,눈,단일로 - 기타,승용,남,23세,상해없음,승용,남,52세,경상
2013122100100127,2013년 12월 21일 03시,토요일,전라북도 군산시 미룡동,중상사고,0,1,3,0,차대차 - 추돌 - 주정차중,안전운전불이행,습기,흐림,단일로 - 기타,승용,남,38세,경상,화물,남,36세,경상
2013122100100205,2013년 12월 21일 07시,토요일,전라북도 전주시 덕진구 전미동1가,중상사고,0,1,6,0,차대차 - 측면직각충돌,중앙선침범,결빙,안개,단일로 - 교량,화물,남,46세,중상,승용,남,28세,경상
2013122100100206,2013년 12월 21일 07시,토요일,전라북도 군산시 나운동,경상사고,0,0,1,0,차대차 - 측면직각충돌,안전운전불이행,결빙,맑음,단일로 - 기타,화물,남,37세,기타불명,승용,남,29세,경상
2013122100100232,2013년 12월 21일 08시,토요일,전라북도 익산시 신용동,중상사고,0,1,0,0,차대차 - 기타,안전운전불이행,결빙,기타,단일로 - 기타,기타불명,기타불명,기타불명,기타불명,화물,남,61세,상해없음
2013122100100280,2013년 12월 21일 10시,토요일,전라북도 전주시 덕진구 우아동3가,경상사고,0,0,1,0,차대차 - 측면직각충돌,직진우회전진행방해,건조,흐림,교차로 - 교차로안,화물,남,57세,상해없음,승용,남,59세,상해없음
2013122100100281,2013년 12월 21일 10시,토요일,전라북도 전주시 덕진구 인후동1가,중상사고,0,1,0,0,차대차 - 측면직각충돌,안전운전불이행,건조,흐림,단일로 - 기타,승용,남,63세,상해없음,원동기,남,74세,중상
2013122100100282,2013년 12월 21일 10시,토요일,전라북도 군산시 조촌동,경상사고,0,0,5,0,차대차 - 추돌 - 주정차중,안전운전불이행,결빙,맑음,단일로 - 기타,승용,남,32세,경상,승용,남,51세,상해없음
2013122100100283,2013년 12월 21일 10시,토요일,전라북도 군산시 지곡동,중상사고,0,1,2,0,차대차 - 측면직각충돌,안전운전불이행,결빙,맑음,교차로 - 교차로부근,승용,남,40세,상해없음,승용,여,48세,경상
2013122100100284,2013년 12월 21일 10시,토요일,전라북도 정읍시 신태인읍,중상사고,0,1,0,0,차대차 - 정면충돌,중앙선침범,결빙,안개,단일로 - 교량,승합,남,56세,상해없음,화물,남,28세,중상
2013122100100309,2013년 12월 21일 11시,토요일,전라북도 군산시 신영동,중상사고,0,1,1,0,차대사람 - 기타,안전운전불이행,결빙,맑음,단일로 - 기타,승용,남,25세,상해없음,보행자,남,59세,중상
2013122100100310,2013년 12월 21일 11시,토요일,전라북도 익산시 송학동,중상사고,0,1,3,0,차대차 - 측면직각충돌,직진우회전진행방해,건조,맑음,교차로 - 교차로안,승용,남,51세,상해없음,승용,여,43세,중상
2013122100100340,2013년 12월 21일 12시,토요일,전라북도 익산시 모현동1가,중상사고,0,1,0,0,차대사람 - 보도통행중,보행자보호의무위반,건조,맑음,교차로 - 교차로안,승용,남,69세,상해없음,보행자,남,28세,중상
2013122100100372,2013년 12월 21일 13시,토요일,전라북도 익산시 왕궁면,중상사고,0,1,0,0,차대차 - 기타,중앙선침범,건조,맑음,교차로 - 교차로안,화물,남,48세,상해없음,화물,남,35세,중상
2013122100100394,2013년 12월 21일 14시,토요일,전라북도 전주시 덕진구 덕진동1가,경상사고,0,0,3,0,차대차 - 추돌 - 주정차중,안전운전불이행,건조,흐림,단일로 - 기타,승용,여,41세,상해없음,승용,남,53세,경상
2013122100100395,2013년 12월 21일 14시,토요일,전라북도 군산시 소룡동,경상사고,0,0,1,0,차대차 - 추돌 - 주정차중,안전거리미확보,건조,맑음,교차로 - 교차로안,화물,남,78세,상해없음,화물,남,46세,경상
2013122100100396,2013년 12월 21일 14시,토요일,전라북도 군산시 중앙로2가,경상사고,0,0,2,0,차대차 - 측면직각충돌,안전거리미확보,건조,맑음,교차로 - 교차로안,화물,남,73세,상해없음,승용,남,19세,경상
2013122100100397,2013년 12월 21일 14시,토요일,전라북도 익산시 남중동,중상사고,0,1,0,0,차대차 - 측면직각충돌,직진우회전진행방해,건조,맑음,교차로 - 교차로안,승용,남,61세,상해없음,승용,여,29세,중상
2013122100100398,2013년 12월 21일 14시,토요일,전라북도 순창군 쌍치면,중상사고,0,1,2,0,차대차 - 정면충돌,중앙선침범,습기,맑음,단일로 - 기타,승용,남,53세,경상,화물,남,49세,경상
2013122100100427,2013년 12월 21일 15시,토요일,전라북도 전주시 덕진구 덕진동1가,경상사고,0,0,1,0,차대차 - 추돌 - 주정차중,안전운전불이행,건조,흐림,교차로 - 교차로부근,승용,남,62세,상해없음,승용,여,39세,경상
2013122100100458,2013년 12월 21일 16시,토요일,전라북도 전주시 완산구 경원동1가,중상사고,0,1,0,0,차대사람 - 기타,안전운전불이행,건조,맑음,단일로 - 기타,승용,남,63세,상해없음,보행자,남,57세,중상
2013122100100459,2013년 12월 21일 16시,토요일,전라북도 군산시 경암동,경상사고,0,0,1,0,차대사람 - 기타,보행자보호의무위반,건조,맑음,단일로 - 기타,승용,남,66세,상해없음,보행자,남,10세,경상
2013122100100489,2013년 12월 21일 17시,토요일,전라북도 익산시 여산면,경상사고,0,0,1,0,차대차 - 기타,안전운전불이행,건조,맑음,교차로 - 교차로안,승용,여,42세,상해없음,승용,남,69세,경상
2013122100100570,2013년 12월 21일 19시,토요일,전라북도 전주시 완산구 효자동3가,경상사고,0,0,2,0,차대차 - 측면직각충돌,교차로운행방법위반,습기,흐림,교차로 - 교차로안,승용,남,59세,상해없음,승용,여,34세,경상
2013122100100571,2013년 12월 21일 19시,토요일,전라북도 익산시 영등동,경상사고,0,0,5,0,차대차 - 추돌 - 진행중,안전거리미확보,건조,맑음,단일로 - 기타,승용,남,45세,상해없음,승용,남,43세,경상
2013122100100572,2013년 12월 21일 19시,토요일,전라북도 익산시 신동,경상사고,0,0,3,0,차대차 - 측면직각충돌,직진우회전진행방해,건조,맑음,교차로 - 교차로안,승용,남,40세,상해없음,승용,남,45세,경상
2013122100100612,2013년 12월 21일 20시,토요일,전라북도 전주시 완산구 평화동1가,중상사고,0,1,0,0,차대사람 - 횡단중,안전운전불이행,건조,기타,단일로 - 기타,승용,여,48세,상해없음,보행자,남,54세,중상
2013122100100613,2013년 12월 21일 20시,토요일,전라북도 군산시 나운동,경상사고,0,0,1,0,차대차 - 측면직각충돌,직진우회전진행방해,건조,맑음,교차로 - 교차로안,승용,남,51세,상해없음,원동기,남,17세,경상
2013122100100637,2013년 12월 21일 21시,토요일,전라북도 전주시 덕진구 금암동,중상사고,0,1,1,0,차대차 - 측면직각충돌,신호위반,건조,흐림,교차로 - 교차로안,승합,남,34세,상해없음,승용,여,32세,경상
2013122100100696,2013년 12월 21일 23시,토요일,전라북도 김제시 순동,경상사고,0,0,2,0,차대차 - 추돌 - 주정차중,안전운전불이행,건조,맑음,교차로 - 교차로부근,승용,남,38세,상해없음,승용,남,34세,경상
2013122200100017,2013년 12월 22일 00시,일요일,전라북도 전주시 완산구 효자동3가,경상사고,0,0,6,0,차대차 - 측면직각충돌,신호위반,건조,기타,교차로 - 교차로안,승용,남,60세,상해없음,승용,남,48세,경상
2013122200100018,2013년 12월 22일 00시,일요일,전라북도 완주군 삼례읍,경상사고,0,0,1,0,차대사람 - 기타,안전운전불이행,건조,맑음,단일로 - 기타,승용,남,39세,상해없음,보행자,여,26세,경상