사고번호,사고일시,요일,시군구,사고내용,사망자수,중상자수,경상자수,부상신고자수,사고유형,법규위반,노면상태,기상상태,도로형태,가해운전자 차종,가해운전자 성별,가해운전자 연령,가해운전자 상해정도,피해운전자 차종,피해운전자 성별,피해운전자 연령,피해운전자 상해정도
2013122600100499,2013년 12월 26일 21시,목요일,전라북도 순창군 풍산면,중상사고,0,1,0,0,차량단독 - 공작물충돌,안전운전불이행,습기,눈,단일로 - 기타,승용,여,31세,중상,,,,
2013122600100530,2013년 12월 26일 22시,목요일,전라북도 전주시 덕진구 진북동,중상사고,0,1,0,0,차대사람 - 횡단중,신호위반,습기,눈,교차로 - 교차로안,승용,여,46세,상해없음,보행자,남,29세,중상
2013122600100558,2013년 12월 26일 23시,목요일,전라북도 익산시 신흥동,경상사고,0,0,1,0,차대차 - 기타,직진우회전진행방해,습기,흐림,교차로 - 교차로안,승합,남,63세,상해없음,승용,여,33세,경상
2013122700100014,2013년 12월 27일 00시,금요일,전라북도 전주시 완산구 중화산동2가,중상사고,0,1,0,0,차대사람 - 횡단중,안전운전불이행,습기,흐림,단일로 - 기타,승용,남,26세,상해없음,보행자,여,38세,중상
2013122700100015,2013년 12월 27일 00시,금요일,전라북도 전주시 완산구 효자동3가,경상사고,0,0,2,0,차대차 - 측면직각충돌,불법유턴,습기,흐림,단일로 - 기타,승용,남,51세,상해없음,승용,남,34세,경상
2013122700100040,2013년 12월 27일 02시,금요일,전라북도 전주시 완산구 평화동1가,경상사고,0,0,1,0,차대사람 - 횡단중,보행자보호의무위반,습기,흐림,교차로 - 교차로안,승용,여,39세,상해없음,보행자,남,33세,경상
2013122700100041,2013년 12월 27일 02시,금요일,전라북도 익산시 신동,중상사고,0,3,1,0,차량단독 - 도로외이탈 - 기타,안전운전불이행,건조,맑음,단일로 - 기타,승용,남,18세,중상,,,,
2013122700100054,2013년 12월 27일 04시,금요일,전라북도 김제시 신풍동,경상사고,0,0,1,0,차량단독 - 기타,안전운전불이행,결빙,흐림,단일로 - 기타,승용,남,18세,상해없음,,,,
2013122700100109,2013년 12월 27일 08시,금요일,전라북도 전주시 덕진구 팔복동2가,경상사고,0,0,3,0,차대차 - 측면직각충돌,신호위반,건조,맑음,교차로 - 교차로안,화물,남,44세,상해없음,승용,남,64세,경상
2013122700100126,2013년 12월 27일 09시,금요일,전라북도 정읍시 과교동,중상사고,0,1,0,0,차대차 - 측면직각충돌,직진우회전진행방해,습기,맑음,교차로 - 교차로안,건설기계,남,49세,상해없음,승용,여,58세,중상
2013122700100149,2013년 12월 27일 10시,금요일,전라북도 전주시 덕진구 송천동1가,경상사고,0,0,1,0,차대차 - 추돌 - 진행중,안전거리미확보,건조,맑음,단일로 - 기타,화물,남,38세,상해없음,승용,여,42세,경상
2013122700100150,2013년 12월 27일 10시,금요일,전라북도 익산시 남중동,중상사고,0,1,0,0,차대차 - 기타,안전운전불이행,건조,맑음,기타 - 기타,승용,남,35세,상해없음,자전거,여,61세,중상
2013122700100151,2013년 12월 27일 10시,금요일,전라북도 진안군 성수면,경상사고,0,0,1,0,차대차 - 측면직각충돌,중앙선침범,적설,눈,단일로 - 기타,승용,남,47세,경상,승합,남,52세,상해없음
2013122700100174,2013년 12월 27일 11시,금요일,전라북도 익산시 월성동,중상사고,0,1,0,0,차대차 - 측면직각충돌,안전거리미확보,건조,맑음,교차로 - 교차로부근,승용,남,30세,상해없음,승용,남,67세,중상
2013122700100210,2013년 12월 27일 12시,금요일,전라북도 부안군 부안읍,경상사고,0,0,2,0,차대차 - 정면충돌,교차로운행방법위반,건조,맑음,교차로 - 교차로안,승용,남,37세,경상,승용,여,60세,경상
2013122700100254,2013년 12월 27일 14시,금요일,전라북도 전주시 덕진구 전미동2가,경상사고,0,0,2,0,차대차 - 추돌 - 진행중,안전거리미확보,건조,맑음,단일로 - 기타,화물,남,61세,기타불명,승용,여,45세,경상
2013122700100255,2013년 12월 27일 14시,금요일,전라북도 익산시 팔봉동,경상사고,0,0,1,0,차대차 - 측면직각충돌,안전운전불이행,건조,맑음,교차로 - 교차로안,승용,여,47세,상해없음,특수,남,34세,경상
2013122700100303,2013년 12월 27일 16시,금요일,전라북도 전주시 완산구 효자동1가,경상사고,0,0,1,0,차대차 - 기타,안전운전불이행,건조,맑음,단일로 - 기타,원동기,남,30세,상해없음,자전거,남,17세,경상
2013122700100304,2013년 12월 27일 16시,금요일,전라북도 익산시 영등동,경상사고,0,0,1,0,차대차 - 기타,직진우회전진행방해,건조,맑음,교차로 - 교차로안,승용,남,62세,상해없음,승용,남,42세,경상
2013122700100305,2013년 12월 27일 16시,금요일,전라북도 익산시 마동,경상사고,0,0,1,0,차대사람 - 기타,안전운전불이행,건조,맑음,단일로 - 기타,승용,여,57세,상해없음,보행자,여,66세,경상
2013122700100306,2013년 12월 27일 16시,금요일,전라북도 김제시 요촌동,중상사고,0,1,0,0,차대차 - 기타,직진우회전진행방해,건조,맑음,교차로 - 교차로안,이륜,남,17세,상해없음,승용,남,55세,상해없음
2013122700100335,2013년 12월 27일 17시,금요일,전라북도 군산시 경암동,경상사고,0,0,1,0,차대차 - 측면직각충돌,교차로운행방법위반,건조,맑음,교차로 - 교차로안,승용,남,21세,경상,화물,남,51세,상해없음
2013122700100366,2013년 12월 27일 18시,금요일,전라북도 전주시 완산구 효자동1가,경상사고,0,0,1,0,차대차 - 기타,중앙선침범,건조,맑음,단일로 - 기타,승용,남,61세,상해없음,자전거,남,51세,경상
2013122700100367,2013년 12월 27일 18시,금요일,전라북도 남원시 죽항동,경상사고,0,0,1,0,차대사람 - 기타,안전운전불이행,건조,맑음,교차로 - 교차로안,승용,여,40세,상해없음,보행자,남,68세,경상
2013122700100368,2013년 12월 27일 18시,금요일,전라북도 장수군 번암면,중상사고,0,1,0,0,차대사람 - 기타,중앙선침범,건조,맑음,기타 - 기타,승용,남,26세,상해없음,보행자,여,63세,중상
2013122700100411,2013년 12월 27일 19시,금요일,전라북도 전주시 완산구 삼천동1가,경상사고,0,0,1,0,차대차 - 기타,안전거리미확보,건조,맑음,교차로 - 교차로부근,화물,남,47세,상해없음,승용,남,50세,경상
2013122700100447,2013년 12월 27일 20시,금요일,전라북도 전주시 완산구 효자동2가,중상사고,0,1,0,0,차대차 - 정면충돌,안전운전불이행,건조,맑음,교차로 - 교차로안,승용,남,23세,상해없음,승용,남,48세,중상
2013122700100448,2013년 12월 27일 20시,금요일,전라북도 정읍시 고부면,중상사고,0,1,1,0,차대차 - 측면직각충돌,신호위반,건조,맑음,교차로 - 교차로안,승용,남,52세,경상,승용,여,53세,중상
2013122700100482,2013년 12월 27일 21시,금요일,전라북도 전주시 완산구 서서학동,경상사고,0,0,1,0,차대차 - 측면직각충돌,신호위반,건조,맑음,교차로 - 교차로안,승용,여,57세,상해없음,승용,여,38세,경상
2013122700100483,2013년 12월 27일 21시,금요일,전라북도 군산시 나운동,경상사고,0,0,1,0,차대사람 - 횡단중,보행자보호의무위반,건조,맑음,교차로 - 교차로안,승용,남,55세,상해없음,보행자,남,42세,경상
2013122700100484,2013년 12월 27일 21시,금요일,전라북도 군산시 조촌동,경상사고,0,0,1,0,차대사람 - 횡단중,안전운전불이행,건조,맑음,교차로 - 교차로안,승용,남,63세,상해없음,보행자,남,11세,경상
2013122700100515,2013년 12월 27일 22시,금요일,전라북도 전주시 완산구 중노송동,중상사고,0,1,0,0,차대차 - 정면충돌,신호위반,건조,맑음,교차로 - 교차로안,승용,남,31세,상해없음,승용,여,48세,중상
2013122700100516,2013년 12월 27일 22시,금요일,전라북도 남원시 도통동,경상사고,0,0,1,0,차대차 - 측면직각충돌,직진우회전진행방해,건조,맑음,교차로 - 교차로안,승용,남,55세,상해없음,화물,남,52세,상해없음
2013122800100050,2013년 12월 28일 01시,토요일,전라북도 전주시 완산구 삼천동1가,경상사고,0,0,1,0,차대차 - 측면직각충돌,교차로운행방법위반,건조,맑음,교차로 - 교차로안,승용,여,48세,상해없음,승용,남,47세,경상
2013122800100051,2013년 12월 28일 01시,토요일,전라북도 익산시 평화동,사망사고,1,1,3,0,차대차 - 기타,중앙선침범,건조,맑음,단일로 - 교량,승용,남,29세,상해없음,승용,남,46세,사망
2013122800100069,2013년 12월 28일 02시,토요일,전라북도 완주군 봉동읍,중상사고,0,1,0,0,차량단독 - 공작물충돌,안전운전불이행,건조,맑음,단일로 - 기타,승용,남,20세,중상,,,,
2013122800100090,2013년 12월 28일 03시,토요일,전라북도 전주시 덕진구 호성동1가,경상사고,0,0,1,0,차대사람 - 보도통행중,신호위반,건조,맑음,단일로 - 횡단보도상,승용,남,71세,상해없음,보행자,여,21세,경상
2013122800100107,2013년 12월 28일 04시,토요일,전라북도 전주시 완산구 중화산동2가,사망사고,1,0,0,0,차대사람 - 횡단중,안전운전불이행,건조,맑음,단일로 - 기타,승용,여,46세,상해없음,보행자,여,55세,사망
2013122800100108,2013년 12월 28일 04시,토요일,전라북도 익산시 오산면,경상사고,0,0,1,0,차대사람 - 기타,안전운전불이행,건조,맑음,기타 - 기타,기타불명,기타불명,기타불명,기타불명,보행자,남,71세,경상
2013122800100207,2013년 12월 28일 10시,토요일,전라북도 익산시 금마면,중상사고,0,3,0,0,차대차 - 측면직각충돌,직진우회전진행방해,건조,맑음,교차로 - 교차로안,승용,남,57세,기타불명,승용,여,46세,중상
2013122800100208,2013년 12월 28일 10시,토요일,전라북도 익산시 춘포면,경상사고,0,0,1,0,차대차 - 측면직각충돌,직진우회전진행방해,건조,맑음,교차로 - 교차로안,승용,남,57세,상해없음,승용,남,30세,경상
2013122800100209,2013년 12월 28일 10시,토요일,전라북도 완주군 상관면,사망사고,1,0,0,0,차량단독 - 공작물충돌,안전운전불이행,건조,맑음,단일로 - 기타,승용,남,72세,사망,,,,
2013122800100231,2013년 12월 28일 11시,토요일,전라북도 전주시 완산구 삼천동1가,경상사고,0,0,1,0,차대차 - 측면직각충돌,직진우회전진행방해,건조,맑음,교차로 - 교차로안,승용,남,22세,상해없음,승용,여,29세,경상
2013122800100264,2013년 12월 28일 12시,토요일,전라북도 전주시 덕진구 우아동1가,경상사고,0,0,3,0,차대차 - 추돌 - 주정차중,안전운전불이행,건조,맑음,단일로 - 기타,승합,남,45세,상해없음,승용,남,26세,경상
2013122800100297,2013년 12월 28일 13시,토요일,전라북도 전주시 덕진구 송천동1가,경상사고,0,0,4,0,차대차 - 측면직각충돌,안전운전불이행,건조,맑음,단일로 - 기타,승용,남,36세,상해없음,승용,여,35세,경상
2013122800100298,2013년 12월 28일 13시,토요일,전라북도 전주시 덕진구 인후동1가,경상사고,0,0,1,0,차대차 - 측면직각충돌,안전운전불이행,건조,맑음,교차로 - 교차로안,원동기,남,17세,경상,승용,남,53세,상해없음
2013122800100345,2013년 12월 28일 15시,토요일,전라북도 고창군 고수면,중상사고,0,2,0,0,차대차 - 정면충돌,중앙선침범,습기,눈,단일로 - 기타,승용,여,40세,상해없음,승용,남,63세,중상
2013122800100367,2013년 12월 28일 16시,토요일,전라북도 김제시 신풍동,중상사고,0,1,0,0,차대차 - 기타,안전운전불이행,건조,맑음,교차로 - 교차로안,승용,여,36세,상해없음,자전거,남,53세,중상
2013122800100400,2013년 12월 28일 17시,토요일,전라북도 전주시 완산구 서신동,경상사고,0,0,1,0,차대사람 - 횡단중,안전운전불이행,건조,맑음,단일로 - 기타,승용,남,28세,상해없음,보행자,남,14세,경상
2013122800100401,2013년 12월 28일 17시,토요일,전라북도 정읍시 산외면,중상사고,0,1,0,0,차대차 - 측면직각충돌,직진우회전진행방해,습기,흐림,교차로 - 교차로부근,화물,남,49세,상해없음,원동기,남,78세,중상
2013122800100437,2013년 12월 28일 18시,토요일,전라북도 전주시 덕진구 산정동,경상사고,0,0,2,0,차대차 - 측면직각충돌,직진우회전진행방해,건조,맑음,교차로 - 교차로안,승용,남,58세,상해없음,승용,남,35세,경상
2013122800100438,2013년 12월 28일 18시,토요일,전라북도 전주시 덕진구 우아동3가,중상사고,0,1,0,0,차대사람 - 횡단중,보행자보호의무위반,건조,맑음,교차로 - 교차로부근,화물,남,61세,상해없음,보행자,여,22세,중상
2013122800100473,2013년 12월 28일 19시,토요일,전라북도 익산시 남중동,경상사고,0,0,1,0,차대차 - 측면직각충돌,안전운전불이행,건조,맑음,단일로 - 횡단보도상,승용,남,45세,상해없음,이륜,남,45세,경상
2013122800100502,2013년 12월 28일 20시,토요일,전라북도 전주시 덕진구 진북동,경상사고,0,0,1,0,차량단독 - 기타,안전운전불이행,건조,맑음,단일로 - 기타,승용,남,50세,상해없음,,,,
2013122800100528,2013년 12월 28일 21시,토요일,전라북도 전주시 덕진구 덕진동1가,사망사고,1,7,0,0,차대차 - 정면충돌,중앙선침범,건조,맑음,단일로 - 기타,승용,남,35세,기타불명,승용,남,31세,중상
2013122800100529,2013년 12월 28일 21시,토요일,전라북도 전주시 덕진구 금암동,중상사고,0,1,0,0,차대사람 - 횡단중,보행자보호의무위반,건조,맑음,단일로 - 횡단보도상,승용,남,70세,상해없음,보행자,여,61세,중상
2013122900100033,2013년 12월 29일 01시,일요일,전라북도 군산시 나운동,경상사고,0,0,2,0,차대차 - 추돌 - 진행중,안전운전불이행,적설,눈,단일로 - 기타,승용,남,39세,상해없음,승용,남,60세,경상
2013122900100062,2013년 12월 29일 02시,일요일,전라북도 군산시 소룡동,중상사고,0,1,0,0,차대차 - 측면직각충돌,중앙선침범,적설,눈,단일로 - 기타,승용,남,42세,상해없음,승용,남,43세,중상
2013122900100074,2013년 12월 29일 03시,일요일,전라북도 전주시 완산구 중화산동1가,경상사고,0,0,1,0,차대차 - 추돌 - 주정차중,안전운전불이행,건조,맑음,교차로 - 교차로부근,승용,기타불명,기타불명,기타불명,승용,여,49세,경상
2013122900100075,2013년 12월 29일 03시,일요일,전라북도 전주시 덕진구 덕진동1가,경상사고,0,0,1,0,차대차 - 추돌 - 주정차중,안전운전불이행,건조,맑음,교차로 - 교차로부근,승용,남,35세,상해없음,화물,남,51세,경상
2013122900100102,2013년 12월 29일 05시,일요일,전라북도 전주시 덕진구 반월동,경상사고,0,0,2,0,차대차 - 추돌 - 진행중,안전운전불이행,적설,눈,단일로 - 교량,승용,남,24세,상해없음,화물,남,76세,경상
2013122900100221,2013년 12월 29일 14시,일요일,전라북도 전주시 완산구 삼천동1가,중상사고,0,1,6,0,차대차 - 기타,중앙선침범,건조,맑음,단일로 - 기타,승용,여,62세,상해없음,승합,남,40세,상해없음
2013122900100280,2013년 12월 29일 17시,일요일,전라북도 군산시 산북동,경상사고,0,0,1,0,차대차 - 측면직각충돌,안전운전불이행,건조,맑음,교차로 - 교차로안,건설기계,남,61세,상해없음,원동기,남,67세,경상
2013122900100281,2013년 12월 29일 17시,일요일,전라북도 부안군 백산면,중상사고,0,1,3,0,차량단독 - 공작물충돌,안전운전불이행,결빙,맑음,단일로 - 기타,승용,여,45세,경상,,,,
2013122900100282,2013년 12월 29일 17시,일요일,전라북도 완주군 삼례읍,경상사고,0,0,3,0,차대차 - 추돌 - 주정차중,안전운전불이행,건조,맑음,교차로 - 교차로부근,승용,남,57세,상해없음,화물,남,62세,경상
2013122900100319,2013년 12월 29일 18시,일요일,전라북도 전주시 덕진구 인후동2가,중상사고,0,1,0,0,차대사람 - 차도통행중,안전운전불이행,건조,맑음,단일로 - 기타,승합,남,65세,상해없음,보행자,여,76세,중상
2013122900100320,2013년 12월 29일 18시,일요일,전라북도 전주시 덕진구 용정동,중상사고,0,1,0,0,차대차 - 추돌 - 주정차중,안전운전불이행,건조,맑음,교차로 - 교차로부근,승용,여,49세,상해없음,승용,남,36세,중상
2013122900100321,2013년 12월 29일 18시,일요일,전라북도 김제시 금구면,중상사고,0,1,0,0,차대사람 - 차도통행중,안전운전불이행,건조,맑음,단일로 - 기타,승용,남,60세,상해없음,보행자,남,51세,중상
2013122900100322,2013년 12월 29일 18시,일요일,전라북도 고창군 해리면,사망사고,1,0,0,0,차대사람 - 기타,안전운전불이행,건조,맑음,단일로 - 기타,화물,남,49세,상해없음,보행자,남,59세,사망
2013122900100380,2013년 12월 29일 20시,일요일,전라북도 남원시 신촌동,중상사고,0,1,0,0,차대사람 - 횡단중,안전운전불이행,건조,맑음,단일로 - 기타,승용,남,51세,상해없음,보행자,남,39세,중상
2013122900100381,2013년 12월 29일 20시,일요일,전라북도 부안군 줄포면,사망사고,1,1,0,0,차량단독 - 도로외이탈 - 기타,안전운전불이행,습기,흐림,단일로 - 기타,건설기계,남,50세,중상,,,,
2013122900100409,2013년 12월 29일 21시,일요일,전라북도 군산시 사정동,경상사고,0,0,3,0,차대차 - 측면직각충돌,신호위반,건조,맑음,교차로 - 교차로안,승용,여,32세,상해없음,승용,남,43세,경상
2013122900100410,2013년 12월 29일 21시,일요일,전라북도 군산시 수송동,경상사고,0,0,1,0,차대차 - 측면직각충돌,안전운전불이행,건조,맑음,교차로 - 교차로안,화물,남,57세,상해없음,승용,여,52세,경상
2013122900100432,2013년 12월 29일 22시,일요일,전라북도 익산시 남중동,경상사고,0,0,1,0,차대사람 - 기타,안전운전불이행,건조,맑음,단일로 - 기타,승용,남,58세,상해없음,보행자,남,33세,경상
2013122900100442,2013년 12월 29일 23시,일요일,전라북도 전주시 덕진구 덕진동1가,경상사고,0,0,2,0,차대차 - 측면직각충돌,신호위반,건조,맑음,교차로 - 교차로안,승용,남,22세,경상,원동기,남,20세,경상
2013123000100008,2013년 12월 30일 00시,월요일,전라북도 전주시 완산구 중화산동2가,중상사고,0,1,0,0,차대사람 - 횡단중,안전운전불이행,건조,맑음,교차로 - 교차로부근,승용,여,50세,상해없음,보행자,여,45세,중상
2013123000100141,2013년 12월 30일 09시,월요일,전라북도 순창군 팔덕면,경상사고,0,0,1,0,차량단독 - 도로외이탈 - 기타,안전운전불이행,건조,흐림,단일로 - 기타,화물,남,32세,경상,,,,
2013123000100163,2013년 12월 30일 10시,월요일,전라북도 익산시 삼기면,경상사고,0,0,2,0,차대차 - 측면직각충돌,신호위반,건조,맑음,교차로 - 교차로안,승용,남,29세,상해없음,승용,남,55세,경상
2013123000100190,2013년 12월 30일 11시,월요일,전라북도 정읍시 수성동,중상사고,0,1,0,0,차대차 - 기타,안전운전불이행,건조,맑음,교차로 - 교차로부근,승용,남,32세,상해없음,자전거,남,45세,중상
2013123000100191,2013년 12월 30일 11시,월요일,전라북도 임실군 신덕면,경상사고,0,0,1,0,차대차 - 측면직각충돌,중앙선침범,건조,맑음,단일로 - 기타,화물,남,50세,상해없음,화물,남,58세,경상
2013123000100216,2013년 12월 30일 12시,월요일,전라북도 전주시 덕진구 산정동,경상사고,0,0,1,0,차대차 - 기타,안전운전불이행,건조,맑음,교차로 - 교차로안,승용,남,24세,상해없음,승용,여,41세,경상
2013123000100217,2013년 12월 30일 12시,월요일,전라북도 전주시 덕진구 진북동,경상사고,0,0,2,0,차대차 - 추돌 - 진행중,안전운전불이행,건조,흐림,단일로 - 기타,승합,남,60세,상해없음,승용,남,60세,경상
2013123000100218,2013년 12월 30일 12시,월요일,전라북도 군산시 수송동,경상사고,0,0,5,0,차대차 - 측면직각충돌,직진우회전진행방해,건조,맑음,교차로 - 교차로안,승용,남,36세,경상,승용,남,38세,경상
2013123000100245,2013년 12월 30일 13시,월요일,전라북도 익산시 어양동,경상사고,0,0,1,0,차대차 - 측면직각충돌,차로위반,건조,맑음,단일로 - 기타,승용,남,41세,상해없음,승용,남,79세,경상
2013123000100275,2013년 12월 30일 14시,월요일,전라북도 고창군 고창읍,중상사고,0,1,0,0,차대사람 - 차도통행중,안전운전불이행,건조,맑음,교차로 - 교차로안,화물,남,48세,상해없음,보행자,여,63세,중상
2013123000100300,2013년 12월 30일 15시,월요일,전라북도 완주군 삼례읍,중상사고,0,1,0,0,차대차 - 기타,안전운전불이행,건조,맑음,교차로 - 교차로안,화물,남,73세,상해없음,자전거,남,80세,중상
2013123000100301,2013년 12월 30일 15시,월요일,전라북도 완주군 용진면,중상사고,0,1,0,0,차대사람 - 횡단중,보행자보호의무위반,건조,맑음,교차로 - 교차로안,승용,남,57세,상해없음,보행자,여,71세,중상
2013123000100414,2013년 12월 30일 18시,월요일,전라북도 익산시 마동,중상사고,0,1,0,0,차대차 - 측면직각충돌,안전운전불이행,건조,맑음,단일로 - 기타,화물,남,75세,상해없음,이륜,남,39세,중상
2013123000100453,2013년 12월 30일 19시,월요일,전라북도 전주시 완산구 서신동,경상사고,0,0,1,0,차대사람 - 횡단중,신호위반,건조,맑음,교차로 - 교차로안,승용,남,67세,상해없음,보행자,남,32세,경상
2013123000100454,2013년 12월 30일 19시,월요일,전라북도 군산시 대명동,중상사고,0,1,1,0,차대사람 - 횡단중,보행자보호의무위반,건조,맑음,단일로 - 기타,승용,남,60세,상해없음,보행자,남,74세,중상
2013123000100455,2013년 12월 30일 19시,월요일,전라북도 군산시 옥서면,경상사고,0,0,1,0,차대차 - 추돌 - 진행중,안전거리미확보,건조,맑음,교차로 - 교차로안,화물,남,61세,상해없음,승용,남,67세,경상
2013123000100456,2013년 12월 30일 19시,월요일,전라북도 익산시 마동,부상신고사고,0,0,0,1,차대사람 - 횡단중,신호위반,건조,맑음,교차로 - 교차로안,이륜,기타불명,기타불명,기타불명,보행자,남,55세,부상신고
2013123000100499,2013년 12월 30일 20시,월요일,전라북도 군산시 나운동,경상사고,0,0,2,0,차대차 - 측면직각충돌,안전운전불이행,건조,맑음,교차로 - 교차로안,승용,남,51세,상해없음,승용,남,45세,상해없음
2013123000100500,2013년 12월 30일 20시,월요일,전라북도 남원시 금동,경상사고,0,0,1,0,차대사람 - 차도통행중,안전운전불이행,건조,맑음,단일로 - 기타,승용,남,50세,상해없음,보행자,남,42세,경상
2013123000100537,2013년 12월 30일 21시,월요일,전라북도 익산시 모현동2가,경상사고,0,0,2,0,차대차 - 측면직각충돌,안전운전불이행,건조,맑음,교차로 - 교차로안,승용,여,22세,상해없음,승용,남,44세,경상
2013123000100583,2013년 12월 30일 22시,월요일,전라북도 익산시 임상동,경상사고,0,0,1,0,차대차 - 추돌 - 진행중,안전운전불이행,건조,맑음,교차로 - 교차로부근,승용,남,56세,상해없음,화물,남,52세,경상
2013123000100621,2013년 12월 30일 23시,월요일,전라북도 정읍시 상동,중상사고,0,1,0,0,차대차 - 기타,중앙선침범,건조,맑음,단일로 - 기타,기타불명,기타불명,기타불명,기타불명,이륜,남,34세,중상
2013123100100045,2013년 12월 31일 01시,화요일,전라북도 전주시 완산구 중화산동2가,경상사고,0,0,6,0,차대차 - 기타,안전운전불이행,건조,맑음,교차로 - 교차로안,승용,남,32세,상해없음,승용,남,56세,경상
2013123100100104,2013년 12월 31일 05시,화요일,전라북도 순창군 순창읍,경상사고,0,0,1,0,차대사람 - 기타,안전운전불이행,습기,흐림,교차로 - 교차로부근,승용,여,40세,상해없음,보행자,남,33세,경상
2013123100100146,2013년 12월 31일 07시,화요일,전라북도 익산시 황등면,사망사고,1,0,0,0,차대차 - 측면직각충돌,안전운전불이행,건조,맑음,단일로 - 기타,기타불명,기타불명,기타불명,기타불명,자전거,남,85세,사망
2013123100100171,2013년 12월 31일 08시,화요일,전라북도 진안군 부귀면,중상사고,0,1,13,0,차대차 - 정면충돌,신호위반,건조,맑음,교차로 - 교차로안,승합,남,66세,경상,승용,남,49세,중상
2013123100100199,2013년 12월 31일 09시,화요일,전라북도 남원시 금지면,경상사고,0,0,2,0,차대차 - 측면직각충돌,직진우회전진행방해,건조,맑음,교차로 - 교차로안,화물,남,55세,상해없음,화물,남,68세,경상
2013123100100219,2013년 12월 31일 10시,화요일,전라북도 군산시 수송동,중상사고,0,1,0,0,차대사람 - 횡단중,중앙선침범,건조,맑음,단일로 - 기타,승용,여,40세,상해없음,보행자,여,72세,중상
2013123100100220,2013년 12월 31일 10시,화요일,전라북도 익산시 신동,중상사고,0,1,0,0,차대차 - 측면직각충돌,안전거리미확보,건조,맑음,단일로 - 기타,승용,남,23세,상해없음,화물,남,38세,중상
2013123100100242,2013년 12월 31일 11시,화요일,전라북도 전주시 덕진구 덕진동1가,경상사고,0,0,2,0,차대차 - 측면직각충돌,안전거리미확보,건조,맑음,단일로 - 기타,승용,남,50세,상해없음,승용,남,43세,경상
2013123100100288,2013년 12월 31일 13시,화요일,전라북도 전주시 완산구 서노송동,경상사고,0,0,1,0,차대사람 - 횡단중,신호위반,건조,맑음,단일로 - 횡단보도상,승용,남,57세,상해없음,보행자,여,71세,경상
2013123100100289,2013년 12월 31일 13시,화요일,전라북도 익산시 신동,경상사고,0,0,1,0,차대차 - 측면직각충돌,직진우회전진행방해,건조,맑음,교차로 - 교차로안,승용,남,26세,상해없음,승용,남,33세,경상
2013123100100315,2013년 12월 31일 14시,화요일,전라북도 전주시 완산구 효자동1가,경상사고,0,0,1,0,차대사람 - 횡단중,안전운전불이행,건조,맑음,단일로 - 기타,승용,여,46세,상해없음,보행자,여,40세,경상
2013123100100374,2013년 12월 31일 16시,화요일,전라북도 익산시 신흥동,경상사고,0,0,1,0,차대차 - 측면직각충돌,직진우회전진행방해,건조,맑음,교차로 - 교차로안,승용,여,54세,상해없음,승용,남,53세,경상
2013123100100402,2013년 12월 31일 17시,화요일,전라북도 군산시 중앙로1가,경상사고,0,0,1,0,차대사람 - 기타,안전운전불이행,건조,맑음,단일로 - 기타,이륜,남,17세,상해없음,보행자,남,21세,경상
2013123100100403,2013년 12월 31일 17시,화요일,전라북도 진안군 진안읍,경상사고,0,0,1,0,차대차 - 기타,중앙선침범,건조,맑음,단일로 - 기타,승용,남,65세,상해없음,승용,남,59세,경상
2013123100100452,2013년 12월 31일 18시,화요일,전라북도 전주시 완산구 삼천동1가,경상사고,0,0,1,0,차대사람 - 횡단중,신호위반,건조,맑음,교차로 - 교차로안,승용,남,55세,상해없음,보행자,여,7세,경상
2013123100100510,2013년 12월 31일 19시,화요일,전라북도 전주시 덕진구 송천동1가,경상사고,0,0,1,0,차대차 - 측면직각충돌,신호위반,건조,맑음,교차로 - 교차로안,승용,여,46세,상해없음,이륜,남,16세,경상
2013123100100511,2013년 12월 31일 19시,화요일,전라북도 군산시 나운동,경상사고,0,0,1,0,차대차 - 추돌 - 진행중,안전거리미확보,건조,맑음,단일로 - 기타,승용,남,63세,상해없음,승용,남,43세,경상
2013123100100512,2013년 12월 31일 19시,화요일,전라북도 임실군 강진면,중상사고,0,1,0,0,차량단독 - 공작물충돌,안전운전불이행,건조,맑음,단일로 - 기타,승용,남,27세,중상,,,,
2013123100100561,2013년 12월 31일 20시,화요일,전라북도 군산시 나운동,경상사고,0,0,1,0,차대차 - 측면직각충돌,안전운전불이행,건조,맑음,단일로 - 기타,승용,남,66세,상해없음,원동기,남,18세,경상
2013123100100562,2013년 12월 31일 20시,화요일,전라북도 익산시 모현동1가,중상사고,0,1,0,0,차대차 - 정면충돌,신호위반,건조,맑음,교차로 - 교차로안,승용,남,19세,상해없음,원동기,남,31세,중상
2013123100100629,2013년 12월 31일 22시,화요일,전라북도 남원시 도통동,경상사고,0,0,2,0,차대사람 - 횡단중,보행자보호의무위반,건조,맑음,단일로 - 횡단보도상,승용,남,44세,상해없음,보행자,여,28세,경상
2013123100100660,2013년 12월 31일 23시,화요일,전라북도 전주시 완산구 삼천동1가,경상사고,0,0,1,0,차대차 - 기타,안전운전불이행,건조,맑음,교차로 - 교차로안,이륜,남,16세,경상,승용,남,54세,상해없음
2013123100100661,2013년 12월 31일 23시,화요일,전라북도 군산시 나운동,경상사고,0,0,2,0,차대차 - 추돌 - 주정차중,안전운전불이행,건조,맑음,교차로 - 교차로부근,승용,남,41세,상해없음,승용,남,46세,상해없음